weight,alogp,tpsa,hbd
500.1617222359999,2.8588000000000005,114.4,2
