weight,alogp,tpsa,hbd
988.487909452,-1.2582999999999807,352.51,13
