weight,alogp,tpsa,hbd
434.2304534279999,1.2810999999999995,124.29000000000002,4
