weight,alogp,tpsa,hbd
177.033388148,-1.2879999999999994,92.41999999999999,3
