weight,alogp,tpsa,hbd
142.037842052,-1.0122,78.75999999999999,2
