weight,alogp,tpsa,hbd
175.063328528,1.7949999999999995,53.09,2
