weight,alogp,tpsa,hbd
410.03547616799995,-0.04819999999999919,162.92,4
