weight,alogp,tpsa,hbd
173.056231768,-1.036,109.48999999999998,3
