weight,alogp,tpsa,hbd
222.06807956,2.849400000000001,34.14,0
