weight,alogp,tpsa,hbd
1183.44425423,4.097800000000005,404.0899999999999,11
