weight,alogp,tpsa,hbd
229.085126592,0.9183999999999997,73.99,3
