weight,alogp,tpsa,hbd
368.25627425199997,3.4330000000000025,97.99,4
