weight,alogp,tpsa,hbd
926.4306221039999,4.100800000000004,289.33,9
