weight,alogp,tpsa,hbd
191.88679787982002,-1.3599999999999999,114.4,0
