weight,alogp,tpsa,hbd
299.152143532,1.9332999999999998,38.769999999999996,0
