weight,alogp,tpsa,hbd
126.104465068,2.3218000000000005,17.07,0
