weight,alogp,tpsa,hbd
114.104465068,2.1557000000000004,17.07,0
