weight,alogp,tpsa,hbd
849.157073774,-0.36909999999999665,363.62999999999994,9
