weight,alogp,tpsa,hbd
750.5950963560001,16.41109999999996,57.53,2
