weight,alogp,tpsa,hbd
132.057514876,1.8155000000000001,17.07,0
