weight,alogp,tpsa,hbd
201.098765276,-1.038229999999999,128.29999999999998,5
