weight,alogp,tpsa,hbd
204.05081204,-2.7465999999999995,116.09,4
