weight,alogp,tpsa,hbd
197.032422324,0.4920199999999999,107.72,3
