weight,alogp,tpsa,hbd
164.068473484,-2.8054000000000006,101.15,5
