weight,alogp,tpsa,hbd
103.063328528,-0.19169999999999998,63.31999999999999,2
