weight,alogp,tpsa,hbd
636.0962639279999,-0.2769000000000004,310.65999999999997,11
