weight,alogp,tpsa,hbd
351.05635091999994,-3.569599999999998,192.44,6
