weight,alogp,tpsa,hbd
179.058243148,0.5009999999999999,66.4,2
