weight,alogp,tpsa,hbd
371.1732729,2.3007999999999997,68.23000000000002,1
