weight,alogp,tpsa,hbd
192.042258736,1.0590999999999995,74.6,2
