weight,alogp,tpsa,hbd
220.15756326,2.3216200000000002,41.13,2
