weight,alogp,tpsa,hbd
486.313897696,-3.842290000000008,307.22,13
