weight,alogp,tpsa,hbd
773.1792959420001,-2.716199999999991,374.53,11
