weight,alogp,tpsa,hbd
603.0281135019999,-3.633699999999997,286.88999999999993,8
