weight,alogp,tpsa,hbd
444.26407566200004,5.618900000000006,96.22,3
