weight,alogp,tpsa,hbd
458.2668389359999,3.5447000000000024,100.9,2
