weight,alogp,tpsa,hbd
405.185942196,6.562600000000007,12.47,0
