weight,alogp,tpsa,hbd
1306.6027782919996,-7.161200000000036,540.5800000000002,20
