weight,alogp,tpsa,hbd
284.214015516,5.716900000000005,17.07,0
