weight,alogp,tpsa,hbd
579.895040714,-3.2496000000000005,354.03,11
