weight,alogp,tpsa,hbd
127.063328528,-0.02560000000000001,63.32,2
