weight,alogp,tpsa,hbd
839.1363383299998,-1.9528999999999936,383.86,10
