weight,alogp,tpsa,hbd
196.05830272400001,-3.493099999999999,138.45000000000002,6
