weight,alogp,tpsa,hbd
340.17869262799996,2.288099999999999,65.82000000000001,2
