weight,alogp,tpsa,hbd
69.057849224,1.16598,23.79,0
