weight,alogp,tpsa,hbd
465.34518575008997,4.771700000000004,102.01000000000002,3
