weight,alogp,tpsa,hbd
272.08960285200004,-1.4291000000000007,119.61000000000001,5
