weight,alogp,tpsa,hbd
109.0289544,1.5359999999999996,40.129999999999995,1
