weight,alogp,tpsa,hbd
416.2535888839999,1.3838999999999997,85.49000000000001,0
