weight,alogp,tpsa,hbd
692.3407917240002,0.8380000000000019,208.73999999999998,7
