weight,alogp,tpsa,hbd
437.2348276,2.533900000000002,121.51999999999998,4
