weight,alogp,tpsa,hbd
179.055563072,-2.7328,99.38000000000001,4
