weight,alogp,tpsa,hbd
199.043377368,-3.329699999999998,63.32,2
