weight,alogp,tpsa,hbd
329.09330832800003,-0.4501000000000006,122.74000000000001,5
