weight,alogp,tpsa,hbd
144.042258736,0.009299999999999808,71.44,1
