weight,alogp,tpsa,hbd
448.3188745079999,3.7354000000000043,79.15,3
