weight,alogp,tpsa,hbd
214.02423932200003,-1.4361000000000004,116.45,4
