weight,alogp,tpsa,hbd
594.15847026,-2.0841000000000007,260.2,10
