weight,alogp,tpsa,hbd
131.14224754399999,-0.7263999999999982,64.07,3
