weight,alogp,tpsa,hbd
351.11654587199996,-3.300999999999995,182.84999999999997,6
