weight,alogp,tpsa,hbd
400.3341306479999,6.733900000000009,40.46,2
