weight,alogp,tpsa,hbd
148.037173356,-0.7033000000000003,94.83000000000001,3
