weight,alogp,tpsa,hbd
338.245709568,2.0858000000000008,80.92,4
