weight,alogp,tpsa,hbd
287.224914548,3.9404000000000035,23.47,1
