weight,alogp,tpsa,hbd
202.084123548,0.31779999999999964,69.67,0
