weight,alogp,tpsa,hbd
564.2934476079998,1.4040999999999995,151.98000000000002,4
