weight,alogp,tpsa,hbd
424.179870836,0.38949999999999996,102.26,4
