weight,alogp,tpsa,hbd
585.2857364359999,-8.424200000000017,331.94,13
