weight,alogp,tpsa,hbd
233.093104432,2.2509000000000006,61.77,1
