weight,alogp,tpsa,hbd
165.042593084,0.7660199999999999,59.42000000000001,1
