weight,alogp,tpsa,hbd
287.167399672,4.697900000000005,3.24,0
