weight,alogp,tpsa,hbd
108.021129368,0.25059999999999993,34.14,0
