weight,alogp,tpsa,hbd
160.048406736,-0.88903,110.47999999999999,4
