weight,alogp,tpsa,hbd
214.06299418,0.9280999999999997,57.53,2
