weight,alogp,tpsa,hbd
221.988132052,-0.8560999999999999,115.03999999999999,2
