weight,alogp,tpsa,hbd
249.93551244,3.570800000000001,37.3,1
