weight,alogp,tpsa,hbd
168.115029752,1.9450999999999998,26.3,0
