weight,alogp,tpsa,hbd
306.03756727999996,1.4264000000000001,144.52,5
