weight,alogp,tpsa,hbd
562.2414120359998,0.10280000000000167,164.51,4
