weight,alogp,tpsa,hbd
1888.7936112999982,-12.813599999999994,831.6800000000004,30
