weight,alogp,tpsa,hbd
291.1986998,4.877300000000004,3.24,0
