weight,alogp,tpsa,hbd
930.5188156560002,-0.2070999999999888,294.97999999999996,11
