weight,alogp,tpsa,hbd
219.096753896,-1.5158299999999985,154.36999999999998,5
