weight,alogp,tpsa,hbd
472.1818804879999,-0.28042999999999857,226.61999999999998,8
