weight,alogp,tpsa,hbd
358.0834719159999,-0.37959999999999905,153.36,4
