weight,alogp,tpsa,hbd
114.042927432,-0.7841000000000002,58.2,2
