weight,alogp,tpsa,hbd
154.07825032,3.353600000000002,0.0,0
