weight,alogp,tpsa,hbd
153.078978592,0.38430000000000014,66.48,3
