weight,alogp,tpsa,hbd
178.04773804,-3.1689999999999987,115.06000000000002,4
