weight,alogp,tpsa,hbd
164.068473484,-2.3496,97.99000000000001,4
