weight,alogp,tpsa,hbd
33.021463716,-0.6657000000000002,46.25,2
