weight,alogp,tpsa,hbd
190.026608672,1.033,74.60000000000001,2
