weight,alogp,tpsa,hbd
368.1042073599999,0.8501000000000001,108.33000000000001,4
