weight,alogp,tpsa,hbd
328.1543346040899,2.3452,61.93000000000001,2
