weight,alogp,tpsa,hbd
302.18819469199997,3.6178000000000035,49.69,2
