weight,alogp,tpsa,hbd
218.105527688,0.5378999999999994,58.2,2
