weight,alogp,tpsa,hbd
199.048072388,-1.0956,87.07000000000001,2
