weight,alogp,tpsa,hbd
205.131408088,-1.1356000000000002,89.78999999999999,4
