weight,alogp,tpsa,hbd
568.2818373679999,3.660700000000001,187.25,6
