weight,alogp,tpsa,hbd
189.06922507609,-0.5375999999999999,58.199999999999996,2
