weight,alogp,tpsa,hbd
1104.5352535680001,-2.538199999999982,391.20000000000005,14
