weight,alogp,tpsa,hbd
451.0892991659999,0.0016999999999998128,192.13999999999996,4
