weight,alogp,tpsa,hbd
339.99604914799994,-2.9873999999999996,203.43999999999997,7
