weight,alogp,tpsa,hbd
27.99491462,0.20500000000000002,17.07,0
