weight,alogp,tpsa,hbd
564.396730904,10.96379999999999,34.14,0
