weight,alogp,tpsa,hbd
478.22028266799987,0.7340000000000002,139.59,3
