weight,alogp,tpsa,hbd
1228.5724269240002,-6.504500000000003,454.67000000000013,17
