weight,alogp,tpsa,hbd
936.3673928120902,4.895000000000007,313.0,7
