weight,alogp,tpsa,hbd
235.136099544,3.342100000000002,3.24,0
