weight,alogp,tpsa,hbd
532.428031032,11.541999999999987,29.46,1
