weight,alogp,tpsa,hbd
276.9878301920003,-0.7621000000000001,142.75,4
