weight,alogp,tpsa,hbd
293.99056984399994,-1.3191000000000002,162.98000000000002,5
