weight,alogp,tpsa,hbd
164.120115132,3.022100000000002,17.07,0
