weight,alogp,tpsa,hbd
309.08485182000004,-1.7084999999999997,128.81,4
