weight,alogp,tpsa,hbd
155.991486116,0.23720000000000013,54.37,1
