weight,alogp,tpsa,hbd
291.03303017799993,3.2711000000000015,70.83,0
