weight,alogp,tpsa,hbd
258.089208928,2.618100000000001,56.51,0
