weight,alogp,tpsa,hbd
366.26711370799995,4.830200000000005,15.71,0
