weight,alogp,tpsa,hbd
47.000728272,0.14200000000000002,49.660000000000004,1
