weight,alogp,tpsa,hbd
315.938010976,6.187900000000002,0.0,0
