weight,alogp,tpsa,hbd
33.987721064,0.11280000000000001,0.0,0
