weight,alogp,tpsa,hbd
188.05589742,-0.6118000000000001,103.70000000000002,3
