weight,alogp,tpsa,hbd
134.032756672,-1.9422999999999997,112.65,4
