weight,alogp,tpsa,hbd
146.014998432,-0.8757999999999999,58.199999999999996,3
