weight,alogp,tpsa,hbd
708.216653832,0.9250199999999997,261.63999999999993,9
