weight,alogp,tpsa,hbd
30.034374127999996,-0.3299000000000001,12.03,1
