weight,alogp,tpsa,hbd
242.108898816,1.3498999999999994,58.2,2
