weight,alogp,tpsa,hbd
549.1094850659998,-5.162299999999992,294.45,9
