weight,alogp,tpsa,hbd
313.167793596,1.8912,41.93000000000001,1
