weight,alogp,tpsa,hbd
204.099773612,0.1095999999999997,72.83000000000001,1
