weight,alogp,tpsa,hbd
43.005813652,-0.16002,44.019999999999996,1
