weight,alogp,tpsa,hbd
1141.3973040379997,3.0716000000000054,404.09000000000003,11
