weight,alogp,tpsa,hbd
334.033350928,3.3229000000000024,52.6,0
