weight,alogp,tpsa,hbd
624.1302800859999,-5.137999999999989,307.11999999999995,9
