weight,alogp,tpsa,hbd
460.0760307839999,-2.0852999999999984,224.91999999999996,6
