weight,alogp,tpsa,hbd
132.053492116,-1.854099999999999,92.41999999999999,3
