weight,alogp,tpsa,hbd
148.037173356,-1.6051000000000002,68.15,2
