weight,alogp,tpsa,hbd
97.97689520600001,-0.9286000000000001,77.75999999999999,3
