weight,alogp,tpsa,hbd
810.4401714120002,1.9467000000000025,253.12999999999997,9
