weight,alogp,tpsa,hbd
491.98484642999983,-0.8887000000000005,252.84999999999994,6
