weight,alogp,tpsa,hbd
538.453851856,13.161999999999974,0.0,0
