weight,alogp,tpsa,hbd
143.99780708,1.7511999999999996,40.46,2
