weight,alogp,tpsa,hbd
228.122240372,-1.0648299999999982,119.50999999999999,4
