weight,alogp,tpsa,hbd
146.021523292,-1.4084000000000003,91.66999999999999,2
