weight,alogp,tpsa,hbd
159.9927217,1.4567999999999997,60.69,3
