weight,alogp,tpsa,hbd
205.037507704,1.344199999999999,90.65,3
