weight,alogp,tpsa,hbd
167.040484908,1.9465999999999999,32.59,2
