weight,alogp,tpsa,hbd
440.177917352,4.627600000000004,40.51,1
