weight,alogp,tpsa,hbd
447.2692985240001,-3.851499999999994,213.72000000000003,8
