weight,alogp,tpsa,hbd
254.07800620999998,-1.6148299999999995,168.76,7
