weight,alogp,tpsa,hbd
388.00728252799985,-1.5887000000000007,197.60999999999999,5
