weight,alogp,tpsa,hbd
453.04128982,-0.5447999999999995,184.50999999999996,4
