weight,alogp,tpsa,hbd
361.03287017199995,4.3980000000000015,68.65,1
