weight,alogp,tpsa,hbd
212.1412445,2.1894000000000005,46.53,1
