weight,alogp,tpsa,hbd
153.042593084,0.79382,70.42,2
