weight,alogp,tpsa,hbd
219.04089243,-0.023480000000000112,118.55999999999999,3
