weight,alogp,tpsa,hbd
365.104541708,0.023700000000000665,132.96,4
