weight,alogp,tpsa,hbd
546.1068286119998,-7.296099999999992,319.89,11
