weight,alogp,tpsa,hbd
373.13794644800004,4.580200000000005,9.72,0
