weight,alogp,tpsa,hbd
344.10802622400007,5.376700000000005,17.82,0
