weight,alogp,tpsa,hbd
184.037173356,0.21579999999999988,97.99000000000001,4
