weight,alogp,tpsa,hbd
464.45933116000003,10.697099999999992,34.14,0
