weight,alogp,tpsa,hbd
410.24334021799996,4.481100000000004,113.29,3
