weight,alogp,tpsa,hbd
374.1212969039999,-1.8648999999999987,162.98,5
