weight,alogp,tpsa,hbd
160.09681972809,-0.26360000000000033,54.37,1
