weight,alogp,tpsa,hbd
722.4241274240001,2.3899000000000026,176.75999999999996,6
