weight,alogp,tpsa,hbd
846.1335986779999,-0.7160999999999964,363.62999999999994,9
