weight,alogp,tpsa,hbd
432.1056468399999,0.09169999999999945,181.04999999999998,7
