weight,alogp,tpsa,hbd
249.995220236,4.224400000000002,17.07,0
