weight,alogp,tpsa,hbd
1582.6453477539997,-1.4284000000000099,601.8800000000002,18
