weight,alogp,tpsa,hbd
143.99780708,1.7511999999999994,40.46,2
