weight,alogp,tpsa,hbd
246.005825984,1.1788999999999996,113.28999999999999,3
