weight,alogp,tpsa,hbd
136.019415116,-0.7708000000000002,57.53,2
