weight,alogp,tpsa,hbd
129.042593084,-0.7234,69.89000000000001,2
