weight,alogp,tpsa,hbd
330.11033829599995,0.33839999999999937,89.9,1
