weight,alogp,tpsa,hbd
376.0879853959999,-2.6496999999999957,151.24,3
