weight,alogp,tpsa,hbd
386.1212969039999,-1.0197,155.14000000000001,5
