weight,alogp,tpsa,hbd
518.2562270079999,8.08490000000001,113.28999999999999,3
