weight,alogp,tpsa,hbd
272.068473484,1.8115000000000006,79.15,3
