weight,alogp,tpsa,hbd
764.434692108,3.2473000000000023,182.83,5
