weight,alogp,tpsa,hbd
798.4765569200001,0.7313000000000046,239.21999999999994,10
