weight,alogp,tpsa,hbd
383.904517928,5.906700000000002,40.46,2
