weight,alogp,tpsa,hbd
394.07773143799994,-1.3838999999999992,177.38,4
