weight,alogp,tpsa,hbd
58.041864812,0.5952999999999999,17.07,0
