weight,alogp,tpsa,hbd
350.1630425639999,2.313100000000001,62.129999999999995,1
