weight,alogp,tpsa,hbd
180.064725496,-0.8398000000000005,86.88000000000001,3
