weight,alogp,tpsa,hbd
368.21988874399995,2.6541000000000006,111.9,3
