weight,alogp,tpsa,hbd
352.071365944,2.8103000000000007,71.06,0
