weight,alogp,tpsa,hbd
245.880890024,3.7114000000000003,40.46,2
