weight,alogp,tpsa,hbd
327.11383987600004,3.7714000000000034,28.07,0
