weight,alogp,tpsa,hbd
197.035793452,-1.0630999999999993,103.70000000000002,3
