weight,alogp,tpsa,hbd
550.2777975439999,0.5582000000000009,158.44,5
