weight,alogp,tpsa,hbd
285.129968608,4.026800000000003,18.509999999999998,1
