weight,alogp,tpsa,hbd
459.06827535199983,-3.868499999999994,227.60999999999996,6
