weight,alogp,tpsa,hbd
901.5034999400002,1.1794000000000093,249.66999999999996,6
