weight,alogp,tpsa,hbd
165.1153641,1.4962999999999997,23.47,1
