weight,alogp,tpsa,hbd
198.01643791200001,0.49420000000000003,115.06,4
