weight,alogp,tpsa,hbd
456.36034539599996,7.089500000000009,57.53,2
