weight,alogp,tpsa,hbd
181.073893212,0.1318999999999999,83.55000000000001,3
