weight,alogp,tpsa,hbd
399.106649884,0.4289999999999995,159.76,5
