weight,alogp,tpsa,hbd
480.30870374799986,1.7114999999999996,138.45000000000002,6
