weight,alogp,tpsa,hbd
638.475769072,6.828700000000009,125.68,4
