weight,alogp,tpsa,hbd
322.01232684400003,0.9089999999999998,112.69999999999999,3
