weight,alogp,tpsa,hbd
459.1866315199999,-0.25769999999999893,202.76999999999998,7
