weight,alogp,tpsa,hbd
213.01641429,-1.9083000000000003,116.45000000000002,4
