weight,alogp,tpsa,hbd
239.101839276,-1.4920000000000004,133.13,5
