weight,alogp,tpsa,hbd
205.15466895209,-0.7543999999999988,83.55000000000001,3
