weight,alogp,tpsa,hbd
259.045703038,-3.137999999999999,162.7,6
