weight,alogp,tpsa,hbd
128.120115132,2.5458000000000007,17.07,0
