weight,alogp,tpsa,hbd
136.052429496,0.8615999999999999,37.3,1
