weight,alogp,tpsa,hbd
359.03447312399993,-1.7714999999999979,166.10999999999999,5
