weight,alogp,tpsa,hbd
288.06338810399996,1.4807000000000015,107.22,4
