weight,alogp,tpsa,hbd
189.042593084,1.6385999999999998,70.42000000000002,2
