weight,alogp,tpsa,hbd
60.032362748,-0.9762000000000002,69.11,2
