weight,alogp,tpsa,hbd
396.1549191380001,0.6125999999999998,145.91,5
