weight,alogp,tpsa,hbd
144.101111004,-1.2650299999999997,104.98999999999998,4
