weight,alogp,tpsa,hbd
146.021523292,-0.6391999999999998,91.66999999999999,2
