weight,alogp,tpsa,hbd
166.026608672,0.6595,74.60000000000001,2
