weight,alogp,tpsa,hbd
338.1386845400899,2.9441000000000015,36.92,0
