weight,alogp,tpsa,hbd
174.031694052,1.3274,54.370000000000005,1
