weight,alogp,tpsa,hbd
278.2245802,5.660500000000005,37.3,1
