weight,alogp,tpsa,hbd
360.13213635999995,2.5657000000000005,107.77000000000001,1
