weight,alogp,tpsa,hbd
168.993056048,2.1868000000000003,46.260000000000005,1
