weight,alogp,tpsa,hbd
337.204179104,4.236000000000003,40.540000000000006,1
