weight,alogp,tpsa,hbd
285.16885621600005,-0.44839999999999813,112.73,3
