weight,alogp,tpsa,hbd
305.04128635399996,-1.4003999999999999,146.13,3
