weight,alogp,tpsa,hbd
554.9306800999998,-2.432799999999999,275.96999999999997,6
