weight,alogp,tpsa,hbd
868.482036224,1.594300000000006,254.51999999999995,9
