weight,alogp,tpsa,hbd
290.04028331,-3.899299999999999,184.98,7
