weight,alogp,tpsa,hbd
487.16629529199986,-6.0567999999999875,237.44999999999993,9
