weight,alogp,tpsa,hbd
178.04773804,-2.255699999999999,115.06,4
