weight,alogp,tpsa,hbd
166.04773804,-2.8539999999999988,118.22,5
