weight,alogp,tpsa,hbd
258.0640568,0.08779999999999966,83.55000000000001,1
