weight,alogp,tpsa,hbd
131.094628656,0.44439999999999985,63.32,2
