weight,alogp,tpsa,hbd
196.097855464,-2.8195999999999968,52.32,1
