weight,alogp,tpsa,hbd
316.17062648,4.296800000000004,6.48,0
