weight,alogp,tpsa,hbd
673.3462114519999,1.3560000000000005,178.60999999999999,6
