weight,alogp,tpsa,hbd
436.3552600159999,4.382600000000008,80.92,4
