weight,alogp,tpsa,hbd
158.021523292,0.15369999999999984,94.83000000000001,3
