weight,alogp,tpsa,hbd
257.10227541009,-0.3320000000000003,85.22,2
