weight,alogp,tpsa,hbd
200.079706864,-1.254399999999999,92.86,2
