weight,alogp,tpsa,hbd
496.30361836799983,0.9688999999999994,158.68,7
