weight,alogp,tpsa,hbd
439.0606878719999,-1.0962999999999996,175.33999999999997,5
