weight,alogp,tpsa,hbd
188.15247788,-1.0598999999999974,66.15,1
