weight,alogp,tpsa,hbd
767.0853483139999,-5.497599999999991,370.3,9
