weight,alogp,tpsa,hbd
560.3349184959998,3.292700000000004,141.36,4
