weight,alogp,tpsa,hbd
132.965605716,0.13429999999999992,29.1,1
