weight,alogp,tpsa,hbd
230.167065324,4.627400000000005,20.23,1
