weight,alogp,tpsa,hbd
232.937122316,-1.0789000000000002,114.99000000000001,3
