weight,alogp,tpsa,hbd
217.07726434,0.6279000000000001,57.61000000000001,2
