weight,alogp,tpsa,hbd
583.2813197520002,-7.948360000000012,334.59000000000003,15
