weight,alogp,tpsa,hbd
594.1584702600001,-1.350900000000001,260.19999999999993,10
