weight,alogp,tpsa,hbd
230.01915394200003,-2.6227000000000005,144.52,5
