weight,alogp,tpsa,hbd
565.168612106,-0.826599999999998,230.27999999999997,7
