weight,alogp,tpsa,hbd
338.074223328,-2.4497599999999964,75.91,2
