weight,alogp,tpsa,hbd
630.100303752,-2.879099999999995,292.74999999999994,8
