weight,alogp,tpsa,hbd
286.032792626,-1.4213000000000002,165.60999999999999,4
