weight,alogp,tpsa,hbd
196.052429496,2.6036000000000015,37.3,1
