weight,alogp,tpsa,hbd
188.014329736,0.42560000000000003,74.6,2
