weight,alogp,tpsa,hbd
853.1680932239998,-5.363799999999992,423.0899999999999,10
