weight,alogp,tpsa,hbd
572.4542112401799,6.110500000000007,52.6,0
