weight,alogp,tpsa,hbd
283.19361442,3.6366000000000023,23.47,1
