weight,alogp,tpsa,hbd
358.15624293199994,1.4326000000000003,129.72,4
