weight,alogp,tpsa,hbd
180.063388104,-3.2197999999999998,110.38000000000001,5
