weight,alogp,tpsa,hbd
578.0550205679998,-3.3637799999999975,293.83,8
