weight,alogp,tpsa,hbd
371.0617470259999,-0.8882999999999996,180.91000000000003,3
