weight,alogp,tpsa,hbd
2204.971277261998,-13.30989999999999,921.7200000000006,32
