weight,alogp,tpsa,hbd
192.042258736,0.8653999999999997,66.76,2
