weight,alogp,tpsa,hbd
200.00858925800003,-1.9836000000000007,124.29,4
