weight,alogp,tpsa,hbd
272.068473484,2.5099000000000005,86.99000000000001,3
