weight,alogp,tpsa,hbd
440.15968850000013,4.028600000000003,118.80999999999999,2
