weight,alogp,tpsa,hbd
173.103850656,-1.4155299999999986,114.21999999999998,4
