weight,alogp,tpsa,hbd
124.052429496,1.4062199999999998,40.46,2
