weight,alogp,tpsa,hbd
172.013674638,-1.5511000000000004,107.22,4
