weight,alogp,tpsa,hbd
512.0548685440001,-4.375599999999996,159.44,1
