weight,alogp,tpsa,hbd
435.065569356,2.5487200000000003,112.74000000000001,2
