weight,alogp,tpsa,hbd
352.2249741239999,3.251100000000001,94.83000000000001,3
