weight,alogp,tpsa,hbd
202.095356928,-1.6183999999999994,103.86000000000001,3
