weight,alogp,tpsa,hbd
188.131348512,2.2720000000000002,19.03,1
