weight,alogp,tpsa,hbd
162.05282342,-1.9856000000000005,86.99000000000001,3
