weight,alogp,tpsa,hbd
407.26717328399997,2.0846999999999998,95.86000000000001,3
