weight,alogp,tpsa,hbd
165.1153641,1.3278999999999999,32.26,2
