weight,alogp,tpsa,hbd
244.034804006,-2.0768000000000004,136.68,5
