weight,alogp,tpsa,hbd
160.084792244,-1.0770999999999993,92.41999999999999,3
