weight,alogp,tpsa,hbd
167.094628656,0.9019999999999997,55.480000000000004,2
