weight,alogp,tpsa,hbd
127.02694302,0.1983999999999998,73.58000000000001,3
