weight,alogp,tpsa,hbd
352.14567824799997,1.2591999999999999,95.5,4
