weight,alogp,tpsa,hbd
178.04773804,-3.0131999999999994,107.22,4
