weight,alogp,tpsa,hbd
278.13789043599996,0.19299999999999873,78.89,0
