weight,alogp,tpsa,hbd
464.07434671199985,2.0384200000000012,192.82,7
