weight,alogp,tpsa,hbd
236.090940244,-0.21050000000000024,93.03,2
