weight,alogp,tpsa,hbd
251.115758024,1.0024999999999995,75.63,2
