weight,alogp,tpsa,hbd
176.094963004,1.3746999999999996,62.03999999999999,3
