weight,alogp,tpsa,hbd
434.23045342799986,3.3462000000000023,91.43,0
