weight,alogp,tpsa,hbd
652.3501400961799,7.45160000000001,55.38000000000001,0
