weight,alogp,tpsa,hbd
320.271530392,4.387000000000005,40.46,2
