weight,alogp,tpsa,hbd
128.047344116,0.1520999999999999,57.53,2
