weight,alogp,tpsa,hbd
469.12202517599985,-3.463199999999999,207.63,8
