weight,alogp,tpsa,hbd
206.130679816,3.0732000000000017,37.3,1
