weight,alogp,tpsa,hbd
268.073558864,3.174200000000002,59.67,1
