weight,alogp,tpsa,hbd
293.199093724,2.9666000000000015,30.930000000000003,0
