weight,alogp,tpsa,hbd
332.22202024009,2.8541000000000007,46.53,1
