weight,alogp,tpsa,hbd
824.455821476,2.0351000000000052,242.12999999999997,8
