weight,alogp,tpsa,hbd
368.267507632,4.218900000000002,84.5,2
