weight,alogp,tpsa,hbd
270.089208928,3.0105000000000013,47.92,1
