weight,alogp,tpsa,hbd
341.162708216,1.5253999999999999,70.0,2
