weight,alogp,tpsa,hbd
304.240230264,4.633700000000005,32.76,1
