weight,alogp,tpsa,hbd
167.094628656,0.7727999999999999,66.48,3
