weight,alogp,tpsa,hbd
437.17486811199996,4.308100000000004,29.950000000000003,1
