weight,alogp,tpsa,hbd
227.042987008,-0.7075999999999991,130.83,3
