weight,alogp,tpsa,hbd
226.04773804,-0.08840000000000031,104.06,3
