weight,alogp,tpsa,hbd
288.22016351599996,3.8965400000000026,32.34,1
