weight,alogp,tpsa,hbd
407.2671732839999,0.8771000000000004,82.39000000000001,3
