weight,alogp,tpsa,hbd
115.00313357600001,-0.8938999999999999,71.44,1
