weight,alogp,tpsa,hbd
272.214015516,4.764300000000005,17.07,0
