weight,alogp,tpsa,hbd
426.1364647359999,3.411500000000002,74.6,2
