weight,alogp,tpsa,hbd
324.11437811999997,2.2098000000000004,92.34,2
