weight,alogp,tpsa,hbd
352.1344448679999,3.0852000000000017,83.82999999999998,2
