weight,alogp,tpsa,hbd
470.2668389359999,3.4954000000000027,96.36000000000001,2
