weight,alogp,tpsa,hbd
163.919862376,0.6672999999999998,40.46,2
