weight,alogp,tpsa,hbd
250.05244656,0.8595999999999999,97.97,2
