weight,alogp,tpsa,hbd
202.142975816,-0.8599299999999988,114.22,4
