weight,alogp,tpsa,hbd
193.11027872,1.5656999999999999,30.490000000000002,1
