weight,alogp,tpsa,hbd
130.06299418,-0.06969999999999993,46.53,1
