weight,alogp,tpsa,hbd
400.37051615599995,7.778800000000009,20.23,1
