weight,alogp,tpsa,hbd
117.078978592,0.1983999999999999,63.32,2
