weight,alogp,tpsa,hbd
552.433116412,11.910399999999981,20.23,1
