weight,alogp,tpsa,hbd
1115.9964306,-9.666300000000014,579.2600000000001,13
