weight,alogp,tpsa,hbd
323.05185103799994,-2.4459999999999993,177.35999999999999,5
