weight,alogp,tpsa,hbd
162.022489116,-0.2267999999999999,66.4,2
