weight,alogp,tpsa,hbd
249.024183212,-1.4612,87.29999999999998,5
