weight,alogp,tpsa,hbd
161.084063972,1.7026999999999992,36.019999999999996,2
