weight,alogp,tpsa,hbd
380.18350323599986,-0.04200000000000004,116.45,4
