weight,alogp,tpsa,hbd
1736.6947392039986,-6.778200000000018,685.0800000000004,24
