weight,alogp,tpsa,hbd
577.0822383599998,-4.4840999999999935,318.19999999999993,10
