weight,alogp,tpsa,hbd
17.002739652,-0.5569999999999999,20.23,1
