weight,alogp,tpsa,hbd
125.99867967200001,-1.1334999999999997,74.6,2
