weight,alogp,tpsa,hbd
661.23200021,-7.62476000000001,377.96000000000004,15
