weight,alogp,tpsa,hbd
151.136099544,1.9139000000000002,26.02,1
