weight,alogp,tpsa,hbd
136.052429496,1.7407999999999997,40.46,2
