weight,alogp,tpsa,hbd
382.131026496,4.631900000000004,113.28999999999999,3
