weight,alogp,tpsa,hbd
345.0474343539999,-1.524099999999999,174.80999999999997,4
