weight,alogp,tpsa,hbd
353.19909372399997,2.5738000000000003,46.61,0
