weight,alogp,tpsa,hbd
301.056267722,-2.960599999999999,165.78,6
