weight,alogp,tpsa,hbd
622.480854452,8.14600000000001,102.28999999999999,2
