weight,alogp,tpsa,hbd
202.01135253200002,-0.39150000000000024,132.13000000000002,4
