weight,alogp,tpsa,hbd
285.136493468,2.535900000000001,61.72,3
