weight,alogp,tpsa,hbd
632.392433372,5.150100000000004,153.75,5
