weight,alogp,tpsa,hbd
804.4659922359999,5.213600000000005,182.82999999999998,5
