weight,alogp,tpsa,hbd
504.9800953979998,-1.4208000000000005,275.96999999999997,6
