weight,alogp,tpsa,hbd
379.111460492,-3.6955999999999944,184.24,6
