weight,alogp,tpsa,hbd
346.11648629599995,1.0524999999999993,139.45000000000002,5
