weight,alogp,tpsa,hbd
192.02700259600002,-2.1633999999999993,132.13,4
