weight,alogp,tpsa,hbd
326.10016753599996,-0.7438000000000009,119.35999999999999,2
