weight,alogp,tpsa,hbd
353.210327104,1.935099999999999,57.5,2
