weight,alogp,tpsa,hbd
200.032087976,0.11289999999999983,111.9,3
