weight,alogp,tpsa,hbd
268.08076948400003,-2.2688999999999986,133.49,4
