weight,alogp,tpsa,hbd
202.01135253200002,-0.8741999999999999,128.97,3
