weight,alogp,tpsa,hbd
205.037507704,0.9318999999999997,90.39000000000001,3
