weight,alogp,tpsa,hbd
432.1056468399999,0.0917,181.04999999999998,7
