weight,alogp,tpsa,hbd
743.2139807960002,-7.714360000000009,427.65000000000003,17
