weight,alogp,tpsa,hbd
312.230059504,3.826100000000003,77.75999999999999,3
