weight,alogp,tpsa,hbd
402.3497807119999,6.3595000000000095,40.46,2
