weight,alogp,tpsa,hbd
258.01406856200003,-2.138699999999999,161.59,5
