weight,alogp,tpsa,hbd
168.115029752,2.4620000000000006,26.3,0
