weight,alogp,tpsa,hbd
384.04497823199995,0.5479999999999996,124.01000000000002,3
