weight,alogp,tpsa,hbd
205.974525856,-0.9921999999999997,135.29,5
