weight,alogp,tpsa,hbd
146.105527688,-0.4726999999999992,89.34,3
