weight,alogp,tpsa,hbd
172.132411132,-0.6142299999999985,91.0,4
