weight,alogp,tpsa,hbd
360.08451747199996,2.6026000000000016,118.59000000000002,3
