weight,alogp,tpsa,hbd
384.13800958799993,-4.183999999999993,196.73,6
