weight,alogp,tpsa,hbd
218.0579088,2.595700000000001,69.92,3
