weight,alogp,tpsa,hbd
197.99293919400003,-0.9451000000000003,124.29000000000002,4
