weight,alogp,tpsa,hbd
444.36034539599996,7.089500000000008,57.53,2
