weight,alogp,tpsa,hbd
1034.53403725618,7.709800000000009,163.35999999999999,0
