weight,alogp,tpsa,hbd
170.06914218,-0.4364000000000001,75.27,2
