weight,alogp,tpsa,hbd
318.21949481999997,5.395700000000005,54.37,1
