weight,alogp,tpsa,hbd
580.3611332439998,2.1986999999999997,138.07,5
