weight,alogp,tpsa,hbd
103.063328528,-0.36739999999999995,40.54,1
