weight,alogp,tpsa,hbd
322.03248189999994,1.1320000000000001,164.75,6
