weight,alogp,tpsa,hbd
721.288730704,-4.040100000000004,313.27,11
