weight,alogp,tpsa,hbd
670.1301968879999,-2.6297999999999915,272.44999999999993,7
