weight,alogp,tpsa,hbd
272.250401024,5.975400000000007,0.0,0
