weight,alogp,tpsa,hbd
194.0579088,1.1991999999999996,66.76,2
