weight,alogp,tpsa,hbd
166.06299418,0.6745999999999999,57.53,2
