weight,alogp,tpsa,hbd
994.5487678080002,0.8280700000000001,340.64,11
