weight,alogp,tpsa,hbd
190.04773804,-0.26140000000000013,115.06,4
