weight,alogp,tpsa,hbd
168.972014616,-1.7008999999999999,83.55000000000001,3
