weight,alogp,tpsa,hbd
272.1412445,4.077700000000003,46.53,1
