weight,alogp,tpsa,hbd
141.078978592,0.4492000000000001,46.17,1
