weight,alogp,tpsa,hbd
748.4033919799999,2.833200000000004,212.66999999999996,7
