weight,alogp,tpsa,hbd
162.115698448,1.8961999999999999,24.92,1
