weight,alogp,tpsa,hbd
559.0716736759998,-3.2826999999999984,291.5199999999999,8
