weight,alogp,tpsa,hbd
649.7584173880002,4.194500000000002,83.83000000000001,2
