weight,alogp,tpsa,hbd
314.0684262399999,2.9054000000000024,113.29000000000002,3
