weight,alogp,tpsa,hbd
1031.360524606,4.702200000000005,363.62999999999994,9
