weight,alogp,tpsa,hbd
272.104858992,3.294220000000002,48.67,0
