weight,alogp,tpsa,hbd
246.173213324,2.7262400000000007,32.34,1
