weight,alogp,tpsa,hbd
305.08187105199994,2.7344000000000013,72.72,4
