weight,alogp,tpsa,hbd
132.078644244,0.32039999999999996,46.53,1
