weight,alogp,tpsa,hbd
351.11654587199996,-3.300999999999994,182.84999999999997,6
