weight,alogp,tpsa,hbd
178.04773804,-3.0147999999999997,107.22,4
