weight,alogp,tpsa,hbd
596.386560144,8.905400000000004,74.6,2
