weight,alogp,tpsa,hbd
266.178298704,3.0234000000000014,6.48,0
