weight,alogp,tpsa,hbd
312.23005950399994,5.352600000000005,66.76,2
