weight,alogp,tpsa,hbd
360.08451747199996,1.7612999999999994,144.52,5
