weight,alogp,tpsa,hbd
132.042258736,-0.5890000000000002,74.6,2
