weight,alogp,tpsa,hbd
55.005813652,-0.74532,44.019999999999996,1
