weight,alogp,tpsa,hbd
457.15841068399993,-3.1080199999999967,202.32,7
