weight,alogp,tpsa,hbd
666.221858364,-9.747200000000012,347.83000000000004,14
