weight,alogp,tpsa,hbd
572.0461092939998,-1.1031000000000006,246.42999999999995,6
