weight,alogp,tpsa,hbd
4320.204918982005,-17.269999999999946,2130.880000000001,57
