weight,alogp,tpsa,hbd
242.01915394200003,-2.6719999999999997,136.68,5
