weight,alogp,tpsa,hbd
231.147058152,2.0103999999999993,75.63,2
