weight,alogp,tpsa,hbd
433.210052332,2.524020000000001,94.53,1
