weight,alogp,tpsa,hbd
141.01909436600002,-1.5588000000000002,103.78,4
