weight,alogp,tpsa,hbd
426.38616621999995,8.024800000000008,20.23,1
