weight,alogp,tpsa,hbd
270.161979944,3.8174000000000032,37.3,1
