weight,alogp,tpsa,hbd
750.139812812,-4.64779999999999,361.26,10
