weight,alogp,tpsa,hbd
410.3912516,9.054000000000002,0.0,0
