weight,alogp,tpsa,hbd
285.136493468,2.0584999999999996,38.77,0
