weight,alogp,tpsa,hbd
301.240564612,4.330500000000004,23.47,1
