weight,alogp,tpsa,hbd
2384.9060328839983,-15.481400000000002,1001.6800000000007,36
