weight,alogp,tpsa,hbd
313.1215121,3.7439000000000027,50.68,1
