weight,alogp,tpsa,hbd
554.2515827959999,4.310900000000004,121.64000000000001,0
