weight,alogp,tpsa,hbd
792.1879713920001,-6.289099999999988,329.67,13
