weight,alogp,tpsa,hbd
312.022442912,-1.0814999999999988,129.72,4
