weight,alogp,tpsa,hbd
270.05282342,2.5768000000000018,90.9,3
