weight,alogp,tpsa,hbd
247.00279267,-1.9191299999999991,159.81,6
