weight,alogp,tpsa,hbd
258.085186168,-1.8782999999999985,125.04000000000002,4
