weight,alogp,tpsa,hbd
242.174275944,-0.30679999999999924,96.24999999999999,4
