weight,alogp,tpsa,hbd
181.050394494,-0.31140000000000007,100.62,3
