weight,alogp,tpsa,hbd
271.06009987209,3.203300000000002,92.22000000000001,4
