weight,alogp,tpsa,hbd
183.075624528,-1.0608000000000009,118.36,3
