weight,alogp,tpsa,hbd
262.138953056,-4.853059999999997,204.72,10
