weight,alogp,tpsa,hbd
154.135765196,2.1935000000000007,20.23,1
