weight,alogp,tpsa,hbd
1061.4074747979998,5.706400000000007,363.62999999999994,9
