weight,alogp,tpsa,hbd
975.2979243499998,3.1418000000000035,363.63,9
