weight,alogp,tpsa,hbd
265.959269716,-1.9075000000000004,170.81999999999996,5
