weight,alogp,tpsa,hbd
185.00892360600002,-1.4924,130.07999999999998,4
