weight,alogp,tpsa,hbd
138.06807956,1.6601999999999997,40.46,2
