weight,alogp,tpsa,hbd
148.037173356,-2.3741,86.99000000000001,3
