weight,alogp,tpsa,hbd
78.013935812,-0.09149999999999991,20.23,2
