weight,alogp,tpsa,hbd
239.101839276,-1.4082000000000001,136.62,5
