weight,alogp,tpsa,hbd
312.208930136,3.8826000000000036,37.3,1
