weight,alogp,tpsa,hbd
160.121177752,-0.21199999999999897,75.35,3
