weight,alogp,tpsa,hbd
112.052429496,-0.16579999999999995,40.46,2
