weight,alogp,tpsa,hbd
172.14632988,3.2117000000000013,37.3,1
