weight,alogp,tpsa,hbd
404.365430776,6.583500000000009,40.46,2
