weight,alogp,tpsa,hbd
1236.6138978119995,-3.575199999999994,433.0500000000001,16
