weight,alogp,tpsa,hbd
335.07872088399995,-2.212499999999997,175.89,5
