weight,alogp,tpsa,hbd
353.95785195200006,1.2272,40.620000000000005,0
