weight,alogp,tpsa,hbd
319.181525512,4.810600000000005,28.16,1
