weight,alogp,tpsa,hbd
218.126657056,-0.36869999999999936,112.65,4
