weight,alogp,tpsa,hbd
155.069476528,-0.6359000000000004,91.99999999999999,3
