weight,alogp,tpsa,hbd
146.0579088,-0.34140000000000015,74.6,2
