weight,alogp,tpsa,hbd
189.993594292,0.3445000000000001,94.83,3
