weight,alogp,tpsa,hbd
160.037173356,0.08489999999999998,61.830000000000005,0
