weight,alogp,tpsa,hbd
598.2430472679999,4.448640000000004,98.18,1
