weight,alogp,tpsa,hbd
113.99530854400001,-0.8410000000000002,74.6,2
