weight,alogp,tpsa,hbd
292.01464895,1.3241,92.86000000000001,2
