weight,alogp,tpsa,hbd
767.0853483139998,-3.640999999999993,365.47999999999996,9
