weight,alogp,tpsa,hbd
893.0927592659999,-0.25439999999999663,383.86,10
