weight,alogp,tpsa,hbd
909.178203142,-0.3001999999999952,400.92999999999995,10
