weight,alogp,tpsa,hbd
348.04710000599994,-2.1519,180.01999999999998,5
