weight,alogp,tpsa,hbd
224.079706864,-0.7090800000000004,84.32,2
