weight,alogp,tpsa,hbd
931.1989385859999,0.22620000000000307,380.69999999999993,9
