weight,alogp,tpsa,hbd
173.068807832,-0.44520000000000004,83.47,2
