weight,alogp,tpsa,hbd
252.089877624,3.0294000000000008,58.86,1
