weight,alogp,tpsa,hbd
324.13615911999995,4.216200000000003,58.92,2
