weight,alogp,tpsa,hbd
1021.473160344,2.32350000000001,231.20000000000002,4
