weight,alogp,tpsa,hbd
323.13688739200006,-0.11040000000000005,123.00999999999999,5
