weight,alogp,tpsa,hbd
1332.790573576,14.379899999999981,289.33,9
