weight,alogp,tpsa,hbd
839.13633833,-1.954499999999994,383.85999999999996,10
