weight,alogp,tpsa,hbd
253.93042706,3.1102000000000007,46.53,1
