weight,alogp,tpsa,hbd
122.0579088,-2.3071999999999995,80.92,4
