weight,alogp,tpsa,hbd
84.032362748,-0.8555000000000001,41.46,1
