weight,alogp,tpsa,hbd
226.193280072,4.548100000000004,37.3,1
