weight,alogp,tpsa,hbd
43.99037781991,-1.121,40.129999999999995,0
