weight,alogp,tpsa,hbd
660.1206948239998,-3.906699999999992,301.12999999999994,8
