weight,alogp,tpsa,hbd
496.23084735199984,-0.35929999999999906,162.98000000000002,5
