weight,alogp,tpsa,hbd
146.105527688,-0.474299999999999,89.34,3
