weight,alogp,tpsa,hbd
1509.6363280740895,2.497639999999995,538.11,13
