weight,alogp,tpsa,hbd
354.0885572959999,0.4615999999999999,108.33000000000001,4
