weight,alogp,tpsa,hbd
527.1791461279998,1.0288999999999997,185.83999999999997,5
