weight,alogp,tpsa,hbd
129.090211972,-0.5514300000000001,78.97,3
