weight,alogp,tpsa,hbd
335.1764401319999,3.783000000000002,48.39,2
