weight,alogp,tpsa,hbd
394.14163842399995,3.7033000000000023,63.22,0
