weight,alogp,tpsa,hbd
275.201105104,4.693500000000005,26.3,0
