weight,alogp,tpsa,hbd
73.052763844,-0.2956000000000001,20.310000000000002,0
