weight,alogp,tpsa,hbd
337.067501102,-1.9244999999999992,177.36,5
