weight,alogp,tpsa,hbd
322.16812794400005,2.831100000000001,41.57,1
