weight,alogp,tpsa,hbd
310.105252916,-0.9571000000000003,116.45000000000002,4
