weight,alogp,tpsa,hbd
785.1571346159998,-2.423959999999995,362.9299999999999,9
