weight,alogp,tpsa,hbd
352.2249741239999,3.408500000000002,86.99,3
