weight,alogp,tpsa,hbd
461.136904456,0.09420000000000123,148.15,4
