weight,alogp,tpsa,hbd
489.97691564799993,5.770100000000003,102.78,1
