weight,alogp,tpsa,hbd
851.1727238379999,-0.28919999999999657,363.62999999999994,9
