weight,alogp,tpsa,hbd
715.1727846799997,-3.9689299999999923,382.5199999999999,12
