weight,alogp,tpsa,hbd
500.2777143459999,5.617100000000005,117.31000000000002,2
