weight,alogp,tpsa,hbd
384.2049073759999,2.0753999999999997,71.03,2
