weight,alogp,tpsa,hbd
567.31307792,4.747620000000004,101.9,4
