weight,alogp,tpsa,hbd
270.07292083000004,-1.9850299999999974,180.98,6
