weight,alogp,tpsa,hbd
382.41746634799995,9.360999999999999,20.23,1
