weight,alogp,tpsa,hbd
230.01260161599998,1.8103700000000003,74.25999999999999,3
