weight,alogp,tpsa,hbd
494.1314983259999,-0.5697999999999981,215.16999999999996,6
