weight,alogp,tpsa,hbd
137.047678464,0.9670000000000001,63.32,2
