weight,alogp,tpsa,hbd
504.1631617159998,-0.21729999999999872,154.89,2
