weight,alogp,tpsa,hbd
362.10229903208995,3.436700000000002,50.03,0
