weight,alogp,tpsa,hbd
264.16264864,3.962900000000003,19.03,1
