weight,alogp,tpsa,hbd
881.1832885219999,-0.7841999999999956,383.86,10
