weight,alogp,tpsa,hbd
426.38616621999995,9.816199999999997,12.53,0
