weight,alogp,tpsa,hbd
412.112459972,3.809000000000002,48.470000000000006,1
