weight,alogp,tpsa,hbd
543.1740607479999,0.0012999999999998013,206.07,6
