weight,alogp,tpsa,hbd
484.23805797199987,-7.291400000000004,282.60999999999996,11
