weight,alogp,tpsa,hbd
172.052429496,0.7456999999999999,26.3,0
