weight,alogp,tpsa,hbd
303.91460403199994,0.28820000000000023,120.32,2
