weight,alogp,tpsa,hbd
353.88426115199997,5.862600000000001,40.46,2
