weight,alogp,tpsa,hbd
916.0145957179999,-2.329399999999999,480.5,11
