weight,alogp,tpsa,hbd
314.06511942,1.7405000000000002,118.04999999999998,1
