weight,alogp,tpsa,hbd
118.12264055208999,0.07340000000000019,20.23,1
