weight,alogp,tpsa,hbd
327.21982916800005,3.3656000000000024,43.7,2
