weight,alogp,tpsa,hbd
457.184900204,0.18660000000000077,164.63,5
