weight,alogp,tpsa,hbd
132.005873228,-0.40250000000000014,94.83000000000001,3
