weight,alogp,tpsa,hbd
325.07976643999996,-2.2262999999999993,148.71,6
