weight,alogp,tpsa,hbd
274.008983182,-3.167899999999999,181.82,6
