weight,alogp,tpsa,hbd
317.162708216,2.21,51.16000000000001,1
