weight,alogp,tpsa,hbd
486.29813906399994,4.302900000000004,100.9,2
