weight,alogp,tpsa,hbd
308.104858992,3.609600000000002,67.51,1
