weight,alogp,tpsa,hbd
536.2985329879999,1.4268999999999992,145.91,5
