weight,alogp,tpsa,hbd
259.173176104,4.382400000000004,37.3,1
