weight,alogp,tpsa,hbd
204.089877624,1.1223,79.11000000000001,3
