weight,alogp,tpsa,hbd
312.208930136,4.643600000000004,34.14,0
