weight,alogp,tpsa,hbd
274.04536869000003,-2.8716999999999993,164.75,6
