weight,alogp,tpsa,hbd
102.11569844799999,0.07410000000000022,52.04,2
