weight,alogp,tpsa,hbd
180.068748256,2.7830000000000004,25.78,0
