weight,alogp,tpsa,hbd
209.068807832,0.1354999999999995,86.63,3
