weight,alogp,tpsa,hbd
512.2158659839998,0.1373000000000001,141.28,4
