weight,alogp,tpsa,hbd
261.121237328,-1.5048199999999998,123.17000000000002,4
