weight,alogp,tpsa,hbd
792.4296067280001,3.180900000000003,229.73999999999995,7
