weight,alogp,tpsa,hbd
451.0640589999999,-1.408699999999998,183.17999999999998,5
