weight,alogp,tpsa,hbd
316.058302724,2.7106999999999997,109.36000000000001,3
