weight,alogp,tpsa,hbd
243.043952832,-0.23920000000000052,86.71000000000001,2
