weight,alogp,tpsa,hbd
411.0345003199999,-0.7168000000000004,212.36999999999998,5
