weight,alogp,tpsa,hbd
89.02386902,-0.6005000000000001,57.53,2
