weight,alogp,tpsa,hbd
375.13267104,5.044840000000005,40.54,1
