weight,alogp,tpsa,hbd
1062.5246888840002,-2.8467999999999765,355.29,13
