weight,alogp,tpsa,hbd
454.1713158039999,0.2684000000000005,210.53999999999996,5
