weight,alogp,tpsa,hbd
56.026214748,0.37129999999999996,17.07,0
