weight,alogp,tpsa,hbd
348.23005950399994,2.6026000000000016,77.76,3
