weight,alogp,tpsa,hbd
387.326305616,8.624400000000003,26.3,0
