weight,alogp,tpsa,hbd
159.068413908,1.9092999999999993,32.86,1
