weight,alogp,tpsa,hbd
573.2798632079998,0.6265000000000032,174.45,4
