weight,alogp,tpsa,hbd
324.16379151200005,3.8129800000000023,36.26,0
