weight,alogp,tpsa,hbd
365.16821084009,3.6559000000000026,23.55,0
