weight,alogp,tpsa,hbd
372.181585088,2.7873000000000014,87.66,3
