weight,alogp,tpsa,hbd
536.0444558839998,-4.154599999999997,276.76,8
