weight,alogp,tpsa,hbd
648.2112936799998,-8.703199999999997,316.6,12
