weight,alogp,tpsa,hbd
364.240230264,5.228400000000006,29.46,1
