weight,alogp,tpsa,hbd
220.024908018,-0.3694000000000001,112.51,3
