weight,alogp,tpsa,hbd
204.11234438399998,-0.6683999999999999,47.699999999999996,0
