weight,alogp,tpsa,hbd
408.0222638959999,-2.7709999999999995,201.67,6
