weight,alogp,tpsa,hbd
493.2311817,-0.18760000000000016,172.7,7
