weight,alogp,tpsa,hbd
436.50080204799997,12.33909999999998,0.0,0
