weight,alogp,tpsa,hbd
412.37051615599995,7.80080000000001,20.23,1
