weight,alogp,tpsa,hbd
58.982970032,0.39728,23.79,1
