weight,alogp,tpsa,hbd
314.06842624,2.4275,113.28999999999999,3
