weight,alogp,tpsa,hbd
921.2509741579998,1.8054000000000021,363.63,9
