weight,alogp,tpsa,hbd
311.10050188400004,-1.226620000000001,143.4,5
