weight,alogp,tpsa,hbd
386.2027991999999,4.214800000000004,32.78,0
