weight,alogp,tpsa,hbd
146.15314657599998,-1.916999999999998,76.1,4
