weight,alogp,tpsa,hbd
374.15768241199993,-1.121599999999999,134.91000000000003,4
