weight,alogp,tpsa,hbd
367.093498356,-0.11390000000000033,144.23000000000002,3
