weight,alogp,tpsa,hbd
208.073558864,1.5022,55.760000000000005,1
