weight,alogp,tpsa,hbd
422.2104669319999,2.444500000000001,100.89999999999999,2
