weight,alogp,tpsa,hbd
615.3043466399998,1.287200000000004,133.22,2
