weight,alogp,tpsa,hbd
520.10124722,-1.1276999999999981,206.29999999999995,4
