weight,alogp,tpsa,hbd
740.1680336479998,-4.172829999999992,377.39999999999986,12
