weight,alogp,tpsa,hbd
639.038004198,-3.1656999999999975,338.05,9
