weight,alogp,tpsa,hbd
314.06842624,2.905400000000001,113.28999999999999,3
