weight,alogp,tpsa,hbd
302.210661452,2.2146999999999997,33.53,0
