weight,alogp,tpsa,hbd
130.06299418,0.5286000000000001,43.370000000000005,0
