weight,alogp,tpsa,hbd
1055.4317065199998,-4.329100000000021,425.5499999999999,13
