weight,alogp,tpsa,hbd
324.10564683999996,-4.348399999999996,158.3,6
