weight,alogp,tpsa,hbd
242.090271548,-1.51428,104.54999999999998,3
