weight,alogp,tpsa,hbd
588.1842910839998,1.3385999999999993,160.83,3
