weight,alogp,tpsa,hbd
421.2828233479999,1.5312000000000006,71.39000000000001,2
