weight,alogp,tpsa,hbd
259.03618737600004,-3.8212999999999973,156.55,6
