weight,alogp,tpsa,hbd
550.4174663480001,11.784799999999985,17.07,0
