weight,alogp,tpsa,hbd
594.341735192,4.571120000000003,160.95,5
