weight,alogp,tpsa,hbd
546.3403977999999,1.5662999999999996,162.98000000000002,5
