weight,alogp,tpsa,hbd
499.21793164799993,-0.9192999999999971,174.95999999999998,5
