weight,alogp,tpsa,hbd
415.1256846739999,-0.0671000000000006,172.07999999999998,5
