weight,alogp,tpsa,hbd
298.15036970399996,4.487000000000004,6.48,0
