weight,alogp,tpsa,hbd
1213.4184334059994,2.2476000000000065,441.39000000000004,12
