weight,alogp,tpsa,hbd
275.10050188400004,-2.756419999999998,143.4,5
