weight,alogp,tpsa,hbd
434.2104669319999,2.466500000000001,100.9,2
