weight,alogp,tpsa,hbd
565.0710049799999,-4.827299999999993,302.78000000000003,9
