weight,alogp,tpsa,hbd
341.235479232,4.561600000000004,38.66,0
