weight,alogp,tpsa,hbd
246.144038436,-3.823859999999997,184.49,9
