weight,alogp,tpsa,hbd
1181.5730254599998,-4.1777300000000155,472.1299999999999,17
