weight,alogp,tpsa,hbd
384.12158873999994,-1.4370999999999983,182.63,5
