weight,alogp,tpsa,hbd
427.0294149399999,-1.7460000000000007,232.6,6
