weight,alogp,tpsa,hbd
204.111006992,-0.19369999999999965,103.86000000000001,3
