weight,alogp,tpsa,hbd
828.274681784,-11.924600000000018,426.9800000000001,17
