weight,alogp,tpsa,hbd
344.2099927559999,2.731700000000001,62.13,1
