weight,alogp,tpsa,hbd
294.255880328,6.2526000000000055,37.3,1
