weight,alogp,tpsa,hbd
451.2165942559999,-5.305599999999992,236.35999999999999,9
