weight,alogp,tpsa,hbd
290.07903816799995,0.9360199999999999,100.13000000000001,3
