weight,alogp,tpsa,hbd
432.193673996,5.982200000000003,86.99000000000001,3
