weight,alogp,tpsa,hbd
522.319579158,5.273200000000004,111.19,0
