weight,alogp,tpsa,hbd
486.3345245719999,5.383400000000006,94.82999999999998,3
