weight,alogp,tpsa,hbd
227.094628656,3.2436000000000007,38.33,1
