weight,alogp,tpsa,hbd
243.121906024,-1.5723999999999982,121.52,4
