weight,alogp,tpsa,hbd
255.06518525209,3.4977000000000023,71.99000000000001,3
