weight,alogp,tpsa,hbd
430.0654660999999,-2.2775999999999987,229.67999999999998,6
