weight,alogp,tpsa,hbd
314.2245802,6.035600000000004,29.46,1
