weight,alogp,tpsa,hbd
162.05282342,-0.4573000000000002,94.83,3
