weight,alogp,tpsa,hbd
306.97054117999994,0.9511999999999996,83.55000000000001,3
