weight,alogp,tpsa,hbd
199.02457367000002,-1.1023,130.07999999999998,4
