weight,alogp,tpsa,hbd
141.924730076,-2.1706,77.75999999999999,3
