weight,alogp,tpsa,hbd
219.053157768,1.647199999999999,79.65,2
