weight,alogp,tpsa,hbd
555.0433696419999,-0.5461000000000005,226.19999999999996,5
