weight,alogp,tpsa,hbd
379.10558726399995,3.6282000000000028,69.62,1
