weight,alogp,tpsa,hbd
151.996571496,0.5467999999999997,37.3,3
