weight,alogp,tpsa,hbd
333.01882305999993,-2.3276999999999983,166.10999999999999,5
