weight,alogp,tpsa,hbd
171.125928784,1.3702999999999996,63.31999999999999,2
