weight,alogp,tpsa,hbd
360.1936739959999,1.5575999999999997,94.83,3
