weight,alogp,tpsa,hbd
443.205635648,2.266,136.98999999999998,5
