weight,alogp,tpsa,hbd
146.02239232,2.7398000000000016,0.0,0
