weight,alogp,tpsa,hbd
1344.4086686119997,-15.932599999999978,664.1300000000002,23
