weight,alogp,tpsa,hbd
923.487849876,0.7117000000000069,319.61,12
