weight,alogp,tpsa,hbd
294.161979944,5.074800000000004,34.14,0
