weight,alogp,tpsa,hbd
551.1529620419999,-1.2860999999999976,244.26999999999995,7
