weight,alogp,tpsa,hbd
312.12090298,-1.866899999999999,119.75,4
