weight,alogp,tpsa,hbd
59.03711378,-0.5084000000000002,43.09,1
