weight,alogp,tpsa,hbd
289.07976644,-0.7553999999999994,158.07,4
