weight,alogp,tpsa,hbd
305.1824949,-4.1386999999999965,183.23,7
