weight,alogp,tpsa,hbd
248.995948508,1.6533999999999995,83.55000000000001,3
