weight,alogp,tpsa,hbd
220.117154992,-4.377429999999997,168.83999999999997,8
