weight,alogp,tpsa,hbd
354.23072819999993,3.7264000000000026,32.78,0
