weight,alogp,tpsa,hbd
1196.5825976840001,-4.446100000000017,414.2100000000001,15
