weight,alogp,tpsa,hbd
545.1955840399999,-7.429199999999988,277.54999999999995,11
