weight,alogp,tpsa,hbd
536.438201792,12.627799999999977,0.0,0
