weight,alogp,tpsa,hbd
1844.9705671279994,6.212200000000015,626.2900000000002,20
