weight,alogp,tpsa,hbd
324.035866626,-2.7348999999999997,171.31,5
