weight,alogp,tpsa,hbd
816.1438526360002,-3.2867999999999924,345.15,8
