weight,alogp,tpsa,hbd
336.230059504,5.684800000000005,66.75999999999999,2
