weight,alogp,tpsa,hbd
303.232405232,5.473700000000006,26.3,0
