weight,alogp,tpsa,hbd
212.083729624,2.2609000000000012,40.46,2
