weight,alogp,tpsa,hbd
320.198759376,4.658620000000004,58.92,2
