weight,alogp,tpsa,hbd
1191.12712508609,-4.911899999999989,557.8399999999999,13
