weight,alogp,tpsa,hbd
340.334130648,7.892900000000008,37.3,1
