weight,alogp,tpsa,hbd
318.03519793,-3.4168999999999987,202.04999999999998,7
