weight,alogp,tpsa,hbd
351.15426877200014,-0.8332999999999993,145.64000000000001,5
