weight,alogp,tpsa,hbd
291.074287136,-0.9930000000000001,108.25000000000001,4
