weight,alogp,tpsa,hbd
296.13471963999996,4.241000000000004,6.48,0
