weight,alogp,tpsa,hbd
317.162708216,2.2113000000000005,51.16000000000001,1
