weight,alogp,tpsa,hbd
301.163770836,-0.613199999999998,124.6,4
