weight,alogp,tpsa,hbd
876.4520734879999,5.6482200000000065,220.14999999999998,6
