weight,alogp,tpsa,hbd
133.037507704,-1.1270000000000002,100.62,3
