weight,alogp,tpsa,hbd
897.1418176340001,-2.109599999999993,421.15999999999997,11
