weight,alogp,tpsa,hbd
478.22028266799987,0.5289000000000006,139.59,3
