weight,alogp,tpsa,hbd
753.299655184,3.173820000000001,213.44999999999996,4
