weight,alogp,tpsa,hbd
751.0904336939998,-3.7476299999999956,346.38000000000005,9
