weight,alogp,tpsa,hbd
1351.2359699199997,-8.958500000000017,619.1400000000003,19
