weight,alogp,tpsa,hbd
264.042258736,3.052600000000001,60.42,0
