weight,alogp,tpsa,hbd
134.109550448,3.118420000000002,0.0,0
