weight,alogp,tpsa,hbd
582.2478348080001,4.806520000000003,160.94999999999996,5
