weight,alogp,tpsa,hbd
263.18852904,2.6346000000000007,32.7,1
