weight,alogp,tpsa,hbd
389.95181498599993,-2.2313000000000005,229.73999999999995,7
