weight,alogp,tpsa,hbd
57.021463716,-1.1036000000000001,43.09,1
