weight,alogp,tpsa,hbd
467.2883026519999,0.2710000000000028,100.85000000000002,3
