weight,alogp,tpsa,hbd
599.3094320199999,2.3164000000000016,112.99000000000001,1
