weight,alogp,tpsa,hbd
544.1877590079998,-6.9405999999999874,266.54999999999995,10
