weight,alogp,tpsa,hbd
1218.5867343040002,-6.367000000000038,483.04999999999995,18
