weight,alogp,tpsa,hbd
288.06338810399996,2.2155000000000014,107.22000000000001,4
