weight,alogp,tpsa,hbd
184.109944372,1.6973,43.370000000000005,0
