weight,alogp,tpsa,hbd
828.274681784,-11.923000000000018,426.98000000000013,17
