weight,alogp,tpsa,hbd
256.053403808,-4.989399999999998,7.76,0
