weight,alogp,tpsa,hbd
260.188863388,2.8457000000000017,32.34,1
