weight,alogp,tpsa,hbd
104.047344116,-0.3006000000000002,57.53,2
