weight,alogp,tpsa,hbd
564.0757560119998,-3.456079999999997,276.76,8
