weight,alogp,tpsa,hbd
314.2245802,5.846500000000004,40.46,2
