weight,alogp,tpsa,hbd
286.105252916,-1.6424000000000005,119.61000000000001,5
