weight,alogp,tpsa,hbd
289.02878992399997,0.8788000000000002,101.28999999999999,3
