weight,alogp,tpsa,hbd
255.096753896,-2.4357999999999995,156.85,6
