weight,alogp,tpsa,hbd
256.015392356,-1.2630000000000006,106.94000000000001,3
