weight,alogp,tpsa,hbd
184.182715388,4.106200000000004,17.07,0
