weight,alogp,tpsa,hbd
60.008553304,-0.3655000000000001,49.33,2
