weight,alogp,tpsa,hbd
170.109550448,3.0917000000000012,0.0,0
