weight,alogp,tpsa,hbd
522.135529532,4.283800000000003,98.72,0
