weight,alogp,tpsa,hbd
173.014664084,0.5155000000000001,80.39,2
