weight,alogp,tpsa,hbd
330.990832396,0.014100000000000168,118.35999999999999,3
