weight,alogp,tpsa,hbd
217.073893212,1.9250999999999994,70.16,2
