weight,alogp,tpsa,hbd
172.037173356,0.06110000000000004,91.66999999999999,2
