weight,alogp,tpsa,hbd
153.042593084,-0.040500000000000036,57.61000000000001,1
