weight,alogp,tpsa,hbd
284.13471963999996,4.239400000000003,6.48,0
