weight,alogp,tpsa,hbd
330.073952788,1.22692,99.13000000000001,1
