weight,alogp,tpsa,hbd
307.069201756,-1.2874000000000003,128.48000000000002,5
