weight,alogp,tpsa,hbd
273.068719524,3.3196000000000025,29.1,1
