weight,alogp,tpsa,hbd
326.06378202799993,0.5035999999999993,139.59000000000003,3
