weight,alogp,tpsa,hbd
337.1750042160001,-0.905329999999998,174.55,7
