weight,alogp,tpsa,hbd
359.115106392,-0.7996999999999994,150.03,4
