weight,alogp,tpsa,hbd
80.00289246,0.21750000000000008,20.23,1
