weight,alogp,tpsa,hbd
512.0944441219999,-1.8976999999999977,218.50999999999996,6
