weight,alogp,tpsa,hbd
287.05501449209,2.908900000000001,112.45000000000002,5
