weight,alogp,tpsa,hbd
268.276615772,6.446800000000007,17.07,0
