weight,alogp,tpsa,hbd
288.230059504,3.495500000000002,77.75999999999999,3
