weight,alogp,tpsa,hbd
133.037507704,-1.1269999999999998,100.62,3
