weight,alogp,tpsa,hbd
179.069476528,-0.1375000000000004,71.09,2
