weight,alogp,tpsa,hbd
454.22749328799995,-6.652299999999999,262.38,10
