weight,alogp,tpsa,hbd
572.1588641839999,-6.273699999999988,272.97999999999996,9
