weight,alogp,tpsa,hbd
114.06807956,1.1036000000000001,26.3,0
