weight,alogp,tpsa,hbd
498.236601428,2.5843000000000007,114.4,2
