weight,alogp,tpsa,hbd
476.01195817600023,-4.966779999999998,158.91999999999996,1
