weight,alogp,tpsa,hbd
126.042927432,-0.6283800000000002,65.72,2
