weight,alogp,tpsa,hbd
594.1584702600001,-2.0841000000000007,260.19999999999993,10
