weight,alogp,tpsa,hbd
317.214349864,5.769300000000005,3.24,0
