weight,alogp,tpsa,hbd
256.11307764609,2.6069000000000004,35.53,0
