weight,alogp,tpsa,hbd
483.09726697199994,-2.5682999999999954,258.01,2
