weight,alogp,tpsa,hbd
100.027277368,-1.1742000000000001,58.199999999999996,2
