weight,alogp,tpsa,hbd
398.111400916,-0.1470800000000002,184.17,6
