weight,alogp,tpsa,hbd
586.3254164319999,1.7179000000000029,132.94000000000003,3
