weight,alogp,tpsa,hbd
160.024597292,-0.8268000000000002,103.69999999999999,3
