weight,alogp,tpsa,hbd
1018.440480312,-0.8054000000000021,332.21999999999997,13
