weight,alogp,tpsa,hbd
300.12090298,-1.2488000000000004,119.61000000000001,5
