weight,alogp,tpsa,hbd
149.070145224,0.39459999999999973,66.49,2
