weight,alogp,tpsa,hbd
219.053157768,1.0696999999999997,90.39,3
