weight,alogp,tpsa,hbd
290.2245802,3.9591000000000034,37.3,1
