weight,alogp,tpsa,hbd
175.095691276,-1.1531999999999991,118.44,4
