weight,alogp,tpsa,hbd
249.085720848,2.0002999999999997,60.160000000000004,2
