weight,alogp,tpsa,hbd
338.17720154418,4.0252000000000026,7.76,0
