weight,alogp,tpsa,hbd
663.247650274,-7.8313600000000125,381.12,16
