weight,alogp,tpsa,hbd
284.271530392,6.332500000000007,37.3,1
