weight,alogp,tpsa,hbd
1414.51843212809,-7.703580000000035,627.0700000000002,20
