weight,alogp,tpsa,hbd
345.0780891060899,0.7247399999999997,122.44000000000001,3
