weight,alogp,tpsa,hbd
169.073893212,0.08989999999999998,86.71000000000001,4
