weight,alogp,tpsa,hbd
606.4549144760001,7.86550000000001,15.71,0
