weight,alogp,tpsa,hbd
200.032087976,-1.2561999999999998,115.06,4
