weight,alogp,tpsa,hbd
446.12129690399985,0.35289999999999916,159.05,5
