weight,alogp,tpsa,hbd
249.016725016,-1.2732000000000006,161.30999999999997,6
