weight,alogp,tpsa,hbd
1597.698194795999,-9.987400000000036,686.1300000000003,25
