weight,alogp,tpsa,hbd
308.082874096,3.5801200000000017,43.07,0
