weight,alogp,tpsa,hbd
90.042927432,-1.3955000000000002,75.35,3
