weight,alogp,tpsa,hbd
338.07903816799995,3.309400000000002,67.13000000000001,0
