weight,alogp,tpsa,hbd
76.027277368,-0.9561000000000002,75.35,3
