weight,alogp,tpsa,hbd
618.267626784,1.1374000000000009,190.02999999999997,4
