weight,alogp,tpsa,hbd
352.0641759519999,-3.747099999999996,192.43999999999997,6
