weight,alogp,tpsa,hbd
441.1396813279999,-0.044800000000001616,213.27999999999997,6
