weight,alogp,tpsa,hbd
142.026608672,0.5089999999999995,80.92,4
