weight,alogp,tpsa,hbd
205.073893212,1.8035999999999996,62.32000000000001,2
