weight,alogp,tpsa,hbd
444.0083451479999,-2.7415999999999996,246.51999999999992,7
