weight,alogp,tpsa,hbd
480.1631617159998,-1.3441999999999967,165.89,3
