weight,alogp,tpsa,hbd
509.26969244799994,-6.118400000000002,271.24999999999994,10
