weight,alogp,tpsa,hbd
228.0330538,0.0915999999999999,77.84,2
