weight,alogp,tpsa,hbd
592.1792057039999,0.7527999999999995,199.89999999999998,5
