weight,alogp,tpsa,hbd
961.20950327,0.8122000000000029,400.92999999999995,10
