weight,alogp,tpsa,hbd
294.21949481999997,4.753300000000004,54.37,1
