weight,alogp,tpsa,hbd
305.938906704,1.1929999999999996,74.6,2
