weight,alogp,tpsa,hbd
292.20384475599997,4.996900000000005,49.83,1
