weight,alogp,tpsa,hbd
442.1376156639999,-0.776999999999999,178.46,5
