weight,alogp,tpsa,hbd
961.1731177620001,-0.4973999999999965,413.32,11
