weight,alogp,tpsa,hbd
556.3036183679999,4.1902000000000035,138.20000000000002,3
