weight,alogp,tpsa,hbd
179.930033136,3.6468000000000007,0.0,0
