weight,alogp,tpsa,hbd
73.016378336,-1.2179000000000002,63.32,2
