weight,alogp,tpsa,hbd
880.4106026000001,5.919400000000005,310.21,8
