weight,alogp,tpsa,hbd
550.0601059479998,-3.7660999999999976,276.76,8
