weight,alogp,tpsa,hbd
259.157228912,2.5774999999999997,41.49,2
