weight,alogp,tpsa,hbd
130.135765196,2.3392000000000004,20.23,1
