weight,alogp,tpsa,hbd
973.1865372240002,-5.734899999999998,509.13000000000005,13
