weight,alogp,tpsa,hbd
720.3127606359999,5.905200000000006,145.77999999999997,4
