weight,alogp,tpsa,hbd
101.047678464,-0.7394000000000001,52.32,1
