weight,alogp,tpsa,hbd
156.053492116,-0.6023000000000001,86.21000000000001,3
