weight,alogp,tpsa,hbd
907.1989385859999,-0.24999999999999645,383.85999999999996,10
