weight,alogp,tpsa,hbd
130.110613068,-0.13859999999999972,55.120000000000005,2
