weight,alogp,tpsa,hbd
691.1026990319998,-6.382499999999992,330.6499999999999,9
