weight,alogp,tpsa,hbd
331.08122924008995,3.2205000000000013,110.68000000000002,4
