weight,alogp,tpsa,hbd
340.160934388,4.832100000000004,23.55,0
