weight,alogp,tpsa,hbd
418.1376156639999,1.2922999999999998,176.42,7
