weight,alogp,tpsa,hbd
615.29630112,-8.861700000000019,347.31999999999994,13
