weight,alogp,tpsa,hbd
560.2257619719998,0.3110000000000009,161.35,3
