weight,alogp,tpsa,hbd
270.103813436,1.7830200000000003,75.27000000000001,2
