weight,alogp,tpsa,hbd
314.061279928,2.5577000000000005,60.440000000000005,0
