weight,alogp,tpsa,hbd
1532.2147678599986,-2.7951999999999853,693.12,18
