weight,alogp,tpsa,hbd
152.047344116,1.2132999999999998,46.53,1
