weight,alogp,tpsa,hbd
312.183778008,2.5349000000000004,40.620000000000005,0
