weight,alogp,tpsa,hbd
167.058243148,0.47659999999999975,83.55,3
