weight,alogp,tpsa,hbd
837.157073774,-0.5351999999999966,363.62999999999994,9
