weight,alogp,tpsa,hbd
507.2832172719999,1.3499000000000017,95.92000000000002,1
