weight,alogp,tpsa,hbd
129.078978592,0.10159999999999991,46.17,1
