weight,alogp,tpsa,hbd
580.1733324759998,6.755500000000009,171.82,7
