weight,alogp,tpsa,hbd
266.141913196,3.7761000000000022,45.22,1
