weight,alogp,tpsa,hbd
176.032087976,-2.806599999999999,104.06000000000002,3
