weight,alogp,tpsa,hbd
97.016378336,-0.8010000000000002,46.17,1
