weight,alogp,tpsa,hbd
44.00106262,-0.1584,53.470000000000006,0
