weight,alogp,tpsa,hbd
153.009578704,-1.379999999999999,100.62,3
