weight,alogp,tpsa,hbd
151.063328528,1.4264999999999999,49.33,2
