weight,alogp,tpsa,hbd
117.042593084,-1.0127000000000004,80.39000000000001,2
