weight,alogp,tpsa,hbd
985.282274286,3.0839000000000025,363.62999999999994,9
