weight,alogp,tpsa,hbd
340.240230264,4.518700000000004,37.3,1
