weight,alogp,tpsa,hbd
161.047678464,1.6459999999999995,53.35000000000001,2
