weight,alogp,tpsa,hbd
339.21982916800005,4.275500000000004,29.54,0
