weight,alogp,tpsa,hbd
427.062025264,-0.5391999999999988,156.43999999999997,3
