weight,alogp,tpsa,hbd
436.1369469679999,-0.20240000000000036,177.14,7
