weight,alogp,tpsa,hbd
339.058238916,-2.326359999999997,70.12,2
