weight,alogp,tpsa,hbd
168.042258736,0.8555999999999999,66.75999999999999,2
