weight,alogp,tpsa,hbd
156.064725496,-0.2854000000000001,91.16000000000001,3
