weight,alogp,tpsa,hbd
141.042593084,-0.13510000000000016,66.4,2
