weight,alogp,tpsa,hbd
1130.550903632,-1.3210999999999795,388.04,13
