weight,alogp,tpsa,hbd
224.980028782,0.3247,108.35999999999999,1
