weight,alogp,tpsa,hbd
59.013304336000004,0.013799999999999979,26.3,0
