weight,alogp,tpsa,hbd
195.089543276,0.4350000000000004,72.55,2
