weight,alogp,tpsa,hbd
488.20463260399987,2.0917999999999997,135.8,2
