weight,alogp,tpsa,hbd
290.07903816799995,2.066200000000001,110.38000000000001,5
