weight,alogp,tpsa,hbd
87.068413908,-0.07579999999999987,43.09,1
