weight,alogp,tpsa,hbd
329.05251973400004,-0.8174000000000003,154.84000000000003,3
