weight,alogp,tpsa,hbd
659.8613712360001,-3.132600000000001,400.56,12
