weight,alogp,tpsa,hbd
470.3396099519999,6.4126000000000065,74.6,2
