weight,alogp,tpsa,hbd
358.09635870599993,-0.964900000000001,145.19,6
