weight,alogp,tpsa,hbd
541.3039527159999,2.5216000000000003,116.53,3
