weight,alogp,tpsa,hbd
266.06511942000003,-2.062299999999999,130.33,3
