weight,alogp,tpsa,hbd
305.08591444,-4.175899999999998,191.12,7
