weight,alogp,tpsa,hbd
255.096753896,-1.9708999999999997,139.28,4
