weight,alogp,tpsa,hbd
836.0933883159997,-3.26649999999999,342.0699999999999,8
