weight,alogp,tpsa,hbd
370.0066138319999,-3.782299999999999,231.50999999999996,8
