weight,alogp,tpsa,hbd
95.947821428,-0.06470000000000004,0.0,0
