weight,alogp,tpsa,hbd
184.00078784800002,0.03620000000000001,104.81,2
