weight,alogp,tpsa,hbd
357.194008344,1.7072999999999996,73.16000000000001,3
