weight,alogp,tpsa,hbd
80.037448128,0.4765999999999999,25.78,0
