weight,alogp,tpsa,hbd
226.131742436,1.1849999999999996,75.27000000000001,2
