weight,alogp,tpsa,hbd
434.33960995199993,4.589200000000004,77.75999999999999,3
