weight,alogp,tpsa,hbd
146.021523292,-0.49509999999999993,91.67,2
