weight,alogp,tpsa,hbd
388.15537033999993,3.148200000000001,53.01,1
