weight,alogp,tpsa,hbd
444.15821500399994,3.4691000000000027,74.6,2
