weight,alogp,tpsa,hbd
409.05012318799993,-1.1048999999999995,166.10999999999999,5
