weight,alogp,tpsa,hbd
147.053157768,-1.6517999999999995,100.62,3
