weight,alogp,tpsa,hbd
426.27700969599994,5.826900000000006,77.75999999999999,3
