weight,alogp,tpsa,hbd
351.07026437599995,-0.0819000000000002,182.54999999999998,5
