weight,alogp,tpsa,hbd
638.54266686,14.986399999999962,20.23,1
