weight,alogp,tpsa,hbd
180.057514876,2.8980000000000015,17.07,0
