weight,alogp,tpsa,hbd
464.2926597599999,6.786100000000007,63.60000000000001,1
