weight,alogp,tpsa,hbd
229.04788555599998,-1.0823300000000007,156.79,5
