weight,alogp,tpsa,hbd
170.021523292,0.5015999999999998,97.99000000000001,4
