weight,alogp,tpsa,hbd
376.19982199599986,2.0002999999999997,76.15,0
