weight,alogp,tpsa,hbd
89.959792064,1.1321999999999999,0.0,0
