weight,alogp,tpsa,hbd
340.20384475599997,4.0633000000000035,43.370000000000005,0
