weight,alogp,tpsa,hbd
300.03823597599995,1.2714000000000003,143.72,3
