weight,alogp,tpsa,hbd
130.017855556,-0.7977000000000003,65.72,2
