weight,alogp,tpsa,hbd
201.033388148,-0.18810000000000016,75.27,2
