weight,alogp,tpsa,hbd
286.035472702,-0.09140000000000015,124.96000000000001,4
