weight,alogp,tpsa,hbd
853.115602886,-1.8605999999999936,400.92999999999995,10
