weight,alogp,tpsa,hbd
312.23005950399994,5.352600000000004,66.75999999999999,2
