weight,alogp,tpsa,hbd
1182.52534470409,1.4931000000000079,455.4699999999999,10
