weight,alogp,tpsa,hbd
182.094294308,1.3072,43.370000000000005,0
