weight,alogp,tpsa,hbd
368.21988874399995,4.517400000000003,85.22,2
