weight,alogp,tpsa,hbd
129.078978592,0.36450000000000005,63.32,2
