weight,alogp,tpsa,hbd
194.08037556,-0.8294000000000006,76.02000000000001,2
