weight,alogp,tpsa,hbd
181.073893212,0.8666999999999996,83.55000000000001,3
