weight,alogp,tpsa,hbd
274.193280072,3.4891000000000023,37.3,1
