weight,alogp,tpsa,hbd
650.257456024,0.48170000000000207,214.94999999999996,5
