weight,alogp,tpsa,hbd
473.16607934399997,6.075200000000008,70.0,2
