weight,alogp,tpsa,hbd
378.18310931199994,6.451800000000006,73.83000000000001,3
