weight,alogp,tpsa,hbd
596.3573852559999,3.991240000000002,164.38,6
