weight,alogp,tpsa,hbd
174.06807956,2.5594200000000003,40.46,2
