weight,alogp,tpsa,hbd
548.2257619719999,1.1531000000000011,165.89,3
