weight,alogp,tpsa,hbd
189.10010796,-2.4820999999999986,84.16000000000001,4
