weight,alogp,tpsa,hbd
207.053157768,0.49530000000000013,97.46000000000001,2
