weight,alogp,tpsa,hbd
239.101839276,-2.6056999999999984,132.66,4
