weight,alogp,tpsa,hbd
318.059296608,-1.412999999999997,3.24,0
