weight,alogp,tpsa,hbd
134.07316494,1.6921000000000002,20.23,1
