weight,alogp,tpsa,hbd
1186.4614070560901,3.890300000000007,432.30999999999995,10
