weight,alogp,tpsa,hbd
439.23924428399994,4.311100000000003,120.85000000000002,4
