weight,alogp,tpsa,hbd
443.0243295599999,-2.452699999999999,252.56999999999994,7
