weight,alogp,tpsa,hbd
859.19274930809,-0.44380000000000064,360.65000000000003,12
