weight,alogp,tpsa,hbd
131.045667084,-1.978699999999999,92.41999999999999,3
