weight,alogp,tpsa,hbd
416.32904526799996,5.793800000000007,38.69,1
