weight,alogp,tpsa,hbd
703.1056898339997,-0.04130000000000095,281.8299999999999,6
