weight,alogp,tpsa,hbd
1028.041878378,-5.040799999999989,508.2300000000001,13
