weight,alogp,tpsa,hbd
879.1676384579998,-0.5759999999999954,380.7,9
