weight,alogp,tpsa,hbd
518.3243538119999,2.720300000000002,135.29,5
