weight,alogp,tpsa,hbd
625.3033010839998,2.776900000000003,216.34999999999997,7
