weight,alogp,tpsa,hbd
523.9746756699998,-2.624599999999999,293.0499999999999,8
