weight,alogp,tpsa,hbd
286.15689456399997,3.5230000000000032,57.53,2
