weight,alogp,tpsa,hbd
580.3458771039999,0.6350000000000029,195.6,7
