weight,alogp,tpsa,hbd
909.3199549440001,-11.148400000000022,433.7200000000001,16
