weight,alogp,tpsa,hbd
459.06827535199983,-4.1795999999999935,238.60999999999996,7
