weight,alogp,tpsa,hbd
418.3446953319999,5.331900000000008,60.69,3
