weight,alogp,tpsa,hbd
276.13213636,-0.5237999999999994,149.95,5
