weight,alogp,tpsa,hbd
277.09099982000004,-2.9679999999999964,179.04999999999998,6
