weight,alogp,tpsa,hbd
702.5434547079999,8.771300000000009,124.29,4
