weight,alogp,tpsa,hbd
1078.5797931640002,-2.8070999999999957,411.28000000000003,15
