weight,alogp,tpsa,hbd
142.037842052,-1.0115,75.27000000000001,2
