weight,alogp,tpsa,hbd
276.095750852,-1.3872999999999978,167.01999999999998,5
