weight,alogp,tpsa,hbd
182.021523292,0.15619999999999978,94.83000000000001,3
