weight,alogp,tpsa,hbd
284.092593654,1.7434999999999994,85.78999999999999,3
