weight,alogp,tpsa,hbd
70.053098192,-0.1412199999999998,49.81,1
