weight,alogp,tpsa,hbd
103.02694302,-1.0535999999999999,80.39,2
