weight,alogp,tpsa,hbd
560.3349184959999,3.291100000000003,141.36,4
