weight,alogp,tpsa,hbd
674.0154180599998,-4.553399999999992,272.44999999999993,7
