weight,alogp,tpsa,hbd
170.0579088,-0.3209,77.75999999999999,3
