weight,alogp,tpsa,hbd
281.080041212,2.3843000000000005,84.6,1
