weight,alogp,tpsa,hbd
398.35486609199995,7.41070000000001,20.23,1
