weight,alogp,tpsa,hbd
1053.3448745419998,4.810400000000006,363.62999999999994,9
