weight,alogp,tpsa,hbd
376.19982199599997,1.6045999999999996,95.94000000000001,2
