weight,alogp,tpsa,hbd
248.1412445,2.7620000000000013,38.83,0
