weight,alogp,tpsa,hbd
353.25874009609004,4.111500000000002,43.09,1
