weight,alogp,tpsa,hbd
333.06959567999996,-2.731899999999996,134.17000000000002,3
