weight,alogp,tpsa,hbd
197.02149967,-0.8791000000000002,96.22,3
