weight,alogp,tpsa,hbd
173.047678464,1.9329999999999996,50.190000000000005,1
