weight,alogp,tpsa,hbd
430.30830982399993,4.972800000000006,55.760000000000005,1
