weight,alogp,tpsa,hbd
423.16416475999995,-0.0008999999999995123,219.58999999999997,9
