weight,alogp,tpsa,hbd
560.3533624959999,0.9221000000000039,205.84,6
