weight,alogp,tpsa,hbd
452.18484062799996,3.699900000000002,80.45,3
