weight,alogp,tpsa,hbd
326.1114009159999,-0.37570000000000014,156.51999999999998,5
