weight,alogp,tpsa,hbd
117.053826464,-1.4459299999999997,99.2,4
