weight,alogp,tpsa,hbd
318.20423867999995,0.2637000000000001,99.38000000000001,4
