weight,alogp,tpsa,hbd
324.13615911999995,4.208200000000003,77.76,3
