weight,alogp,tpsa,hbd
846.4415088040001,4.615720000000004,205.55,5
