weight,alogp,tpsa,hbd
346.11648629599995,2.1756,107.77000000000001,1
