weight,alogp,tpsa,hbd
402.02293259199985,-1.2802800000000003,197.60999999999999,5
