weight,alogp,tpsa,hbd
137.084063972,0.6787000000000001,46.25,2
