weight,alogp,tpsa,hbd
719.0043347200001,-3.596729999999998,385.45,11
