weight,alogp,tpsa,hbd
440.23449325200005,2.9505,104.72999999999999,3
