weight,alogp,tpsa,hbd
347.093977024,0.4448999999999995,112.73,3
