weight,alogp,tpsa,hbd
1019.3241390979999,3.325000000000003,380.69999999999993,9
