weight,alogp,tpsa,hbd
331.141972772,1.1952999999999998,60.390000000000015,1
