weight,alogp,tpsa,hbd
454.283157696,5.093080000000005,63.95,0
