weight,alogp,tpsa,hbd
154.037842052,-0.39410000000000006,83.04999999999998,2
