weight,alogp,tpsa,hbd
213.01641429000003,-0.49170000000000025,102.28999999999999,2
