weight,alogp,tpsa,hbd
258.169190564,-1.3359999999999983,116.47999999999999,5
