weight,alogp,tpsa,hbd
168.057514876,1.8960000000000001,17.07,0
