weight,alogp,tpsa,hbd
594.1824576800001,6.886700000000008,130.66,4
