weight,alogp,tpsa,hbd
764.719902944,19.627599999999987,0.0,0
