weight,alogp,tpsa,hbd
679.0944564539998,-0.6242999999999994,273.11999999999995,6
