weight,alogp,tpsa,hbd
205.13274547999998,0.23653999999999997,97.78,5
