weight,alogp,tpsa,hbd
735.2374488520002,-3.0259199999999926,287.53999999999996,9
