weight,alogp,tpsa,hbd
183.93529476,-1.5750000000000002,94.83000000000001,3
