weight,alogp,tpsa,hbd
102.031694052,0.05010000000000009,54.37,1
