weight,alogp,tpsa,hbd
710.34146042,1.9518000000000038,161.37,2
