weight,alogp,tpsa,hbd
656.3228502159999,-8.717900000000018,356.19,13
