weight,alogp,tpsa,hbd
399.20774026000004,5.972400000000006,37.39,1
