weight,alogp,tpsa,hbd
178.084123548,-1.5397000000000003,79.15,3
