weight,alogp,tpsa,hbd
454.19915329999986,3.9246000000000034,95.34,0
