weight,alogp,tpsa,hbd
320.23514488399996,5.187500000000004,57.53,2
