weight,alogp,tpsa,hbd
90.031694052,-1.4599000000000002,57.53,2
