weight,alogp,tpsa,hbd
424.19982199599997,2.5731,95.94000000000001,2
