weight,alogp,tpsa,hbd
420.36034539599996,5.554300000000006,60.69,3
