weight,alogp,tpsa,hbd
288.024633246,-2.7777999999999996,181.82,6
