weight,alogp,tpsa,hbd
531.198866678,-3.129829999999995,304.94,11
