weight,alogp,tpsa,hbd
177.958834728,2.4046000000000003,40.46,2
