weight,alogp,tpsa,hbd
238.06299418,3.1656000000000013,50.440000000000005,1
