weight,alogp,tpsa,hbd
429.26677936,5.4065000000000065,40.540000000000006,1
