weight,alogp,tpsa,hbd
145.15789760799998,-0.33629999999999843,64.07,3
