weight,alogp,tpsa,hbd
310.16812794399993,2.870200000000002,56.59,2
