weight,alogp,tpsa,hbd
965.2771889059999,1.5564000000000024,383.86,10
