weight,alogp,tpsa,hbd
334.066498058,-4.340099999999997,197.36999999999998,8
