weight,alogp,tpsa,hbd
529.3999845960899,4.407500000000004,59.0,1
