weight,alogp,tpsa,hbd
101.047678464,-0.43770000000000003,63.32,2
