weight,alogp,tpsa,hbd
153.10144535199998,-0.5647299999999997,90.58000000000001,4
