weight,alogp,tpsa,hbd
54.010564684,-0.18150000000000005,17.07,0
