weight,alogp,tpsa,hbd
242.07097202,3.060500000000002,35.53,0
