weight,alogp,tpsa,hbd
274.22966558,4.988300000000005,17.07,0
