weight,alogp,tpsa,hbd
404.2562742519999,4.1955000000000044,72.83,1
