weight,alogp,tpsa,hbd
151.018876872,2.406080000000001,23.79,0
