weight,alogp,tpsa,hbd
309.209264484,4.292000000000003,20.310000000000002,0
