weight,alogp,tpsa,hbd
283.10424458,-3.120699999999996,141.82999999999998,4
