weight,alogp,tpsa,hbd
264.13615912,2.2499000000000002,74.6,2
