weight,alogp,tpsa,hbd
424.14567824799997,4.744400000000003,92.41999999999999,2
