weight,alogp,tpsa,hbd
74.036779432,0.4809999999999999,37.3,1
