weight,alogp,tpsa,hbd
190.084123548,0.16369999999999996,83.83,2
