weight,alogp,tpsa,hbd
809.125773646,-1.3153999999999957,363.62999999999994,9
