weight,alogp,tpsa,hbd
253.025418796,0.8792999999999997,101.37,3
