weight,alogp,tpsa,hbd
166.07825032,2.6176000000000013,0.0,0
