weight,alogp,tpsa,hbd
267.095416504,-2.5302999999999987,142.52,4
