weight,alogp,tpsa,hbd
163.063328528,0.8461999999999998,49.33,2
