weight,alogp,tpsa,hbd
198.115698448,2.695800000000001,38.91,1
