weight,alogp,tpsa,hbd
216.042258736,2.5478000000000005,52.58,0
