weight,alogp,tpsa,hbd
248.15247788,1.9055999999999993,57.28,3
