weight,alogp,tpsa,hbd
853.1519883939999,-1.7068999999999936,383.86,10
