weight,alogp,tpsa,hbd
534.319268432,3.1102000000000007,114.68000000000002,3
