weight,alogp,tpsa,hbd
214.099379688,1.1125999999999998,29.46,1
