weight,alogp,tpsa,hbd
1318.6193771159997,-2.676399999999995,445.1900000000001,14
