weight,alogp,tpsa,hbd
134.04015056,-0.9956999999999996,40.129999999999995,0
