weight,alogp,tpsa,hbd
837.157073774,-0.6792999999999962,363.62999999999994,9
