weight,alogp,tpsa,hbd
1380.6561565480001,-4.378500000000027,491.97000000000014,18
