weight,alogp,tpsa,hbd
144.042258736,0.07030000000000008,55.76,1
