weight,alogp,tpsa,hbd
162.100442308,-0.45260000000000006,95.58,4
