weight,alogp,tpsa,hbd
1759.482687232089,-6.571899999999967,715.9400000000004,25
