weight,alogp,tpsa,hbd
182.08037556,-0.9867999999999997,115.12,3
