weight,alogp,tpsa,hbd
282.107652928,-2.3977999999999997,165.55999999999997,5
