weight,alogp,tpsa,hbd
469.158410684,-3.0963999999999965,202.16,8
