weight,alogp,tpsa,hbd
348.124070212,4.205020000000003,56.85,0
