weight,alogp,tpsa,hbd
780.465992236,1.776900000000003,207.98999999999995,8
