weight,alogp,tpsa,hbd
434.231139188,-2.4558999999999953,188.67,8
