weight,alogp,tpsa,hbd
204.097088244,-2.4627999999999997,151.37,6
