weight,alogp,tpsa,hbd
301.07976644,-1.2265000000000004,142.52,4
