weight,alogp,tpsa,hbd
443.1553313919999,0.009999999999999454,211.88999999999996,7
