weight,alogp,tpsa,hbd
260.031056018,-1.4256000000000006,133.55,4
