weight,alogp,tpsa,hbd
386.08491139599994,-1.4223000000000001,191.04999999999998,6
