weight,alogp,tpsa,hbd
91.039519084,-1.1795000000000002,49.69,2
