weight,alogp,tpsa,hbd
287.209658408,1.1048999999999993,66.43,0
