weight,alogp,tpsa,hbd
192.063388104,-2.3213999999999992,118.22000000000001,5
