weight,alogp,tpsa,hbd
111.0320284,0.7128999999999999,53.089999999999996,2
