weight,alogp,tpsa,hbd
861.120688266,-0.42849999999999633,376.7699999999999,9
