weight,alogp,tpsa,hbd
290.2245802,3.959100000000003,37.3,1
