weight,alogp,tpsa,hbd
422.23045342799986,2.132999999999999,99.13,1
