weight,alogp,tpsa,hbd
976.3787529280003,-5.22519999999998,391.20000000000005,14
