weight,alogp,tpsa,hbd
454.0737086779999,-3.1484999999999976,263.98999999999995,8
