weight,alogp,tpsa,hbd
218.105527688,1.3829999999999996,65.11999999999999,3
