weight,alogp,tpsa,hbd
251.100501884,-2.757599999999998,142.47000000000003,5
