weight,alogp,tpsa,hbd
220.084792244,0.8278999999999999,99.34,4
