weight,alogp,tpsa,hbd
440.1318615879999,-2.398699999999997,169.05,4
