weight,alogp,tpsa,hbd
182.056566116,-0.3357000000000003,95.08,3
