weight,alogp,tpsa,hbd
527.2326382439999,-7.270599999999996,272.06,11
