weight,alogp,tpsa,hbd
160.97990452,2.5756000000000006,26.02,1
