weight,alogp,tpsa,hbd
254.0579088,2.714000000000001,66.76,2
