weight,alogp,tpsa,hbd
439.0276734919999,-2.5227999999999966,200.24999999999997,5
