weight,alogp,tpsa,hbd
233.11240396,-1.4274299999999984,143.37,4
