weight,alogp,tpsa,hbd
196.05830272400001,-3.4914999999999985,138.45000000000002,6
