weight,alogp,tpsa,hbd
278.100167536,-2.731899999999998,136.68,5
