weight,alogp,tpsa,hbd
683.1353365519998,-3.491599999999992,337.8499999999999,9
