weight,alogp,tpsa,hbd
304.058302724,1.1862999999999997,127.45000000000002,5
