weight,alogp,tpsa,hbd
352.1786926279999,2.5672000000000006,65.56,2
