weight,alogp,tpsa,hbd
503.16120991199983,-7.084399999999989,257.67999999999995,10
