weight,alogp,tpsa,hbd
435.0327588719999,-1.6751999999999982,183.17999999999998,5
