weight,alogp,tpsa,hbd
858.5692282879999,16.71739999999996,113.28999999999999,3
