weight,alogp,tpsa,hbd
386.1212969039999,-1.2343000000000002,155.14000000000001,5
