weight,alogp,tpsa,hbd
378.90218077599997,0.8210000000000004,118.35999999999999,3
