weight,alogp,tpsa,hbd
563.301189442,6.121300000000007,110.21000000000001,1
