weight,alogp,tpsa,hbd
449.2777379679999,1.4479000000000004,88.46000000000001,2
