weight,alogp,tpsa,hbd
341.0535516919999,3.336700000000002,108.13000000000001,1
