weight,alogp,tpsa,hbd
124.052429496,0.8844999999999998,40.46,2
