weight,alogp,tpsa,hbd
225.136493468,1.4742999999999997,39.72,1
