weight,alogp,tpsa,hbd
260.031056018,-1.4256000000000009,133.55,4
