weight,alogp,tpsa,hbd
407.0378442519999,-1.204399999999999,166.10999999999999,5
