weight,alogp,tpsa,hbd
1181.4286041659996,4.017900000000006,404.09000000000003,11
