weight,alogp,tpsa,hbd
428.11959625000003,-0.7791999999999983,206.93,4
