weight,alogp,tpsa,hbd
562.4022102079999,10.93719999999999,77.75999999999999,3
