weight,alogp,tpsa,hbd
342.21949481999997,4.004500000000003,54.37,1
