weight,alogp,tpsa,hbd
178.06299418,0.8819999999999999,57.53,2
