weight,alogp,tpsa,hbd
332.23514488399996,3.4877000000000025,57.53,2
