weight,alogp,tpsa,hbd
354.2406241879999,3.3531000000000013,97.99000000000001,4
