weight,alogp,tpsa,hbd
181.086956432,-2.740299999999996,26.3,0
