weight,alogp,tpsa,hbd
584.9370000239999,-6.383500000000002,125.25999999999999,3
