weight,alogp,tpsa,hbd
448.1005614599998,-0.24450000000000022,190.27999999999997,7
