weight,alogp,tpsa,hbd
348.15728848799995,0.6462999999999993,100.9,2
