weight,alogp,tpsa,hbd
91.993200368,0.0007999999999999674,37.3,2
