weight,alogp,tpsa,hbd
323.19976242,2.9060000000000006,39.34,1
