weight,alogp,tpsa,hbd
306.03104241999995,3.046900000000001,116.39000000000001,2
