weight,alogp,tpsa,hbd
408.1056468399999,-0.13570000000000065,151.96,4
