weight,alogp,tpsa,hbd
425.0450378079999,-1.3993,186.33999999999997,6
