weight,alogp,tpsa,hbd
132.089877624,-0.8627999999999991,89.34,3
