weight,alogp,tpsa,hbd
871.1414237099999,-0.021499999999995967,363.62999999999994,9
