weight,alogp,tpsa,hbd
414.13781181999997,3.4407000000000023,59.59,2
