weight,alogp,tpsa,hbd
426.0879056639999,-2.3425999999999947,222.14,7
