weight,alogp,tpsa,hbd
235.069201756,-2.9852999999999996,136.32000000000002,5
