weight,alogp,tpsa,hbd
190.106590308,-2.367629999999999,145.45000000000002,6
