weight,alogp,tpsa,hbd
246.023180168,-0.2809999999999997,86.74000000000001,0
