weight,alogp,tpsa,hbd
188.039277968,4.0070000000000014,0.0,0
