weight,alogp,tpsa,hbd
1201.841367992,3.269000000000003,278.79999999999995,5
