weight,alogp,tpsa,hbd
152.047344116,1.3988200000000002,57.53,2
