weight,alogp,tpsa,hbd
344.173607248,2.2233,90.82000000000001,4
