weight,alogp,tpsa,hbd
276.183778008,1.96282,45.33,1
