weight,alogp,tpsa,hbd
673.230352092,-7.591000000000005,332.95,12
