weight,alogp,tpsa,hbd
905.2862050120901,2.504700000000005,316.08,7
