weight,alogp,tpsa,hbd
467.25912776399997,-6.295800000000005,268.16999999999996,10
