weight,alogp,tpsa,hbd
468.36034539599996,8.208300000000007,54.370000000000005,1
