weight,alogp,tpsa,hbd
812.4279892720001,-2.302999999999991,307.01,12
