weight,alogp,tpsa,hbd
458.12026494599985,-0.9328600000000007,208.43999999999997,8
