weight,alogp,tpsa,hbd
70.005479304,-0.2958000000000001,37.3,1
