weight,alogp,tpsa,hbd
272.068473484,2.2591000000000014,94.83,3
