weight,alogp,tpsa,hbd
228.208930136,4.7721000000000044,37.3,1
