weight,alogp,tpsa,hbd
88.10004838399999,-0.3159999999999998,52.04,2
