weight,alogp,tpsa,hbd
347.06308441799996,-1.863,186.07000000000002,5
