weight,alogp,tpsa,hbd
275.111735264,-1.9865999999999975,172.81,5
