weight,alogp,tpsa,hbd
232.121177752,1.8550999999999995,54.12,2
