weight,alogp,tpsa,hbd
702.288756152,1.4126000000000019,201.55999999999995,2
