weight,alogp,tpsa,hbd
197.068807832,0.052199999999999636,103.78,4
