weight,alogp,tpsa,hbd
242.05388806409,3.0454000000000017,0.0,0
