weight,alogp,tpsa,hbd
321.09945632800003,-1.8159999999999972,158.82000000000002,6
