weight,alogp,tpsa,hbd
273.92992718400006,2.1949000000000005,54.370000000000005,1
