weight,alogp,tpsa,hbd
190.110613068,1.6776999999999997,51.04,2
