weight,alogp,tpsa,hbd
483.3018445399999,4.4265000000000025,103.7,3
