weight,alogp,tpsa,hbd
430.38108084,8.840260000000004,29.46,1
