weight,alogp,tpsa,hbd
839.099952822,-2.2506999999999935,400.92999999999995,10
