weight,alogp,tpsa,hbd
247.94870503200002,-0.2962000000000001,139.59,3
