weight,alogp,tpsa,hbd
595.0117894499999,-2.1591999999999993,325.65999999999997,8
