weight,alogp,tpsa,hbd
893.21967403,1.0252000000000026,363.62999999999994,9
