weight,alogp,tpsa,hbd
124.052429496,1.4062199999999996,40.46,2
