weight,alogp,tpsa,hbd
664.382262612,2.793200000000002,183.20999999999998,6
