weight,alogp,tpsa,hbd
883.12616757,-2.499699999999993,421.15999999999997,11
