weight,alogp,tpsa,hbd
300.26644501199996,5.3033000000000055,57.53,2
