weight,alogp,tpsa,hbd
274.084123548,2.3245,97.99000000000001,4
