weight,alogp,tpsa,hbd
794.1022985499999,-1.192599999999997,363.62999999999994,9
