weight,alogp,tpsa,hbd
464.53210217599997,13.119299999999976,0.0,0
