weight,alogp,tpsa,hbd
477.03888413199996,-4.953199999999998,176.33999999999997,2
