weight,alogp,tpsa,hbd
211.048072388,-0.4733000000000001,103.70000000000002,3
