weight,alogp,tpsa,hbd
921.21458865,0.4502000000000028,380.69999999999993,9
