weight,alogp,tpsa,hbd
380.1001845999999,-1.961699999999997,199.36,6
