weight,alogp,tpsa,hbd
536.0444558839998,-4.152999999999996,276.76,8
