weight,alogp,tpsa,hbd
171.100776656,-0.6766000000000005,84.22,3
