weight,alogp,tpsa,hbd
950.1540782400003,-1.3261999999999925,359.34,8
