weight,alogp,tpsa,hbd
1404.85396168,10.873999999999995,393.39,12
