weight,alogp,tpsa,hbd
673.230352092,-7.5910000000000055,332.94999999999993,12
