weight,alogp,tpsa,hbd
179.079372516,-3.648399999999999,113.18,6
