weight,alogp,tpsa,hbd
140.058577496,0.047200000000000075,55.12,1
