weight,alogp,tpsa,hbd
805.1373838859998,-1.7924999999999964,342.52,9
