weight,alogp,tpsa,hbd
286.15689456399997,2.7882000000000016,57.53,2
