weight,alogp,tpsa,hbd
395.1063751119999,-4.183899999999992,193.46999999999997,6
