weight,alogp,tpsa,hbd
621.3023299679999,1.3462600000000047,250.53999999999996,9
