weight,alogp,tpsa,hbd
252.089877624,1.9739999999999998,61.690000000000005,2
