weight,alogp,tpsa,hbd
198.05282342,0.5187999999999995,86.99000000000001,3
