weight,alogp,tpsa,hbd
78.011707556,0.040500000000000036,37.3,1
