weight,alogp,tpsa,hbd
242.06677283,-2.7556000000000003,159.26,6
