weight,alogp,tpsa,hbd
897.141817634,-2.253699999999992,421.16,11
