weight,alogp,tpsa,hbd
260.02971862600003,-3.1027999999999993,156.91,6
