weight,alogp,tpsa,hbd
27.99491462,-0.03751,19.9,0
