weight,alogp,tpsa,hbd
276.245315644,4.780100000000005,20.23,1
