weight,alogp,tpsa,hbd
318.27914119209,4.721100000000004,20.23,1
