weight,alogp,tpsa,hbd
532.2308473519998,0.8952999999999995,159.19,4
