weight,alogp,tpsa,hbd
432.32395988799993,4.764600000000006,58.92,2
