weight,alogp,tpsa,hbd
911.157467698,-1.7194999999999931,421.15999999999997,11
