weight,alogp,tpsa,hbd
483.0791284059998,-0.5870999999999998,232.59999999999994,6
