weight,alogp,tpsa,hbd
349.09502258,3.619600000000001,60.390000000000015,1
