weight,alogp,tpsa,hbd
594.272986936,6.556400000000008,83.86000000000001,2
