weight,alogp,tpsa,hbd
277.183049736,4.168600000000003,3.24,0
