weight,alogp,tpsa,hbd
316.05830272399993,2.2910000000000013,120.36000000000001,4
