weight,alogp,tpsa,hbd
298.25079494799996,5.079300000000004,57.53,2
