weight,alogp,tpsa,hbd
131.069476528,-1.0558299999999996,99.19999999999999,4
