weight,alogp,tpsa,hbd
304.27661577199996,5.417800000000006,20.23,1
