weight,alogp,tpsa,hbd
1354.5674001259993,2.722220000000007,477.85,9
