weight,alogp,tpsa,hbd
348.15728848799995,1.2510999999999999,104.06000000000002,3
