weight,alogp,tpsa,hbd
919.2353240939998,1.5814000000000024,363.63,9
