weight,alogp,tpsa,hbd
213.147726848,0.5452699999999999,80.36,3
