weight,alogp,tpsa,hbd
396.33921602799995,7.330800000000009,20.23,1
