weight,alogp,tpsa,hbd
814.21101854,-2.52029999999999,316.04,11
