weight,alogp,tpsa,hbd
302.18819469199997,3.813900000000003,43.370000000000005,0
