weight,alogp,tpsa,hbd
942.518815656,0.7046000000000119,294.97999999999996,11
