weight,alogp,tpsa,hbd
334.21440943999994,4.344500000000003,74.6,2
