weight,alogp,tpsa,hbd
29.99798862,-0.44710000000000005,39.370000000000005,0
