weight,alogp,tpsa,hbd
180.089877624,0.5059000000000002,89.34,3
