weight,alogp,tpsa,hbd
134.06914218,-1.3212999999999995,98.57,3
