weight,alogp,tpsa,hbd
272.250401024,6.141500000000006,0.0,0
