weight,alogp,tpsa,hbd
276.095750852,-1.387299999999998,167.01999999999998,5
