weight,alogp,tpsa,hbd
270.061612188,3.2541200000000012,55.13,1
