weight,alogp,tpsa,hbd
530.0702767079998,-1.19108,233.13999999999996,5
