weight,alogp,tpsa,hbd
88.10004838399999,-0.31599999999999956,52.04,2
