weight,alogp,tpsa,hbd
343.251129296,2.8210000000000015,43.7,2
