weight,alogp,tpsa,hbd
270.05282342,2.419600000000001,86.99000000000001,3
