weight,alogp,tpsa,hbd
126.031694052,0.6538200000000001,50.440000000000005,1
