weight,alogp,tpsa,hbd
304.240230264,6.2167000000000066,37.3,1
