weight,alogp,tpsa,hbd
645.0236897880001,6.936200000000005,42.68,0
