weight,alogp,tpsa,hbd
586.2791349360001,4.761220000000003,160.94999999999996,5
