weight,alogp,tpsa,hbd
150.05282342,-2.738099999999999,97.99000000000001,4
