weight,alogp,tpsa,hbd
284.11206961199997,-2.208999999999999,132.36,5
