weight,alogp,tpsa,hbd
200.090940244,-1.357099999999999,113.32,4
