weight,alogp,tpsa,hbd
308.18886338799996,3.0344000000000015,28.4,1
