weight,alogp,tpsa,hbd
168.089877624,0.04662000000000033,79.37,3
