weight,alogp,tpsa,hbd
127.0381764,-0.3099,91.99999999999999,3
