weight,alogp,tpsa,hbd
222.073952788,-2.650599999999999,116.45000000000002,4
