weight,alogp,tpsa,hbd
381.160790068,4.297500000000004,38.13,0
