weight,alogp,tpsa,hbd
135.068413908,0.7144000000000001,43.09,1
