weight,alogp,tpsa,hbd
231.074287136,-0.6002999999999996,120.77000000000001,3
