weight,alogp,tpsa,hbd
114.031694052,0.2161999999999999,54.370000000000005,1
