weight,alogp,tpsa,hbd
242.042963386,-0.8745000000000003,128.31,3
