weight,alogp,tpsa,hbd
348.10698423199995,-2.238299999999997,168.14999999999998,4
