weight,alogp,tpsa,hbd
167.073499288,3.3211000000000013,15.79,1
