weight,alogp,tpsa,hbd
87.00821895600001,-0.46300000000000013,54.37,1
