weight,alogp,tpsa,hbd
448.1005614599999,-1.3612000000000002,191.04999999999998,6
