weight,alogp,tpsa,hbd
141.090211972,-0.7282000000000002,74.92999999999999,3
