weight,alogp,tpsa,hbd
707.2484074600001,-9.605000000000015,356.7,14
