weight,alogp,tpsa,hbd
461.95628237999983,0.9400000000000004,218.09999999999997,5
