weight,alogp,tpsa,hbd
489.279863208,-3.8286999999999916,202.80999999999997,8
