weight,alogp,tpsa,hbd
299.140054624,2.0024,67.58999999999999,2
