weight,alogp,tpsa,hbd
806.445256792,3.030500000000002,229.73999999999995,7
