weight,alogp,tpsa,hbd
1068.426955488,-4.132030000000024,435.40999999999997,14
