weight,alogp,tpsa,hbd
230.0579088,2.034399999999999,77.76,3
