weight,alogp,tpsa,hbd
610.15338488,-1.687100000000001,269.42999999999995,10
