weight,alogp,tpsa,hbd
414.38616621999995,8.02480000000001,20.23,1
