weight,alogp,tpsa,hbd
546.2828829239999,3.124200000000001,131.75,3
