weight,alogp,tpsa,hbd
95.03711378,0.7871999999999999,33.120000000000005,1
