weight,alogp,tpsa,hbd
1435.6453713759993,-7.811600000000045,606.9800000000001,22
