weight,alogp,tpsa,hbd
665.2140333320001,-9.260200000000012,336.83,13
