weight,alogp,tpsa,hbd
212.094963004,3.033120000000001,37.91,1
