weight,alogp,tpsa,hbd
234.01730694,3.2105000000000015,20.23,1
