weight,alogp,tpsa,hbd
179.058243148,0.20830000000000004,73.58000000000001,3
