weight,alogp,tpsa,hbd
474.3709100799999,5.489400000000008,69.92,3
