weight,alogp,tpsa,hbd
444.3967309039999,7.5298000000000105,40.46,2
