weight,alogp,tpsa,hbd
743.20292006809,-3.3304999999999976,329.67,13
