weight,alogp,tpsa,hbd
316.240230264,4.515300000000004,37.3,1
