weight,alogp,tpsa,hbd
179.094628656,2.0437000000000003,38.33,1
