weight,alogp,tpsa,hbd
130.026608672,-0.3808000000000001,71.44,1
