weight,alogp,tpsa,hbd
372.1420323479999,-1.1119999999999997,138.07000000000002,5
