weight,alogp,tpsa,hbd
194.079038168,-3.180499999999999,110.38000000000001,5
