weight,alogp,tpsa,hbd
568.2883622279999,-0.4857999999999989,186.36999999999998,7
