weight,alogp,tpsa,hbd
304.20384475599997,2.850000000000002,57.53,2
