weight,alogp,tpsa,hbd
324.035866626,-2.6657999999999995,182.17,6
