weight,alogp,tpsa,hbd
853.4545383680003,-2.1591999999999896,315.87999999999994,12
