weight,alogp,tpsa,hbd
936.327660824,-0.7671599999999843,356.82,12
