weight,alogp,tpsa,hbd
542.485151984,13.609999999999971,0.0,0
