weight,alogp,tpsa,hbd
87.0320284,-0.4565999999999999,63.32,2
