weight,alogp,tpsa,hbd
190.05897142,-1.0272999999999997,129.72,4
