weight,alogp,tpsa,hbd
150.104465068,2.1776999999999997,17.07,0
