weight,alogp,tpsa,hbd
245.012267268,1.5455699999999997,78.97,3
