weight,alogp,tpsa,hbd
141.975836052,-0.19599999999999984,54.37,2
