weight,alogp,tpsa,hbd
145.052763844,1.5280999999999998,32.86,1
