weight,alogp,tpsa,hbd
299.152143532,1.5011,41.93000000000001,1
