weight,alogp,tpsa,hbd
391.23587315599997,1.1852999999999996,79.23000000000002,2
