weight,alogp,tpsa,hbd
864.3065314560001,3.783300000000004,354.36999999999995,11
