weight,alogp,tpsa,hbd
221.032422324,1.0497999999999998,110.88000000000002,4
