weight,alogp,tpsa,hbd
504.0845174719998,5.081040000000008,155.52,6
