weight,alogp,tpsa,hbd
202.23980180017998,1.9591999999999998,0.0,0
