weight,alogp,tpsa,hbd
536.26738478418,4.639200000000004,58.2,2
