weight,alogp,tpsa,hbd
661.2108708419997,-3.7429999999999923,284.3499999999999,8
