weight,alogp,tpsa,hbd
424.1270509799998,2.348299999999999,131.11,3
