weight,alogp,tpsa,hbd
667.1243450720002,-5.442699999999995,223.09,3
