weight,alogp,tpsa,hbd
109.963471492,0.7867999999999999,0.0,0
