weight,alogp,tpsa,hbd
865.151988394,-1.1101999999999945,380.69999999999993,9
