weight,alogp,tpsa,hbd
823.1414237099999,-0.9252999999999962,363.62999999999994,9
