weight,alogp,tpsa,hbd
147.053157768,-1.6501999999999986,100.61999999999999,3
