weight,alogp,tpsa,hbd
344.13186158799994,-5.7611999999999925,200.52999999999997,9
