weight,alogp,tpsa,hbd
290.11859090800004,3.4026000000000014,25.36,0
