weight,alogp,tpsa,hbd
89.047678464,-0.5817999999999999,63.31999999999999,2
