weight,alogp,tpsa,hbd
130.06299418,0.6862000000000001,54.37,1
