weight,alogp,tpsa,hbd
941.4705823560001,-2.9533999999999825,373.41,14
