weight,alogp,tpsa,hbd
312.208930136,3.8826000000000027,37.3,1
