weight,alogp,tpsa,hbd
282.255880328,6.1085000000000065,37.3,1
