weight,alogp,tpsa,hbd
189.958834728,2.691600000000001,37.3,1
