weight,alogp,tpsa,hbd
128.022191988,-1.2575,75.27000000000001,2
