weight,alogp,tpsa,hbd
298.03277974,1.6457999999999997,93.06000000000002,2
