weight,alogp,tpsa,hbd
154.003109954,0.032299999999999995,83.82999999999998,2
