weight,alogp,tpsa,hbd
121.08914935199999,1.1878000000000002,26.02,1
