weight,alogp,tpsa,hbd
290.178298704,3.7077000000000027,16.130000000000003,0
