weight,alogp,tpsa,hbd
114.042927432,-0.6880199999999999,87.11,2
