weight,alogp,tpsa,hbd
1003.5703504839998,12.900999999999984,201.30999999999997,6
