weight,alogp,tpsa,hbd
862.2908813920002,4.693800000000002,355.76,10
