weight,alogp,tpsa,hbd
392.19990224799994,1.8957000000000002,94.83,3
