weight,alogp,tpsa,hbd
201.036068224,2.686400000000001,41.57,1
