weight,alogp,tpsa,hbd
240.048797096,2.5679000000000007,15.6,0
