weight,alogp,tpsa,hbd
174.100442308,-0.6854000000000002,92.42,3
