weight,alogp,tpsa,hbd
215.09377312799998,1.7770999999999997,62.730000000000004,2
