weight,alogp,tpsa,hbd
412.37051615599995,8.08900000000001,20.23,1
