weight,alogp,tpsa,hbd
112.93671089200001,-0.013299999999999923,54.37,1
