weight,alogp,tpsa,hbd
426.981272756,6.117800000000003,39.41,0
