weight,alogp,tpsa,hbd
366.157957184,1.9605999999999997,67.86999999999999,1
