weight,alogp,tpsa,hbd
198.0640568,-1.0341999999999998,105.55000000000001,3
