weight,alogp,tpsa,hbd
74.024203368,-1.0949000000000002,63.32000000000001,2
