weight,alogp,tpsa,hbd
101.047678464,-0.5671000000000002,49.33,2
