weight,alogp,tpsa,hbd
423.055877264,0.47539999999999955,125.90000000000002,2
