weight,alogp,tpsa,hbd
1966.8306707959985,-10.818700000000025,761.7900000000005,26
