weight,alogp,tpsa,hbd
369.19400834399994,1.7364000000000002,74.68,1
