weight,alogp,tpsa,hbd
455.2341589039999,3.2835000000000023,141.08,5
