weight,alogp,tpsa,hbd
230.094294308,3.677100000000003,39.44,0
