weight,alogp,tpsa,hbd
382.0859740159999,-2.7859999999999987,208.8,3
