weight,alogp,tpsa,hbd
341.199093724,3.2414000000000023,58.56,2
