weight,alogp,tpsa,hbd
622.480854452,7.8579000000000105,105.45000000000002,3
