weight,alogp,tpsa,hbd
127.063328528,-0.010900000000000187,49.33,2
