weight,alogp,tpsa,hbd
180.063388104,-3.834599999999999,121.38000000000001,6
