weight,alogp,tpsa,hbd
285.188826168,5.370800000000005,34.14,0
