weight,alogp,tpsa,hbd
324.18377800799993,2.7818000000000014,56.33,2
