weight,alogp,tpsa,hbd
549.263683116,6.829400000000009,36.02,0
