weight,alogp,tpsa,hbd
148.00078784800002,-0.5167999999999999,115.06,4
