weight,alogp,tpsa,hbd
300.083485514,-4.260429999999997,215.36999999999995,9
