weight,alogp,tpsa,hbd
590.310435064,3.895640000000001,164.38,6
