weight,alogp,tpsa,hbd
762.2178356040001,-9.785100000000014,391.87,14
