weight,alogp,tpsa,hbd
211.120843404,1.1291999999999998,72.72,4
