weight,alogp,tpsa,hbd
102.09134042408999,-0.10850000000000004,17.07,0
