weight,alogp,tpsa,hbd
356.28008369599996,2.9494000000000007,89.79,4
