weight,alogp,tpsa,hbd
334.070895852,-1.7333999999999978,175.89,5
