weight,alogp,tpsa,hbd
374.1365530439999,2.571400000000002,127.45000000000002,5
