weight,alogp,tpsa,hbd
61.016378336,-0.37689999999999985,63.32,2
