weight,alogp,tpsa,hbd
183.971433464,2.3528000000000002,9.23,0
