weight,alogp,tpsa,hbd
174.027671292,-2.3600999999999996,115.73,4
