weight,alogp,tpsa,hbd
468.00700775599984,-2.8358999999999988,256.03999999999996,7
