weight,alogp,tpsa,hbd
172.037173356,-0.08300000000000024,91.66999999999999,2
