weight,alogp,tpsa,hbd
144.115029752,2.2874000000000008,37.3,1
