weight,alogp,tpsa,hbd
396.12677620799985,-4.191799999999993,176.76,6
