weight,alogp,tpsa,hbd
368.23112212399997,1.9405999999999999,95.94,2
