weight,alogp,tpsa,hbd
520.1944618439999,0.5170000000000015,165.89,3
