weight,alogp,tpsa,hbd
389.0723117099999,-3.7547999999999977,223.30999999999995,8
