weight,alogp,tpsa,hbd
354.07242499999995,5.316200000000005,6.48,0
