weight,alogp,tpsa,hbd
494.21519728799984,-0.15109999999999868,159.82,4
