weight,alogp,tpsa,hbd
879.182405896,-5.298199999999999,427.66,12
