weight,alogp,tpsa,hbd
340.10056145999994,-4.419999999999995,167.53,6
