weight,alogp,tpsa,hbd
613.2648249,0.9397000000000031,172.84,3
