weight,alogp,tpsa,hbd
209.10519334,0.8250999999999995,72.55,2
