weight,alogp,tpsa,hbd
212.990414512,-0.15979999999999994,80.39,2
