weight,alogp,tpsa,hbd
370.22564282,5.110420000000006,56.85000000000001,0
