weight,alogp,tpsa,hbd
138.008195334,-0.09110000000000007,70.06,2
