weight,alogp,tpsa,hbd
233.080528368,-0.31493000000000054,108.07,4
