weight,alogp,tpsa,hbd
309.168856216,-0.19499999999999879,89.95000000000002,2
