weight,alogp,tpsa,hbd
160.0136383,-3.2402999999999995,60.36,1
