weight,alogp,tpsa,hbd
120.011924432,-0.40420000000000006,63.31999999999999,2
