weight,alogp,tpsa,hbd
112.93725947191001,-0.6638999999999999,54.37,1
