weight,alogp,tpsa,hbd
72.021129368,0.25700000000000006,37.3,1
