weight,alogp,tpsa,hbd
1208.645462128,-1.2284300000000028,429.0399999999999,16
