weight,alogp,tpsa,hbd
219.074287136,-2.8693999999999997,116.09,4
