weight,alogp,tpsa,hbd
103.02694302,-0.07890000000000008,69.89,2
