weight,alogp,tpsa,hbd
151.063328528,0.7420999999999998,52.49,3
