weight,alogp,tpsa,hbd
316.20384475599997,4.075000000000003,54.37,1
