weight,alogp,tpsa,hbd
362.06677282999993,1.5487999999999995,116.17000000000002,3
