weight,alogp,tpsa,hbd
209.948663968,1.4009999999999998,74.6,2
