weight,alogp,tpsa,hbd
295.17835828,1.5299,67.78999999999999,2
