weight,alogp,tpsa,hbd
1295.6774905279997,-1.1235300000000177,493.2199999999999,17
