weight,alogp,tpsa,hbd
684.1418937919999,-7.186199999999989,336.5799999999999,10
