weight,alogp,tpsa,hbd
410.1576824119999,-1.9531999999999974,153.75,5
