weight,alogp,tpsa,hbd
68.026214748,0.20859999999999995,17.07,0
