weight,alogp,tpsa,hbd
183.100776656,-0.03300000000000014,69.21999999999998,2
