weight,alogp,tpsa,hbd
470.1940679199999,3.1374000000000013,104.57,0
