weight,alogp,tpsa,hbd
538.9678164619999,-2.2193000000000005,282.03,8
