weight,alogp,tpsa,hbd
161.068807832,-0.6485000000000003,89.62,2
