weight,alogp,tpsa,hbd
672.923069868,-5.446299999999995,360.87999999999994,7
