weight,alogp,tpsa,hbd
189.048955014,0.15769999999999995,9.03,0
