weight,alogp,tpsa,hbd
629.3199967039999,1.928900000000002,125.38000000000002,2
