weight,alogp,tpsa,hbd
200.094963004,2.2386000000000013,48.379999999999995,2
