weight,alogp,tpsa,hbd
935.2302387139998,0.984400000000003,380.7,9
