weight,alogp,tpsa,hbd
395.163376912,4.6212000000000035,75.11000000000001,2
