weight,alogp,tpsa,hbd
475.0770391199999,-0.6631000000000009,179.67,4
