weight,alogp,tpsa,hbd
682.247285264,-2.368599999999993,245.03999999999994,6
