weight,alogp,tpsa,hbd
499.1656546,8.644300000000003,23.47,1
