weight,alogp,tpsa,hbd
932.5344657200002,-0.5829999999999896,298.14,12
