weight,alogp,tpsa,hbd
332.05321734399996,1.9966000000000008,140.59,5
