weight,alogp,tpsa,hbd
87.0320284,-0.27380000000000004,38.33,1
