weight,alogp,tpsa,hbd
217.058637072,-1.2158999999999998,123.93,4
