weight,alogp,tpsa,hbd
901.1519883939999,-0.3869999999999955,383.86,10
