weight,alogp,tpsa,hbd
202.082780864,-0.8529999999999993,121.51999999999998,4
