weight,alogp,tpsa,hbd
145.085126592,-0.6657299999999999,99.19999999999999,4
