weight,alogp,tpsa,hbd
219.074287136,-0.8035999999999994,126.92000000000002,3
