weight,alogp,tpsa,hbd
302.04265266,1.9880000000000004,131.36,5
