weight,alogp,tpsa,hbd
244.034804006,-2.2326000000000006,144.52,5
