weight,alogp,tpsa,hbd
668.330895736,1.3810000000000027,155.3,3
