weight,alogp,tpsa,hbd
521.0113955259999,-2.2247999999999997,289.86999999999995,8
