weight,alogp,tpsa,hbd
506.9862297999998,-1.9188999999999998,275.96999999999997,6
