weight,alogp,tpsa,hbd
170.05138394,1.38499,48.65,2
