weight,alogp,tpsa,hbd
186.148061196,-0.2241299999999996,91.0,4
