weight,alogp,tpsa,hbd
711.4322631819999,4.914200000000005,212.30999999999997,7
