weight,alogp,tpsa,hbd
1104.5716390760006,-1.2307999999999872,363.13000000000005,13
