weight,alogp,tpsa,hbd
463.300598652,-3.5881999999999925,213.72,8
