weight,alogp,tpsa,hbd
192.02700259600002,-2.1518999999999995,105.45000000000002,3
