weight,alogp,tpsa,hbd
136.125200512,2.9987000000000013,0.0,0
