weight,alogp,tpsa,hbd
363.14640651999997,-0.7913999999999972,158.82,6
