weight,alogp,tpsa,hbd
188.116092372,-0.2952999999999992,92.42,3
