weight,alogp,tpsa,hbd
256.240230264,5.552300000000005,37.3,1
