weight,alogp,tpsa,hbd
357.201218964,-1.2512299999999952,169.92999999999998,6
