weight,alogp,tpsa,hbd
357.029852544,1.3524199999999997,123.16999999999999,2
