weight,alogp,tpsa,hbd
159.953174592,0.7867999999999999,0.0,0
