weight,alogp,tpsa,hbd
212.025563116,-0.3697,69.64000000000001,2
