weight,alogp,tpsa,hbd
547.0968258039998,-2.4620799999999967,262.31999999999994,7
