weight,alogp,tpsa,hbd
60.021129368000004,0.09089999999999993,37.3,1
