weight,alogp,tpsa,hbd
531.180395212,4.462700000000003,64.88000000000001,0
