weight,alogp,tpsa,hbd
414.38616622,8.02480000000001,20.23,1
