weight,alogp,tpsa,hbd
352.2249741239999,2.818900000000001,97.99000000000001,4
