weight,alogp,tpsa,hbd
326.1001675359999,-1.0368999999999997,136.68,5
