weight,alogp,tpsa,hbd
315.147058152,2.583700000000002,73.16000000000001,3
