weight,alogp,tpsa,hbd
106.02660867200001,-1.5757999999999999,77.76,3
