weight,alogp,tpsa,hbd
870.2178356040002,-5.615099999999996,409.20000000000005,12
