weight,alogp,tpsa,hbd
260.02971862600003,-3.1028000000000002,156.91,6
