weight,alogp,tpsa,hbd
164.058577496,0.2655799999999999,55.019999999999996,0
