weight,alogp,tpsa,hbd
400.37051615599995,7.634700000000009,20.23,1
