weight,alogp,tpsa,hbd
248.061948624,1.6838,86.17999999999999,2
