weight,alogp,tpsa,hbd
116.01095860800001,-0.28819999999999985,74.6,2
