weight,alogp,tpsa,hbd
923.157467698,-1.121199999999993,417.99999999999994,10
