weight,alogp,tpsa,hbd
155.03474443000002,-0.5571000000000002,92.77999999999999,3
