weight,alogp,tpsa,hbd
607.198968766,-7.153599999999999,318.59000000000003,12
