weight,alogp,tpsa,hbd
161.068807832,-0.6484999999999999,89.62,2
