weight,alogp,tpsa,hbd
253.052112212,1.36602,98.22,2
