weight,alogp,tpsa,hbd
514.2368762000001,7.2644200000000065,72.94,1
