weight,alogp,tpsa,hbd
187.115661228,3.851200000000003,17.07,0
