weight,alogp,tpsa,hbd
292.090665472,-3.9890999999999956,157.57999999999998,6
