weight,alogp,tpsa,hbd
221.091274592,-0.1708000000000005,113.22999999999999,3
