weight,alogp,tpsa,hbd
162.05282342,-2.1758000000000006,79.15,3
