weight,alogp,tpsa,hbd
195.890224472,2.5084999999999997,0.0,0
