weight,alogp,tpsa,hbd
426.38616622,8.16890000000001,20.23,1
