weight,alogp,tpsa,hbd
204.187800768,4.7252000000000045,0.0,0
