weight,alogp,tpsa,hbd
231.00787805000002,-1.5852299999999995,142.74,6
