weight,alogp,tpsa,hbd
810.4203794360002,3.9909000000000034,154.1,3
