weight,alogp,tpsa,hbd
59.073499287999994,0.35350000000000004,26.02,1
