weight,alogp,tpsa,hbd
140.047344116,1.1118199999999996,60.69,3
