weight,alogp,tpsa,hbd
35.03711378,0.1993999999999999,66.5,1
