weight,alogp,tpsa,hbd
199.095691276,-0.7916199999999991,116.21000000000001,3
