weight,alogp,tpsa,hbd
645.2480135359999,-8.564500000000004,321.17,14
