weight,alogp,tpsa,hbd
364.2249741239999,1.5733999999999995,97.99000000000001,4
