weight,alogp,tpsa,hbd
766.450342172,4.785300000000005,192.18999999999997,3
