weight,alogp,tpsa,hbd
202.039671892,1.0719999999999998,49.69,2
