weight,alogp,tpsa,hbd
442.1376156639999,-0.4379000000000002,181.61999999999998,6
