weight,alogp,tpsa,hbd
516.3087037479999,3.843400000000003,132.13,4
