weight,alogp,tpsa,hbd
339.147058152,3.088000000000002,40.160000000000004,0
