weight,alogp,tpsa,hbd
735.58330783809,12.006799999999988,84.85999999999999,2
