weight,alogp,tpsa,hbd
294.08250609199996,-3.7489999999999988,176.77999999999997,7
