weight,alogp,tpsa,hbd
299.07700316599994,-0.9263000000000006,153.39,5
