weight,alogp,tpsa,hbd
386.354866092,7.388700000000009,20.23,1
