weight,alogp,tpsa,hbd
328.16745924799994,4.6094000000000035,74.6,2
