weight,alogp,tpsa,hbd
356.2562742519999,3.2669000000000015,97.99000000000001,4
