weight,alogp,tpsa,hbd
351.11654587199996,-3.3009999999999957,182.84999999999997,6
