weight,alogp,tpsa,hbd
595.1657467120898,-0.7661999999999998,250.51999999999992,10
