weight,alogp,tpsa,hbd
32.997654272,-0.05970000000000003,29.46,1
