weight,alogp,tpsa,hbd
171.053157768,0.1490999999999999,86.96000000000001,2
