weight,alogp,tpsa,hbd
113.047678464,-0.1869000000000005,46.17,1
