weight,alogp,tpsa,hbd
650.7900518640001,3.9527000000000023,92.78,3
