weight,alogp,tpsa,hbd
593.1500966480899,-3.5012999999999983,250.51999999999995,10
