weight,alogp,tpsa,hbd
159.104799416,1.7515999999999998,3.24,0
