weight,alogp,tpsa,hbd
428.29265975999994,5.969600000000007,60.440000000000005,0
