weight,alogp,tpsa,hbd
853.454538368,-2.159199999999985,315.88,12
