weight,alogp,tpsa,hbd
534.3192684319998,2.1233,152.35999999999999,5
