weight,alogp,tpsa,hbd
867.1676384579999,-1.318399999999995,383.85999999999996,10
