weight,alogp,tpsa,hbd
90.05032132,1.7593999999999999,0.0,0
