weight,alogp,tpsa,hbd
195.089543276,0.7366999999999997,83.55,3
