weight,alogp,tpsa,hbd
506.9957454619998,-1.6290000000000002,279.12999999999994,7
