weight,alogp,tpsa,hbd
289.167793596,1.9309,49.769999999999996,1
