weight,alogp,tpsa,hbd
124.001656876,0.20689999999999997,20.23,3
