weight,alogp,tpsa,hbd
120.06874825599999,0.9706700000000001,49.870000000000005,2
