weight,alogp,tpsa,hbd
208.121177752,1.1618,44.120000000000005,0
