weight,alogp,tpsa,hbd
296.123302992,-1.9382999999999997,151.57,5
