weight,alogp,tpsa,hbd
154.135765196,2.671400000000001,20.23,1
