weight,alogp,tpsa,hbd
142.026608672,0.2680000000000001,74.6,2
