weight,alogp,tpsa,hbd
362.17025318399993,-1.8080999999999952,150.28,4
