weight,alogp,tpsa,hbd
556.1369469679998,5.632240000000004,148.8,3
