weight,alogp,tpsa,hbd
242.06511942,-4.120099999999996,150.61999999999998,5
