weight,alogp,tpsa,hbd
202.026608672,2.2448,63.580000000000005,1
