weight,alogp,tpsa,hbd
296.177630008,3.612600000000004,40.46,2
