weight,alogp,tpsa,hbd
637.1047104119998,-4.9970999999999925,315.53999999999996,8
