weight,alogp,tpsa,hbd
761.184466404,4.130440000000002,167.38,4
