weight,alogp,tpsa,hbd
153.090211972,0.08829999999999966,57.78,2
