weight,alogp,tpsa,hbd
169.085126592,-0.6255000000000002,81.13999999999999,2
