weight,alogp,tpsa,hbd
937.2458887779999,0.7762000000000027,383.86,10
