weight,alogp,tpsa,hbd
653.22128148,3.192800000000001,118.21000000000001,3
