weight,alogp,tpsa,hbd
907.2353240939999,1.4153000000000024,363.62999999999994,9
