weight,alogp,tpsa,hbd
572.3478052859999,6.5111000000000105,125.68,4
