weight,alogp,tpsa,hbd
350.2093240599999,3.6167000000000025,83.83000000000001,2
