weight,alogp,tpsa,hbd
285.09719003009,-0.12700000000000022,102.29,2
