weight,alogp,tpsa,hbd
434.243340218,5.245500000000007,110.13000000000002,2
