weight,alogp,tpsa,hbd
146.0579088,-0.6072000000000001,66.75999999999999,2
