weight,alogp,tpsa,hbd
251.88338856,3.5523000000000007,0.0,0
