weight,alogp,tpsa,hbd
938.33542398809,6.093600000000005,301.41999999999996,7
