weight,alogp,tpsa,hbd
229.03513835400003,-2.4988999999999995,142.47,5
