weight,alogp,tpsa,hbd
448.0610222199999,-0.6235999999999997,181.89999999999998,6
