weight,alogp,tpsa,hbd
160.037173356,-0.1050000000000001,91.66999999999999,2
