weight,alogp,tpsa,hbd
1029.3448745419998,4.478200000000005,363.62999999999994,9
