weight,alogp,tpsa,hbd
239.107691876,3.2993000000000023,29.1,1
