weight,alogp,tpsa,hbd
291.01195742,1.7633999999999994,62.2,2
