weight,alogp,tpsa,hbd
619.0564175359999,-4.536199999999993,348.78999999999996,10
