weight,alogp,tpsa,hbd
302.26096570799996,5.624400000000006,17.07,0
