weight,alogp,tpsa,hbd
400.29774513999996,6.400500000000007,43.370000000000005,0
