weight,alogp,tpsa,hbd
647.2527356540002,-6.946260000000007,360.89,15
