weight,alogp,tpsa,hbd
523.0270455899998,-1.3062,296.43999999999994,9
