weight,alogp,tpsa,hbd
267.121906024,-0.18589999999999945,124.67999999999999,5
