weight,alogp,tpsa,hbd
462.10126610999987,-4.647799999999992,233.92999999999995,8
