weight,alogp,tpsa,hbd
211.919862376,3.0579999999999994,40.46,2
