weight,alogp,tpsa,hbd
495.28972029600004,5.270900000000005,67.44999999999999,1
