weight,alogp,tpsa,hbd
318.04564692800005,-3.187599999999997,116.39999999999998,6
