weight,alogp,tpsa,hbd
349.10522929399997,2.9757000000000016,108.36000000000001,1
