weight,alogp,tpsa,hbd
314.2245802,4.723500000000004,34.14,0
