weight,alogp,tpsa,hbd
269.193911548,5.967800000000006,17.07,0
