weight,alogp,tpsa,hbd
139.030314148,-0.7769999999999995,80.39,2
