weight,alogp,tpsa,hbd
102.042927432,-1.6248999999999993,64.35,2
