weight,alogp,tpsa,hbd
352.22497412399997,3.1307000000000023,97.99000000000001,4
