weight,alogp,tpsa,hbd
256.094688232,-1.1347000000000007,99.38000000000001,4
