weight,alogp,tpsa,hbd
471.22301702799996,-0.7936999999999965,160.88,4
