weight,alogp,tpsa,hbd
115.063328528,-0.17699999999999982,49.33,2
