weight,alogp,tpsa,hbd
1015.507361788,-4.334999999999995,395.03,15
