weight,alogp,tpsa,hbd
236.079706864,0.23959999999999987,109.49,3
