weight,alogp,tpsa,hbd
113.047678464,0.30419999999999997,49.660000000000004,1
