weight,alogp,tpsa,hbd
451.29472542400003,3.193900000000002,71.67999999999999,2
