weight,alogp,tpsa,hbd
265.157897608,2.4789000000000003,19.370000000000005,0
