weight,alogp,tpsa,hbd
1597.698194795999,-9.987400000000038,686.1300000000002,25
