weight,alogp,tpsa,hbd
228.006742256,3.3653000000000013,0.0,0
