weight,alogp,tpsa,hbd
289.07976644,-0.755399999999999,158.06999999999996,4
