weight,alogp,tpsa,hbd
211.048072388,0.12819999999999976,79.23000000000002,2
