weight,alogp,tpsa,hbd
163.900716744,-1.3541,74.60000000000001,2
