weight,alogp,tpsa,hbd
339.9960491479999,-3.6005999999999996,214.43999999999997,8
