weight,alogp,tpsa,hbd
143.073499288,2.4219999999999997,26.02,1
