weight,alogp,tpsa,hbd
104.01095860800001,-1.3692000000000002,74.6,2
