weight,alogp,tpsa,hbd
597.212944792,5.314100000000006,144.60000000000002,4
