weight,alogp,tpsa,hbd
112.027277368,-0.9368000000000003,65.72,2
