weight,alogp,tpsa,hbd
224.990414512,-0.06439999999999996,80.38999999999999,2
