weight,alogp,tpsa,hbd
283.045703038,0.07979999999999965,120.38999999999999,2
