weight,alogp,tpsa,hbd
586.185747628,-7.701599999999995,295.6499999999999,11
