weight,alogp,tpsa,hbd
1268.6037270519996,-5.064700000000022,473.51000000000016,18
