weight,alogp,tpsa,hbd
374.28209507599996,5.715300000000005,54.37,1
