weight,alogp,tpsa,hbd
585.214308104,-6.796799999999992,275.41999999999996,10
