weight,alogp,tpsa,hbd
243.085520516,-1.3384199999999984,153.51,4
