weight,alogp,tpsa,hbd
989.489728264,1.9102000000000108,348.19,8
