weight,alogp,tpsa,hbd
376.1382843599999,-1.7235599999999998,161.56,5
