weight,alogp,tpsa,hbd
156.115029752,2.2723000000000004,26.3,0
