weight,alogp,tpsa,hbd
138.06807956,0.3903999999999999,40.46,2
