weight,alogp,tpsa,hbd
422.44876647600006,10.737899999999991,17.07,0
