weight,alogp,tpsa,hbd
246.125594436,2.419600000000001,43.370000000000005,0
