weight,alogp,tpsa,hbd
74.036779432,-0.4323000000000001,37.3,1
