weight,alogp,tpsa,hbd
198.06807956,2.6690000000000005,40.46,2
