weight,alogp,tpsa,hbd
794.4452567920001,2.9743000000000035,232.89999999999995,8
