weight,alogp,tpsa,hbd
780.4659922360001,2.134800000000003,215.82999999999998,8
