weight,alogp,tpsa,hbd
402.2042386799999,2.560600000000001,97.74000000000001,1
