weight,alogp,tpsa,hbd
74.036779432,-0.4339000000000001,37.3,1
