weight,alogp,tpsa,hbd
305.10117058000003,1.78138,127.69999999999999,2
