weight,alogp,tpsa,hbd
452.365430776,9.487319999999999,40.46,2
