weight,alogp,tpsa,hbd
287.152143532,2.3520000000000008,72.72,4
