weight,alogp,tpsa,hbd
117.042593084,-1.0126999999999997,80.39,2
