weight,alogp,tpsa,hbd
310.21440943999994,5.128600000000004,66.76,2
