weight,alogp,tpsa,hbd
272.083077992,-0.41399999999999965,103.86,3
