weight,alogp,tpsa,hbd
117.01878364000001,-0.1165000000000001,74.6,2
