weight,alogp,tpsa,hbd
351.914688688,6.495500000000001,0.0,0
