weight,alogp,tpsa,hbd
131.105862036,-0.6063999999999996,81.13999999999999,3
