weight,alogp,tpsa,hbd
120.057514876,2.0351999999999997,20.23,1
