weight,alogp,tpsa,hbd
908.207289868,3.2414400000000017,225.57999999999998,6
