weight,alogp,tpsa,hbd
297.08956034,-0.6093000000000008,119.30999999999999,3
