weight,alogp,tpsa,hbd
158.094294308,1.3088,43.370000000000005,0
