weight,alogp,tpsa,hbd
186.198365452,3.8996000000000035,20.23,1
