weight,alogp,tpsa,hbd
164.047344116,1.6701000000000001,57.53,2
