weight,alogp,tpsa,hbd
231.147058152,-0.45549999999999913,66.43,0
