weight,alogp,tpsa,hbd
392.29265975999994,4.4779000000000035,77.75999999999999,3
