weight,alogp,tpsa,hbd
427.02941493999987,-1.4235000000000004,232.33999999999995,6
