weight,alogp,tpsa,hbd
123.0320284,0.7798,50.190000000000005,1
