weight,alogp,tpsa,hbd
162.05282342,-2.3332,86.99000000000001,3
