weight,alogp,tpsa,hbd
180.056863244,-0.5350299999999992,104.23999999999998,3
