weight,alogp,tpsa,hbd
247.964314032,1.8952000000000004,74.6,2
