weight,alogp,tpsa,hbd
510.1056639039999,-0.16829999999999945,189.05999999999997,2
