weight,alogp,tpsa,hbd
315.09407382,-3.762099999999996,187.91999999999996,6
