weight,alogp,tpsa,hbd
275.05587379800005,3.154700000000002,87.90000000000002,0
