weight,alogp,tpsa,hbd
380.19875937599994,5.721800000000005,74.6,2
