weight,alogp,tpsa,hbd
254.101504928,-2.2130999999999985,102.28,2
