weight,alogp,tpsa,hbd
399.24095853599994,3.483900000000003,48.0,0
