weight,alogp,tpsa,hbd
192.02700259600002,-3.0766999999999993,132.13,4
