weight,alogp,tpsa,hbd
620.2832768479999,1.1209999999999998,201.02999999999997,5
