weight,alogp,tpsa,hbd
323.124622054,-1.3019999999999978,158.81999999999996,5
