weight,alogp,tpsa,hbd
96.992879618,-0.9621999999999999,83.55000000000001,3
