weight,alogp,tpsa,hbd
539.11445476,-0.2337999999999989,173.5,3
