weight,alogp,tpsa,hbd
326.151809184,3.978200000000003,59.67,1
