weight,alogp,tpsa,hbd
155.069476528,-0.7050000000000003,81.14,2
