weight,alogp,tpsa,hbd
297.948964048,-7.342899999999998,211.37999999999997,0
