weight,alogp,tpsa,hbd
386.35486609199995,7.532800000000009,20.23,1
