weight,alogp,tpsa,hbd
376.1369469679999,-2.2391999999999976,166.14000000000001,6
