weight,alogp,tpsa,hbd
272.104858992,3.285400000000002,58.92,2
