weight,alogp,tpsa,hbd
446.11074928399995,-1.6233999999999966,211.57999999999998,5
