weight,alogp,tpsa,hbd
313.01988221399995,-0.7277000000000007,171.67999999999998,3
