weight,alogp,tpsa,hbd
473.16589607599985,-0.7310999999999983,219.83999999999997,7
