weight,alogp,tpsa,hbd
204.115029752,2.7573000000000008,34.14,0
