weight,alogp,tpsa,hbd
154.037842052,-0.46320000000000033,72.19,1
