weight,alogp,tpsa,hbd
211.074561908,1.6169999999999995,69.53999999999999,1
