weight,alogp,tpsa,hbd
493.22715893999987,-5.12819999999999,239.43999999999997,9
