weight,alogp,tpsa,hbd
373.10089580799996,-2.047599999999999,158.38,5
