weight,alogp,tpsa,hbd
129.017440956,-1.0116000000000003,99.36000000000001,3
