weight,alogp,tpsa,hbd
148.088815004,2.6225000000000014,17.07,0
