weight,alogp,tpsa,hbd
196.023254608,-1.3623000000000003,131.7,4
