weight,alogp,tpsa,hbd
145.037507704,-1.0944000000000003,97.46000000000001,2
