weight,alogp,tpsa,hbd
152.068473484,-2.9446999999999988,101.15,5
