weight,alogp,tpsa,hbd
302.04265265999993,1.8308000000000013,127.45000000000002,5
