weight,alogp,tpsa,hbd
207.110672644,-2.486999999999999,113.51,5
