weight,alogp,tpsa,hbd
301.056267722,-2.9605999999999986,165.78,6
