weight,alogp,tpsa,hbd
305.162708216,0.9016999999999997,70.0,2
