weight,alogp,tpsa,hbd
132.078644244,1.0877999999999999,27.69,0
