weight,alogp,tpsa,hbd
731.251082244,-2.0318999999999923,352.63999999999993,11
