weight,alogp,tpsa,hbd
258.06168745,-3.7847999999999975,179.49,7
