weight,alogp,tpsa,hbd
368.21988874399995,2.9776000000000007,104.06,3
