weight,alogp,tpsa,hbd
215.906710848,3.4602000000000004,0.0,0
