weight,alogp,tpsa,hbd
356.07331475399997,-3.7506999999999984,231.21999999999994,9
