weight,alogp,tpsa,hbd
432.06603903999996,-1.6294999999999993,182.63,5
