weight,alogp,tpsa,hbd
334.21440944,4.366500000000004,74.6,2
