weight,alogp,tpsa,hbd
663.3011929079998,4.2516200000000035,156.27,5
