weight,alogp,tpsa,hbd
240.126263132,2.5303000000000004,41.13,2
