weight,alogp,tpsa,hbd
168.042258736,0.7248999999999999,77.75999999999999,3
