weight,alogp,tpsa,hbd
353.235479232,4.654600000000004,29.54,0
