weight,alogp,tpsa,hbd
666.2218583639999,-9.747200000000012,347.83000000000004,14
