weight,alogp,tpsa,hbd
1007.2773688999999,-5.6844000000000126,482.78,14
