weight,alogp,tpsa,hbd
596.288637,6.156300000000009,94.86000000000001,3
