weight,alogp,tpsa,hbd
281.11240396,-1.4952999999999994,150.2,5
