weight,alogp,tpsa,hbd
102.11569844799999,-0.05530000000000007,38.05,2
