weight,alogp,tpsa,hbd
159.053157768,-0.5708,100.61999999999999,3
