weight,alogp,tpsa,hbd
119.988114988,-0.43010000000000004,54.370000000000005,2
