weight,alogp,tpsa,hbd
315.027390868,4.073100000000001,38.33,1
