weight,alogp,tpsa,hbd
147.053157768,-0.8663000000000001,86.63,3
