weight,alogp,tpsa,hbd
248.08287409599998,2.5237999999999996,77.82,2
