weight,alogp,tpsa,hbd
1218.5867343039997,-6.3670000000000275,483.05000000000007,18
