weight,alogp,tpsa,hbd
382.22777431609,5.308240000000005,12.049999999999999,0
