weight,alogp,tpsa,hbd
382.1349355880006,-4.764799999999993,187.39999999999998,7
