weight,alogp,tpsa,hbd
826.2432625040002,-0.872379999999997,334.55,11
