weight,alogp,tpsa,hbd
467.30355879199993,4.413800000000004,62.16000000000001,2
