weight,alogp,tpsa,hbd
620.1145468239998,-3.447799999999992,258.4599999999999,7
