weight,alogp,tpsa,hbd
121.03177694809,-0.05109999999999992,37.3,1
