weight,alogp,tpsa,hbd
138.031694052,1.0903999999999998,57.53,2
