weight,alogp,tpsa,hbd
401.17508446799997,2.3705000000000007,83.80000000000001,2
