weight,alogp,tpsa,hbd
942.518815656,0.706200000000015,294.98,11
