weight,alogp,tpsa,hbd
415.89434716799997,5.012100000000001,74.6,2
