weight,alogp,tpsa,hbd
840.2589125680001,-0.6116799999999978,320.56,11
