weight,alogp,tpsa,hbd
367.039354608,0.6212999999999997,112.73,3
