weight,alogp,tpsa,hbd
682.9233211260001,-2.1017,392.15999999999997,10
