weight,alogp,tpsa,hbd
191.98255094,0.23749999999999993,91.66999999999999,2
