weight,alogp,tpsa,hbd
234.102095718,2.788400000000002,66.75999999999999,2
