weight,alogp,tpsa,hbd
114.031694052,0.6989000000000001,57.53,2
