weight,alogp,tpsa,hbd
386.24570956799994,4.655200000000004,60.440000000000005,0
