weight,alogp,tpsa,hbd
360.12811359999995,-4.355599999999995,186.31999999999996,7
