weight,alogp,tpsa,hbd
468.2431433519999,-6.391600000000002,248.38999999999996,10
