weight,alogp,tpsa,hbd
794.621311104,16.12739999999996,52.60000000000001,0
