weight,alogp,tpsa,hbd
232.105921612,-0.160300000000001,118.72,3
