weight,alogp,tpsa,hbd
253.11748934,-1.3073000000000008,130.05,4
