weight,alogp,tpsa,hbd
221.10519334,1.79064,47.56,1
