weight,alogp,tpsa,hbd
170.0579088,-0.32089999999999996,77.75999999999999,3
