weight,alogp,tpsa,hbd
286.04773803999996,2.1252000000000004,107.22,4
