weight,alogp,tpsa,hbd
915.5191500040002,1.8335000000000097,238.66999999999996,5
