weight,alogp,tpsa,hbd
297.136493468,1.8534000000000002,38.769999999999996,0
