weight,alogp,tpsa,hbd
388.16343648799995,3.2018000000000013,107.77000000000001,1
