weight,alogp,tpsa,hbd
465.15697120399994,1.2958000000000003,137.26000000000002,2
