weight,alogp,tpsa,hbd
266.985383824,3.292800000000001,49.66,1
