weight,alogp,tpsa,hbd
161.068807832,-0.3467999999999995,100.61999999999999,3
