weight,alogp,tpsa,hbd
724.330620964,-0.7881999999999951,246.03999999999994,8
