weight,alogp,tpsa,hbd
174.07931294,1.1956999999999993,58.879999999999995,2
