weight,alogp,tpsa,hbd
257.177964356,3.0804000000000022,23.47,1
