weight,alogp,tpsa,hbd
462.2981390639999,2.8033000000000023,118.22000000000001,5
