weight,alogp,tpsa,hbd
474.20492444,1.610899999999999,113.41999999999999,1
