weight,alogp,tpsa,hbd
142.037842052,-1.4445000000000001,85.94999999999999,3
