weight,alogp,tpsa,hbd
135.044604464,0.4882999999999999,37.3,1
