weight,alogp,tpsa,hbd
215.01948829000003,-2.1314999999999995,150.30999999999997,5
