weight,alogp,tpsa,hbd
905.1024513579998,0.6319000000000029,363.62999999999994,9
