weight,alogp,tpsa,hbd
661.2320002099999,-7.624760000000009,377.96000000000004,15
