weight,alogp,tpsa,hbd
247.069201756,-0.714599999999999,141.0,4
