weight,alogp,tpsa,hbd
220.029107208,3.418200000000001,40.46,2
