weight,alogp,tpsa,hbd
148.073558864,-0.4055000000000002,77.75999999999999,3
