weight,alogp,tpsa,hbd
323.16925014,-5.0819999999999945,197.67,8
