weight,alogp,tpsa,hbd
156.068748256,2.23398,39.58,1
