weight,alogp,tpsa,hbd
473.1533253039999,-3.7535199999999977,222.54999999999995,8
