weight,alogp,tpsa,hbd
188.1412445,2.1841000000000004,57.53,2
