weight,alogp,tpsa,hbd
156.017106608,-1.2386000000000001,103.01999999999998,3
