weight,alogp,tpsa,hbd
285.136493468,1.6302999999999999,49.769999999999996,1
