weight,alogp,tpsa,hbd
393.11471246799994,4.511700000000004,80.32000000000001,2
