weight,alogp,tpsa,hbd
158.06914218,-0.6396999999999999,81.41999999999999,2
