weight,alogp,tpsa,hbd
418.06484464799985,-1.931199999999997,197.27999999999997,4
