weight,alogp,tpsa,hbd
387.19065428,1.0567999999999995,103.04,1
