weight,alogp,tpsa,hbd
181.09715407609,0.5715000000000001,33.42,0
