weight,alogp,tpsa,hbd
385.26169397999996,4.149100000000003,38.77,0
