weight,alogp,tpsa,hbd
784.4609068560001,0.7241000000000046,228.21999999999994,9
