weight,alogp,tpsa,hbd
175.059305768,-1.6026300000000004,136.5,5
