weight,alogp,tpsa,hbd
327.147058152,1.9382,59.00000000000001,1
