weight,alogp,tpsa,hbd
482.9845120819999,-2.212,270.41999999999996,7
