weight,alogp,tpsa,hbd
422.20261593200007,-2.2187299999999963,215.67000000000004,6
