weight,alogp,tpsa,hbd
436.10688705200005,-1.8468999999999967,98.77,1
