weight,alogp,tpsa,hbd
281.087257124,-3.1502999999999983,145.91,5
