weight,alogp,tpsa,hbd
926.523901036,0.5324000000000149,277.90999999999997,11
