weight,alogp,tpsa,hbd
195.053157768,0.20659999999999995,86.63,3
