weight,alogp,tpsa,hbd
380.19990224799994,1.8737000000000004,94.83,3
