weight,alogp,tpsa,hbd
674.238177124,-8.079600000000012,343.94999999999993,13
