weight,alogp,tpsa,hbd
126.008195334,-0.8436000000000001,77.76,3
