weight,alogp,tpsa,hbd
412.01851590799987,-1.0057000000000005,206.31999999999996,5
