weight,alogp,tpsa,hbd
246.05045407000003,-2.1735999999999995,136.68,5
