weight,alogp,tpsa,hbd
384.23005950399994,4.575300000000004,60.440000000000005,0
