weight,alogp,tpsa,hbd
274.96156166,1.9530999999999996,63.32,2
