weight,alogp,tpsa,hbd
189.11134134,-0.7630999999999999,118.43999999999998,4
