weight,alogp,tpsa,hbd
1331.5514157139992,2.3780000000000125,474.28999999999996,10
