weight,alogp,tpsa,hbd
339.115669716,4.616700000000005,12.47,0
