weight,alogp,tpsa,hbd
136.052429496,1.69322,37.3,1
