weight,alogp,tpsa,hbd
295.128054024,-1.2345999999999975,136.20999999999998,5
