weight,alogp,tpsa,hbd
788.1489380159998,-3.0740999999999907,342.0699999999999,8
