weight,alogp,tpsa,hbd
279.087137588,-2.139079999999997,62.13,0
