weight,alogp,tpsa,hbd
149.070145224,-0.054500000000000215,69.62,1
