weight,alogp,tpsa,hbd
186.01643791200001,-0.27719999999999995,111.9,3
