weight,alogp,tpsa,hbd
244.073558864,3.3088000000000015,51.83,1
