weight,alogp,tpsa,hbd
301.29807948800004,4.148200000000003,66.48,3
