weight,alogp,tpsa,hbd
390.186276544,5.5556200000000056,6.48,0
