weight,alogp,tpsa,hbd
256.073558864,2.7075000000000014,58.92,2
