weight,alogp,tpsa,hbd
254.057257168,-1.8174999999999981,146.79,4
