weight,alogp,tpsa,hbd
144.115029752,2.4315000000000007,37.3,1
