weight,alogp,tpsa,hbd
131.094628656,0.5901000000000001,63.31999999999999,2
