weight,alogp,tpsa,hbd
302.18819469199997,3.0598000000000014,54.370000000000005,1
