weight,alogp,tpsa,hbd
145.019749464,0.25879999999999986,49.660000000000004,1
