weight,alogp,tpsa,hbd
428.01343052799984,-2.0349,226.54999999999995,6
