weight,alogp,tpsa,hbd
925.50349994,0.7783000000000061,327.45,12
