weight,alogp,tpsa,hbd
169.98850891200001,-0.7210999999999994,100.9,2
