weight,alogp,tpsa,hbd
105.06122035199999,0.6982000000000002,26.02,1
