weight,alogp,tpsa,hbd
309.194008344,2.2748599999999994,67.79,2
