weight,alogp,tpsa,hbd
240.15141526,3.831100000000003,17.07,0
