weight,alogp,tpsa,hbd
147.053157768,-0.8809999999999996,100.62,3
