weight,alogp,tpsa,hbd
132.053492116,-0.8706,92.41999999999999,3
