weight,alogp,tpsa,hbd
158.032756672,-1.3309000000000002,95.5,3
