weight,alogp,tpsa,hbd
602.9569906039999,-2.2186999999999997,345.62999999999994,9
