weight,alogp,tpsa,hbd
172.048406736,-1.9258999999999997,95.5,3
