weight,alogp,tpsa,hbd
272.129155592,2.189200000000001,55.56,1
