weight,alogp,tpsa,hbd
288.17254462799997,3.3148000000000026,60.69,3
