weight,alogp,tpsa,hbd
382.1349355879999,-4.764799999999992,187.39999999999998,7
