weight,alogp,tpsa,hbd
278.126657056,0.26464000000000004,87.74000000000001,3
