weight,alogp,tpsa,hbd
518.2562270079999,8.084900000000003,113.28999999999999,3
