weight,alogp,tpsa,hbd
885.157073774,-0.09259999999999546,363.62999999999994,9
