weight,alogp,tpsa,hbd
484.0853053199998,-1.2584,243.89999999999995,9
