weight,alogp,tpsa,hbd
632.1799935519999,-6.808299999999987,310.28,10
