weight,alogp,tpsa,hbd
274.123676288,3.8186000000000027,16.130000000000003,0
