weight,alogp,tpsa,hbd
290.115423676,2.1844200000000007,68.9,1
