weight,alogp,tpsa,hbd
204.089877624,1.1223,79.10999999999999,3
