weight,alogp,tpsa,hbd
236.094963004,3.387200000000001,46.33,1
