weight,alogp,tpsa,hbd
1078.31448268,-6.179700000000016,511.87999999999994,15
