weight,alogp,tpsa,hbd
546.1525970319999,3.9692000000000034,151.98,4
