weight,alogp,tpsa,hbd
154.01222156,-0.4321999999999999,40.46,4
