weight,alogp,tpsa,hbd
281.11240396,-2.1392299999999995,129.41,4
