weight,alogp,tpsa,hbd
818.5755426840001,5.479300000000012,215.82999999999998,8
