weight,alogp,tpsa,hbd
564.1631617159999,3.391600000000004,194.20999999999998,7
