weight,alogp,tpsa,hbd
132.005873228,-0.8852000000000002,91.66999999999999,2
