weight,alogp,tpsa,hbd
214.024239322,-1.4361000000000004,116.45,4
