weight,alogp,tpsa,hbd
311.077003166,-0.06540000000000035,111.19,0
