weight,alogp,tpsa,hbd
268.1535405,-0.10500000000000004,121.10000000000002,4
