weight,alogp,tpsa,hbd
474.9643495779998,-2.549799999999999,229.43999999999994,5
