weight,alogp,tpsa,hbd
136.125200512,3.308900000000002,0.0,0
