weight,alogp,tpsa,hbd
682.9944440239999,-3.5166999999999966,333.41999999999996,9
