weight,alogp,tpsa,hbd
197.99293919400003,-0.3689000000000001,102.29000000000002,2
