weight,alogp,tpsa,hbd
918.3541674080002,-5.9202000000000075,380.88,13
