weight,alogp,tpsa,hbd
426.295453696,0.015070000000004136,166.26999999999998,6
