weight,alogp,tpsa,hbd
362.1729385519999,2.2546,111.89999999999999,3
