weight,alogp,tpsa,hbd
168.042258736,1.0989999999999998,66.76,2
