weight,alogp,tpsa,hbd
925.4227970719999,4.589400000000005,278.33,8
