weight,alogp,tpsa,hbd
159.089543276,0.3773999999999999,66.4,2
