weight,alogp,tpsa,hbd
518.412380968,11.238999999999988,40.46,2
