weight,alogp,tpsa,hbd
290.111400916,-0.9971999999999976,167.01999999999998,5
