weight,alogp,tpsa,hbd
161.12845420409,-1.0710999999999988,63.32,2
