weight,alogp,tpsa,hbd
355.15468601609,-1.3753999999999977,145.33,4
