weight,alogp,tpsa,hbd
336.23005950399994,4.398700000000003,70.06,2
