weight,alogp,tpsa,hbd
160.084792244,-1.0754999999999986,92.42,3
