weight,alogp,tpsa,hbd
153.078978592,0.5990000000000002,66.48,3
