weight,alogp,tpsa,hbd
320.12598835999995,0.9672999999999998,85.5,0
