weight,alogp,tpsa,hbd
454.03001392800013,-0.6360799999999998,156.08999999999997,2
