weight,alogp,tpsa,hbd
307.168462292,3.248840000000002,37.61,0
