weight,alogp,tpsa,hbd
186.06807956,2.764800000000002,40.46,2
