weight,alogp,tpsa,hbd
780.429606728,2.2181000000000024,203.05999999999997,6
