weight,alogp,tpsa,hbd
215.94939327982,0.2985000000000001,148.37999999999997,0
