weight,alogp,tpsa,hbd
864.2437240080899,-3.9625999999999877,390.3999999999999,10
