weight,alogp,tpsa,hbd
310.16489928809,1.6719999999999997,64.99000000000001,1
