weight,alogp,tpsa,hbd
940.503165592,1.1766000000000143,261.97999999999996,8
