weight,alogp,tpsa,hbd
645.3149113239998,0.648100000000005,153.45000000000002,3
