weight,alogp,tpsa,hbd
231.137162164,1.5504199999999997,30.17,0
