weight,alogp,tpsa,hbd
161.10519334,-1.8064999999999984,60.36,1
