weight,alogp,tpsa,hbd
665.1004138440899,-2.4165999999999963,312.4699999999999,8
