weight,alogp,tpsa,hbd
132.064725496,-1.7195,110.23999999999998,4
