weight,alogp,tpsa,hbd
224.079706864,-0.04089999999999999,126.64,4
