weight,alogp,tpsa,hbd
338.115423676,3.2901000000000016,68.15,2
