weight,alogp,tpsa,hbd
750.4554275520002,3.521100000000002,195.59999999999997,7
