weight,alogp,tpsa,hbd
332.23514488399996,4.401000000000004,57.53,2
