weight,alogp,tpsa,hbd
520.33976602209,5.543800000000005,102.28999999999999,2
