weight,alogp,tpsa,hbd
392.1128637160899,3.4453000000000014,59.260000000000005,0
