weight,alogp,tpsa,hbd
624.1714977040001,4.738540000000003,109.18,2
