weight,alogp,tpsa,hbd
458.3759954599999,6.11210000000001,60.69,3
