weight,alogp,tpsa,hbd
166.07825032,3.2578000000000014,0.0,0
