weight,alogp,tpsa,hbd
274.08412354800004,3.317400000000003,61.06,1
