weight,alogp,tpsa,hbd
70.053098192,-0.14281999999999984,49.81,1
