weight,alogp,tpsa,hbd
301.240564612,4.791100000000005,29.1,1
