weight,alogp,tpsa,hbd
266.026520364,4.117600000000002,20.23,1
