weight,alogp,tpsa,hbd
131.073499288,2.4763200000000003,15.79,1
