weight,alogp,tpsa,hbd
925.2017933640003,-3.6147999999999936,449.22,10
