weight,alogp,tpsa,hbd
1523.6614153639994,-8.605800000000054,664.5100000000002,24
