weight,alogp,tpsa,hbd
591.1200497499999,-4.984899999999992,297.53,9
