weight,alogp,tpsa,hbd
169.004493324,-1.7138999999999989,117.69,3
