weight,alogp,tpsa,hbd
608.2733808599999,4.171100000000004,117.78000000000002,1
