weight,alogp,tpsa,hbd
208.109944372,1.7467000000000001,46.53,1
