weight,alogp,tpsa,hbd
339.18344366,2.5125,52.93000000000001,2
