weight,alogp,tpsa,hbd
165.065059844,-0.7612000000000005,89.59,2
