weight,alogp,tpsa,hbd
210.05282342,1.2041999999999997,86.99000000000001,3
