weight,alogp,tpsa,hbd
338.1630425639999,3.1186000000000016,82.19,3
