weight,alogp,tpsa,hbd
546.099139044,-1.2991999999999964,191.21999999999997,3
