weight,alogp,tpsa,hbd
449.284948588,-3.976699999999994,213.72,8
