weight,alogp,tpsa,hbd
3429.7133074400035,-21.52893000000022,1508.2099999999991,52
