weight,alogp,tpsa,hbd
722.4440277759999,12.810099999999975,113.28999999999999,3
