weight,alogp,tpsa,hbd
205.146664228,2.5996000000000006,20.310000000000002,0
