weight,alogp,tpsa,hbd
94.041864812,0.8797999999999999,12.53,0
