weight,alogp,tpsa,hbd
403.84989551199993,6.609000000000001,40.46,2
