weight,alogp,tpsa,hbd
268.055148992,-0.02819999999999978,126.63999999999999,4
