weight,alogp,tpsa,hbd
539.2802571319999,-6.949300000000004,283.64,11
