weight,alogp,tpsa,hbd
532.2672328599999,2.0006999999999993,131.75000000000003,3
