weight,alogp,tpsa,hbd
154.06299418,0.8930999999999998,49.69,2
