weight,alogp,tpsa,hbd
285.136493468,2.997200000000001,38.77,0
