weight,alogp,tpsa,hbd
442.1661389199999,1.6086999999999998,138.2,3
