weight,alogp,tpsa,hbd
336.23005950399994,5.6848000000000045,66.76,2
