weight,alogp,tpsa,hbd
179.131014164,2.02944,35.25,1
