weight,alogp,tpsa,hbd
318.21949481999997,5.203900000000004,49.83,1
