weight,alogp,tpsa,hbd
222.067427928,-1.0664999999999991,126.64000000000001,4
