weight,alogp,tpsa,hbd
166.06299418,1.5802999999999998,57.53,2
