weight,alogp,tpsa,hbd
245.045485544,1.1749999999999998,81.78,2
