weight,alogp,tpsa,hbd
324.10564683999996,-3.9316999999999984,158.3,6
