weight,alogp,tpsa,hbd
748.2803167080001,0.7218000000000071,322.19,9
