weight,alogp,tpsa,hbd
398.13723880399994,-3.2568999999999964,185.46,4
