weight,alogp,tpsa,hbd
434.0951128179999,-2.9924999999999984,238.38999999999996,6
