weight,alogp,tpsa,hbd
248.043321356,1.8067,112.50999999999999,1
