weight,alogp,tpsa,hbd
504.0420505799998,-2.257899999999998,259.41999999999996,6
