weight,alogp,tpsa,hbd
516.308703748,4.299900000000004,86.75000000000001,1
