weight,alogp,tpsa,hbd
122.90798609973002,-3.9478,69.17999999999999,0
