weight,alogp,tpsa,hbd
539.1903795079999,2.0489000000000006,208.67999999999995,9
