weight,alogp,tpsa,hbd
184.012021228,1.2086,106.51000000000002,1
