weight,alogp,tpsa,hbd
350.2093240599999,3.027100000000001,94.83000000000001,3
