weight,alogp,tpsa,hbd
223.048072388,0.20090000000000008,117.69000000000001,3
