weight,alogp,tpsa,hbd
979.220067954,0.007000000000005224,421.15999999999997,11
