weight,alogp,tpsa,hbd
478.0715869039998,-1.0917999999999997,180.26999999999998,5
