weight,alogp,tpsa,hbd
153.042593084,0.6726000000000001,83.55,3
