weight,alogp,tpsa,hbd
336.23005950399994,4.280300000000003,74.6,2
