weight,alogp,tpsa,hbd
867.2797075880003,-4.562619999999985,346.46000000000004,11
