weight,alogp,tpsa,hbd
113.047678464,0.3058,49.660000000000004,1
