weight,alogp,tpsa,hbd
416.1001846,-1.5974999999999975,202.35000000000002,5
