weight,alogp,tpsa,hbd
446.0603807199999,-2.3459999999999983,238.90999999999997,6
