weight,alogp,tpsa,hbd
530.2264306679999,0.3929000000000014,162.73,6
