weight,alogp,tpsa,hbd
195.053157768,-0.5771999999999999,97.46000000000001,2
