weight,alogp,tpsa,hbd
274.204513452,3.506440000000002,32.34,1
