weight,alogp,tpsa,hbd
585.2143081039999,-6.796799999999993,275.41999999999996,10
