weight,alogp,tpsa,hbd
428.183503236,5.482840000000005,128.20000000000002,4
