weight,alogp,tpsa,hbd
378.088557296,0.48650000000000077,124.01000000000002,3
