weight,alogp,tpsa,hbd
340.09468823199995,3.185800000000002,67.13000000000001,0
