weight,alogp,tpsa,hbd
604.397518752,6.308200000000007,119.36000000000001,2
