weight,alogp,tpsa,hbd
146.11755517209,0.25570000000000004,26.3,0
