weight,alogp,tpsa,hbd
354.05869664799997,0.28289999999999976,178.66,5
