weight,alogp,tpsa,hbd
106.07825032,2.2490000000000006,0.0,0
