weight,alogp,tpsa,hbd
586.1745142479999,-5.619599999999988,261.97999999999996,8
