weight,alogp,tpsa,hbd
246.980298444,2.406599999999999,66.4,2
