weight,alogp,tpsa,hbd
142.037842052,-1.588,92.42000000000002,3
