weight,alogp,tpsa,hbd
896.3691317120001,4.677100000000005,347.51,9
