weight,alogp,tpsa,hbd
456.2405769439998,6.598100000000009,113.29,3
