weight,alogp,tpsa,hbd
184.037173356,0.8045999999999995,86.99000000000001,3
