weight,alogp,tpsa,hbd
187.891655128,3.3260000000000005,0.0,0
