weight,alogp,tpsa,hbd
202.095356928,-1.2228999999999994,112.65,4
