weight,alogp,tpsa,hbd
420.2664450119999,6.421900000000006,54.370000000000005,1
