weight,alogp,tpsa,hbd
1328.5643261259993,2.705440000000009,454.06,9
