weight,alogp,tpsa,hbd
168.042258736,0.33009999999999945,77.76,3
