weight,alogp,tpsa,hbd
182.079038168,-3.5853999999999986,121.38000000000001,6
