weight,alogp,tpsa,hbd
1048.5242949600001,0.4771000000000177,313.58,10
