weight,alogp,tpsa,hbd
887.4878498760002,0.525300000000009,260.66999999999996,7
