weight,alogp,tpsa,hbd
677.0870489679999,-4.027299999999992,332.15999999999997,9
