weight,alogp,tpsa,hbd
377.25660859999994,1.2505999999999997,73.16000000000001,3
