weight,alogp,tpsa,hbd
64.969725272,-0.32759999999999995,37.3,1
