weight,alogp,tpsa,hbd
118.07422756,-1.3822999999999996,75.35,3
