weight,alogp,tpsa,hbd
482.1212969039999,2.362700000000001,155.14,5
