weight,alogp,tpsa,hbd
462.09735701799997,4.748900000000004,159.82,4
