weight,alogp,tpsa,hbd
531.0291401679998,-1.5642999999999994,265.48999999999995,5
