weight,alogp,tpsa,hbd
504.16903494399975,-7.572999999999988,268.67999999999995,11
