weight,alogp,tpsa,hbd
306.110338296,1.3683,89.13000000000001,2
