weight,alogp,tpsa,hbd
158.021523292,0.15370000000000006,94.83000000000001,3
