weight,alogp,tpsa,hbd
579.0754216639998,-4.365699999999993,272.44999999999993,7
