weight,alogp,tpsa,hbd
87.00821895600001,-0.3923000000000001,54.37,1
