weight,alogp,tpsa,hbd
97.96737954400001,-0.6527999999999998,74.60000000000001,2
