weight,alogp,tpsa,hbd
469.224452944,3.5519000000000007,55.53,0
