weight,alogp,tpsa,hbd
175.048072388,-0.9496000000000004,103.69999999999999,3
