weight,alogp,tpsa,hbd
456.22603674399994,1.6412999999999995,88.54,1
