weight,alogp,tpsa,hbd
1122.30431192,-6.726500000000022,549.1799999999998,16
