weight,alogp,tpsa,hbd
564.2043884939999,-7.174400000000002,329.13999999999993,12
