weight,alogp,tpsa,hbd
583.071921252,3.2102000000000004,177.88,3
