weight,alogp,tpsa,hbd
274.00408426600006,1.4105999999999996,58.64,1
