weight,alogp,tpsa,hbd
295.0569364180001,-1.8061999999999996,160.29000000000005,5
