weight,alogp,tpsa,hbd
202.00310995400002,0.9360999999999995,83.83000000000001,2
