weight,alogp,tpsa,hbd
212.058577496,1.8749999999999998,69.12,1
