weight,alogp,tpsa,hbd
426.38616621999995,8.02480000000001,20.23,1
