weight,alogp,tpsa,hbd
146.0579088,-0.19890000000000013,74.6,2
