weight,alogp,tpsa,hbd
89.02386902,-0.9713000000000003,46.53,1
