weight,alogp,tpsa,hbd
326.151809184,4.499920000000004,59.67,1
