weight,alogp,tpsa,hbd
472.11679191199994,4.033000000000005,95.54,1
