weight,alogp,tpsa,hbd
293.152812228,3.1285200000000017,39.82,0
