weight,alogp,tpsa,hbd
471.313729552,6.445800000000009,43.7,2
