weight,alogp,tpsa,hbd
1021.339789162,3.1168000000000045,383.85999999999996,10
