weight,alogp,tpsa,hbd
144.034192588,1.5131999999999999,20.23,1
