weight,alogp,tpsa,hbd
1008.7183214419998,16.15109999999996,145.91000000000003,5
