weight,alogp,tpsa,hbd
522.9906600819999,-2.3357000000000006,299.09999999999997,8
