weight,alogp,tpsa,hbd
904.4456507160002,4.279900000000004,240.10999999999996,4
