weight,alogp,tpsa,hbd
828.2746817840001,-11.924600000000018,426.9800000000001,17
