weight,alogp,tpsa,hbd
326.0167845919999,-2.0566000000000004,183.20999999999998,6
