weight,alogp,tpsa,hbd
432.233226736,6.544700000000007,6.48,0
