weight,alogp,tpsa,hbd
220.082112168,-2.588999999999999,108.25000000000001,4
