weight,alogp,tpsa,hbd
328.17083037599997,3.8270000000000026,63.6,1
