weight,alogp,tpsa,hbd
356.209992756,4.7203200000000045,56.85,0
