weight,alogp,tpsa,hbd
405.287908728,3.456100000000003,66.84,1
