weight,alogp,tpsa,hbd
879.13125295,-1.304399999999994,400.92999999999995,10
