weight,alogp,tpsa,hbd
277.038193464,1.1457999999999997,115.41999999999999,1
