weight,alogp,tpsa,hbd
427.02941493999987,-1.7460000000000002,232.59999999999994,6
