weight,alogp,tpsa,hbd
851.1727238379999,-0.14509999999999668,363.62999999999994,9
