weight,alogp,tpsa,hbd
346.21440943999994,2.954800000000002,71.44,1
