weight,alogp,tpsa,hbd
216.056863244,-0.5394000000000001,83.63,2
