weight,alogp,tpsa,hbd
170.203450832,4.9272000000000045,0.0,0
