weight,alogp,tpsa,hbd
173.092617276,-0.17250000000000026,92.41999999999999,3
