weight,alogp,tpsa,hbd
172.037173356,0.5437999999999998,94.83000000000001,3
