weight,alogp,tpsa,hbd
620.283276848,0.6426999999999992,196.34999999999997,6
