weight,alogp,tpsa,hbd
402.261753556,1.2951999999999995,124.29,4
