weight,alogp,tpsa,hbd
265.131408088,2.4120999999999997,75.63,2
