weight,alogp,tpsa,hbd
284.08936499809,0.3615999999999995,91.28999999999999,1
