weight,alogp,tpsa,hbd
604.3975187519999,4.669300000000004,136.68,5
