weight,alogp,tpsa,hbd
204.089877624,1.2994,49.410000000000004,1
