weight,alogp,tpsa,hbd
124.96398479400001,-0.23500000000000004,83.82999999999998,2
