weight,alogp,tpsa,hbd
300.208930136,5.602600000000005,37.3,1
