weight,alogp,tpsa,hbd
294.06722403200007,3.271700000000002,43.07,0
