weight,alogp,tpsa,hbd
468.3967309039999,8.595600000000006,26.3,0
