weight,alogp,tpsa,hbd
1888.7936112999982,-12.813599999999989,831.6800000000005,30
