weight,alogp,tpsa,hbd
1152.380328624,-16.276200000000028,585.2800000000002,23
