weight,alogp,tpsa,hbd
292.09066547199996,-2.0711999999999957,155.68,4
