weight,alogp,tpsa,hbd
354.0950821559999,-0.6458999999999999,164.75,6
