weight,alogp,tpsa,hbd
170.167065324,3.7161000000000026,17.07,0
