weight,alogp,tpsa,hbd
330.21949481999997,3.694300000000003,54.37,1
