weight,alogp,tpsa,hbd
604.1850789319998,-7.013299999999987,293.21,10
