weight,alogp,tpsa,hbd
136.006839052,-1.3886999999999992,80.39,2
