weight,alogp,tpsa,hbd
285.10731858,-2.8046999999999986,171.04,4
