weight,alogp,tpsa,hbd
176.032087976,-2.8049999999999997,104.05999999999999,3
