weight,alogp,tpsa,hbd
361.99918234,0.21300000000000002,55.760000000000005,1
