weight,alogp,tpsa,hbd
295.01668395200005,4.364100000000001,49.33,2
