weight,alogp,tpsa,hbd
584.422945652,9.758599999999998,52.989999999999995,2
