weight,alogp,tpsa,hbd
279.158291532,1.8117999999999999,87.43,3
