weight,alogp,tpsa,hbd
470.3396099519999,6.412600000000007,74.6,2
