weight,alogp,tpsa,hbd
241.16261142,5.187600000000004,17.07,0
