weight,alogp,tpsa,hbd
975.2979243499999,3.1418000000000035,363.62999999999994,9
