weight,alogp,tpsa,hbd
211.095691276,-0.5045999999999998,90.37,2
