weight,alogp,tpsa,hbd
312.195011388,2.3184000000000005,50.160000000000004,1
