weight,alogp,tpsa,hbd
418.32356596399995,8.515300000000003,20.23,1
