weight,alogp,tpsa,hbd
123.98302960800001,-0.9269000000000001,71.44,1
