weight,alogp,tpsa,hbd
388.04067723399993,-2.9529,209.50999999999996,6
