weight,alogp,tpsa,hbd
34.005479304,0.01739999999999997,40.46,2
