weight,alogp,tpsa,hbd
229.991676144,1.6818000000000002,58.53,1
