weight,alogp,tpsa,hbd
123.008706112,-0.36289999999999994,63.31999999999999,2
