weight,alogp,tpsa,hbd
299.093977024,-0.1760299999999994,113.72,4
