weight,alogp,tpsa,hbd
346.06886740799996,2.2996000000000016,129.59,4
