weight,alogp,tpsa,hbd
132.089877624,-0.8627999999999989,89.33999999999999,3
