weight,alogp,tpsa,hbd
139.02694302,0.4853999999999999,70.42,2
