weight,alogp,tpsa,hbd
290.21946028018,0.26540000000000163,52.6,0
