weight,alogp,tpsa,hbd
1189.1831464999998,-6.782699999999987,539.9900000000002,16
