weight,alogp,tpsa,hbd
913.2033139920902,0.17059999999999914,363.56,10
