weight,alogp,tpsa,hbd
204.183778008,-0.29259999999999947,64.52,4
