weight,alogp,tpsa,hbd
631.2992612599999,0.25800000000000556,153.45000000000002,3
