weight,alogp,tpsa,hbd
225.87342178400002,-0.026599999999999957,108.73999999999998,2
