weight,alogp,tpsa,hbd
326.269519012,4.224400000000004,69.56,3
