weight,alogp,tpsa,hbd
242.06677283000002,-1.3848999999999991,156.1,5
