weight,alogp,tpsa,hbd
264.183778008,2.617000000000001,41.57,1
