weight,alogp,tpsa,hbd
795.1101235819999,-1.671699999999995,363.62999999999994,9
