weight,alogp,tpsa,hbd
176.93540069600002,-0.32300000000000023,113.28999999999999,3
