weight,alogp,tpsa,hbd
62.011627304,0.21700000000000003,65.18,2
