weight,alogp,tpsa,hbd
294.194342692,2.5562000000000005,64.78999999999999,1
