weight,alogp,tpsa,hbd
665.1004138440899,-3.304799999999995,312.2099999999999,8
