weight,alogp,tpsa,hbd
132.078644244,0.4779999999999999,57.53,2
