weight,alogp,tpsa,hbd
121.08914935199999,1.7063000000000001,26.02,1
