weight,alogp,tpsa,hbd
472.35526001599993,6.204400000000008,77.76,3
