weight,alogp,tpsa,hbd
180.063388104,-3.378799999999999,118.22,5
