weight,alogp,tpsa,hbd
331.062676896,1.5810000000000002,99.60000000000001,2
