weight,alogp,tpsa,hbd
368.12598835999995,4.094100000000003,100.13000000000001,3
