weight,alogp,tpsa,hbd
253.10942319199998,2.20904,83.78999999999999,5
