weight,alogp,tpsa,hbd
669.144217164,-0.7409999999999999,287.58,9
