weight,alogp,tpsa,hbd
223.048072388,0.798,103.70000000000002,3
