weight,alogp,tpsa,hbd
146.105527688,-0.47429999999999956,89.34,3
