weight,alogp,tpsa,hbd
564.2278872119998,-1.462899999999991,271.40999999999997,8
