weight,alogp,tpsa,hbd
206.087769448,2.495300000000001,15.6,0
