weight,alogp,tpsa,hbd
1228.6088124319997,-5.103200000000024,445.44000000000017,17
