weight,alogp,tpsa,hbd
181.050394494,-0.3113999999999998,100.61999999999999,3
