weight,alogp,tpsa,hbd
284.07164071600005,3.1538000000000013,32.67,0
