weight,alogp,tpsa,hbd
147.064391148,-1.9333999999999998,118.44,4
