weight,alogp,tpsa,hbd
612.2319099719999,3.6271200000000015,200.01,5
