weight,alogp,tpsa,hbd
545.1955840399997,-7.429199999999987,277.54999999999995,11
