weight,alogp,tpsa,hbd
539.1450634520002,-4.570999999999993,159.25999999999996,2
