weight,alogp,tpsa,hbd
396.33921602799995,7.474900000000009,20.23,1
