weight,alogp,tpsa,hbd
658.4233395760001,8.692200000000005,96.36000000000001,2
