weight,alogp,tpsa,hbd
270.100442308,1.9837999999999996,86.79,3
