weight,alogp,tpsa,hbd
872.4041798280001,-1.9182999999999837,290.04999999999995,9
