weight,alogp,tpsa,hbd
163.060648452,-1.7036000000000002,79.15,3
