weight,alogp,tpsa,hbd
504.1690349439998,-7.569799999999988,268.67999999999995,11
