weight,alogp,tpsa,hbd
44.013638684,-0.8033000000000001,29.1,1
