weight,alogp,tpsa,hbd
414.16132831199997,3.368500000000002,59.080000000000005,0
