weight,alogp,tpsa,hbd
896.3198017680006,-2.8109199999999945,444.4800000000001,22
