weight,alogp,tpsa,hbd
280.00578492,4.209900000000002,37.3,1
