weight,alogp,tpsa,hbd
1028.5598580801802,9.029000000000005,144.90000000000003,0
