weight,alogp,tpsa,hbd
216.006742256,4.014100000000002,0.0,0
