weight,alogp,tpsa,hbd
374.17610578399996,3.0559000000000016,35.94,1
