weight,alogp,tpsa,hbd
270.12157167600003,-0.2858999999999992,129.72,4
