weight,alogp,tpsa,hbd
137.07093932809,0.3192000000000001,36.47,1
