weight,alogp,tpsa,hbd
169.01400898600002,-1.2042000000000002,106.86000000000001,4
