weight,alogp,tpsa,hbd
170.043990052,-0.40150000000000013,121.09999999999998,4
