weight,alogp,tpsa,hbd
412.37051615599995,7.94490000000001,20.23,1
