weight,alogp,tpsa,hbd
354.1699846680899,3.2326000000000015,36.92,0
