weight,alogp,tpsa,hbd
310.121846448,4.655600000000002,57.36,2
