weight,alogp,tpsa,hbd
398.2205574399999,2.0997,62.239999999999995,1
