weight,alogp,tpsa,hbd
267.096753896,-1.6574999999999993,139.28,4
