weight,alogp,tpsa,hbd
712.196312312,-5.874099999999988,328.53000000000003,11
