weight,alogp,tpsa,hbd
586.3188272639999,9.811399999999994,113.28999999999999,3
