weight,alogp,tpsa,hbd
461.0869162179998,-3.2772999999999954,234.80999999999995,8
