weight,alogp,tpsa,hbd
430.0635463639998,-10.036400000000004,282.56,10
