weight,alogp,tpsa,hbd
168.042258736,0.8241999999999999,74.6,2
