weight,alogp,tpsa,hbd
600.417860272,8.969800000000003,65.52,2
