weight,alogp,tpsa,hbd
316.16745924799994,3.303320000000002,74.60000000000001,2
