weight,alogp,tpsa,hbd
146.021523292,-0.28089999999999987,72.83,1
