weight,alogp,tpsa,hbd
149.047678464,1.5790999999999995,56.25,3
