weight,alogp,tpsa,hbd
324.10564683999996,-4.351599999999995,158.3,6
