weight,alogp,tpsa,hbd
322.05660206999994,-1.3972800000000003,151.08,4
