weight,alogp,tpsa,hbd
186.04629856,1.56069,36.16,0
