weight,alogp,tpsa,hbd
274.103910232,-1.8913999999999982,158.82,5
