weight,alogp,tpsa,hbd
190.04773804,-0.7441000000000002,111.9,3
