weight,alogp,tpsa,hbd
182.0579088,0.3801999999999997,77.76,3
