weight,alogp,tpsa,hbd
220.082112168,-2.5889999999999986,108.25,4
