weight,alogp,tpsa,hbd
207.089543276,0.8184000000000002,66.4,2
