weight,alogp,tpsa,hbd
325.113471872,-3.8809999999999985,158.3,6
