weight,alogp,tpsa,hbd
169.037507704,-0.07489999999999986,86.96000000000001,2
