weight,alogp,tpsa,hbd
565.0710049799999,-4.504799999999993,303.03999999999996,9
