weight,alogp,tpsa,hbd
136.100048384,1.3348,29.259999999999998,1
