weight,alogp,tpsa,hbd
1043.06480489409,-5.611299999999988,499.2200000000001,13
