weight,alogp,tpsa,hbd
197.99293919400003,-0.36890000000000006,102.28999999999999,2
