weight,alogp,tpsa,hbd
243.085520516,-2.562999999999999,130.83,4
