weight,alogp,tpsa,hbd
360.1168802199999,-3.614019999999998,172.94,5
