weight,alogp,tpsa,hbd
204.187800768,4.869300000000005,0.0,0
