weight,alogp,tpsa,hbd
240.042258736,1.8731999999999995,74.6,2
