weight,alogp,tpsa,hbd
867.1676384579998,-1.1742999999999943,383.86,10
