weight,alogp,tpsa,hbd
464.0559368399998,-0.9180000000000008,202.12999999999997,7
