weight,alogp,tpsa,hbd
176.032087976,-1.4074,107.22000000000001,4
