weight,alogp,tpsa,hbd
548.0808413919998,-2.4268799999999975,256.53,7
