weight,alogp,tpsa,hbd
856.120139988,-6.2304999999999895,404.94,10
