weight,alogp,tpsa,hbd
249.04022373400002,0.19721999999999984,120.11000000000001,4
