weight,alogp,tpsa,hbd
281.0899372,0.36889999999999923,123.93,4
