weight,alogp,tpsa,hbd
99.019452336,-1.01241,58.199999999999996,2
