weight,alogp,tpsa,hbd
148.037173356,-1.6166000000000003,94.83,3
