weight,alogp,tpsa,hbd
158.043990052,-2.179800000000001,113.32,4
