weight,alogp,tpsa,hbd
396.00215252000004,6.518000000000004,17.82,0
