weight,alogp,tpsa,hbd
368.1219655999999,-2.3841999999999985,157.57999999999998,6
