weight,alogp,tpsa,hbd
104.058577496,-1.642999999999999,89.34,3
