weight,alogp,tpsa,hbd
822.4037859040002,2.245600000000003,267.03999999999996,8
