weight,alogp,tpsa,hbd
202.120509056,2.2763999999999998,74.6,2
