weight,alogp,tpsa,hbd
102.042927432,-0.7323300000000004,73.18,3
