weight,alogp,tpsa,hbd
303.079284208,3.3779000000000012,40.54,1
