weight,alogp,tpsa,hbd
685.325584576,-8.673130000000016,390.35999999999996,16
