weight,alogp,tpsa,hbd
346.0790688299999,-1.8965999999999994,191.85999999999996,5
