weight,alogp,tpsa,hbd
131.094628656,0.5884999999999998,63.32,2
