weight,alogp,tpsa,hbd
283.11792547409,0.22419999999999973,85.22,2
