weight,alogp,tpsa,hbd
542.0348245360001,-0.9172999999999984,204.91,4
