weight,alogp,tpsa,hbd
313.0576051139999,0.21179999999999993,134.61,2
