weight,alogp,tpsa,hbd
192.126263132,1.5891399999999998,55.120000000000005,2
