weight,alogp,tpsa,hbd
1346.5743422300893,2.7804400000000116,471.46000000000004,11
