weight,alogp,tpsa,hbd
270.089208928,3.822600000000002,51.83,1
