weight,alogp,tpsa,hbd
376.1376121,5.253900000000004,23.55,0
