weight,alogp,tpsa,hbd
456.10461488199985,-1.6065600000000002,208.08999999999997,6
