weight,alogp,tpsa,hbd
541.2920677039999,1.5754999999999995,188.99999999999997,6
