weight,alogp,tpsa,hbd
852.1315872979999,-2.4598999999999935,406.7199999999999,10
