weight,alogp,tpsa,hbd
386.35486609199995,7.676800000000009,17.07,0
