weight,alogp,tpsa,hbd
118.98028995600001,0.18519999999999998,54.370000000000005,1
