weight,alogp,tpsa,hbd
180.042258736,1.1956,77.75999999999999,3
