weight,alogp,tpsa,hbd
507.9797610499998,-1.5954000000000004,272.81999999999994,7
