weight,alogp,tpsa,hbd
520.2718770719999,8.164800000000008,113.28999999999999,3
