weight,alogp,tpsa,hbd
550.2777975439999,0.6058999999999997,162.98,5
