weight,alogp,tpsa,hbd
650.1482995,-1.459600000000001,272.34,8
