weight,alogp,tpsa,hbd
131.058243148,-1.2061999999999997,69.56,3
