weight,alogp,tpsa,hbd
259.02189359400006,-2.6157999999999992,145.91,5
