weight,alogp,tpsa,hbd
234.067427928,0.03960000000000019,112.65,4
