weight,alogp,tpsa,hbd
779.4177589360002,-0.7775999999999916,294.25999999999993,11
