weight,alogp,tpsa,hbd
843.1877660479996,-2.1031999999999895,357.8599999999999,9
