weight,alogp,tpsa,hbd
271.105587264,-1.5847200000000001,123.17000000000002,4
