weight,alogp,tpsa,hbd
175.99079468,-2.6571999999999996,40.129999999999995,1
