weight,alogp,tpsa,hbd
1072.1833651620004,-3.3359999999999905,505.38,14
