weight,alogp,tpsa,hbd
886.492600908,0.48260000000001724,263.74999999999994,9
