weight,alogp,tpsa,hbd
229.126225912,3.810400000000003,34.14,0
