weight,alogp,tpsa,hbd
504.2723182399999,2.632100000000001,130.36,3
