weight,alogp,tpsa,hbd
520.3400038759999,2.9443000000000024,135.29,5
