weight,alogp,tpsa,hbd
306.04911138599994,-2.2421999999999986,157.13,4
