weight,alogp,tpsa,hbd
150.06807956,1.3976999999999997,40.46,2
