weight,alogp,tpsa,hbd
124.052429496,1.4007999999999998,29.46,1
