weight,alogp,tpsa,hbd
312.070598724,-1.5665999999999993,159.79,4
