weight,alogp,tpsa,hbd
332.0961412120001,1.57882,89.26,2
