weight,alogp,tpsa,hbd
666.2218583640001,-9.748800000000013,347.83000000000004,14
