weight,alogp,tpsa,hbd
195.053157768,1.3723999999999998,64.9,0
