weight,alogp,tpsa,hbd
139.02694302,1.3004000000000002,63.37,1
