weight,alogp,tpsa,hbd
352.2249741239999,3.815000000000002,75.99000000000001,2
