weight,alogp,tpsa,hbd
212.008589258,-0.003100000000000047,91.28999999999999,1
