weight,alogp,tpsa,hbd
275.10050188400004,-2.7548199999999983,143.4,5
