weight,alogp,tpsa,hbd
388.0906654719999,-1.1713999999999987,170.23,5
