weight,alogp,tpsa,hbd
17.026549096,0.16199999999999998,35.0,1
