weight,alogp,tpsa,hbd
404.21988874399995,2.3524000000000003,100.9,2
