weight,alogp,tpsa,hbd
420.3603453959999,5.410200000000009,60.69,3
