weight,alogp,tpsa,hbd
291.095416504,-2.8261999999999974,145.54999999999998,5
