weight,alogp,tpsa,hbd
222.06807956,3.4600000000000017,30.21,0
