weight,alogp,tpsa,hbd
1343.5878012219994,3.289240000000011,454.06,9
