weight,alogp,tpsa,hbd
982.513730276,1.7474000000000143,268.04999999999995,7
