weight,alogp,tpsa,hbd
624.1094614439999,-4.49169999999999,292.67999999999995,8
