weight,alogp,tpsa,hbd
190.05897142,-2.010799999999999,129.72,4
