weight,alogp,tpsa,hbd
399.1802899280001,5.0388000000000055,9.72,0
