weight,alogp,tpsa,hbd
606.2312412759999,0.8388000000000013,192.18999999999997,3
