weight,alogp,tpsa,hbd
167.98237451,-0.306,104.06000000000002,3
