weight,alogp,tpsa,hbd
169.998024574,-0.5739000000000001,85.22,2
