weight,alogp,tpsa,hbd
546.1737263999999,-0.5095000000000012,188.51,6
