weight,alogp,tpsa,hbd
133.052763844,1.8734999999999995,36.019999999999996,2
