weight,alogp,tpsa,hbd
189.1153641,2.418100000000001,23.06,0
