weight,alogp,tpsa,hbd
967.162553078,0.6630000000000031,382.09,9
