weight,alogp,tpsa,hbd
132.068748256,1.7500999999999995,41.81,2
