weight,alogp,tpsa,hbd
232.084792244,1.42302,72.19,1
