weight,alogp,tpsa,hbd
324.024633246,-0.7766000000000002,170.82,5
