weight,alogp,tpsa,hbd
324.035866626,-2.734899999999999,171.31,5
