weight,alogp,tpsa,hbd
187.112777256,2.3357000000000006,26.02,1
