weight,alogp,tpsa,hbd
252.018936448,2.6053999999999995,74.6,2
