weight,alogp,tpsa,hbd
336.040065816,0.21589999999999987,101.45000000000002,4
