weight,alogp,tpsa,hbd
2159.183903363999,7.336500000000002,675.74,21
