weight,alogp,tpsa,hbd
940.5031655920001,1.2604000000000088,291.82,10
