weight,alogp,tpsa,hbd
634.0938113799999,-3.921199999999992,275.5299999999999,7
