weight,alogp,tpsa,hbd
306.095082156,-3.305999999999997,127.07000000000002,4
