weight,alogp,tpsa,hbd
250.099379688,3.5782000000000025,30.21,0
