weight,alogp,tpsa,hbd
774.2473159259999,-1.7206999999999928,358.1599999999999,12
