weight,alogp,tpsa,hbd
380.1042073599999,0.9490999999999992,105.17000000000002,2
