weight,alogp,tpsa,hbd
450.48006660400006,11.518099999999986,17.07,0
