weight,alogp,tpsa,hbd
303.04992911208996,2.6145000000000014,132.68,6
