weight,alogp,tpsa,hbd
174.008195334,1.1581,66.75999999999999,2
