weight,alogp,tpsa,hbd
160.048406736,-1.7815999999999992,101.64999999999999,3
