weight,alogp,tpsa,hbd
645.1424008240001,-1.1119999999999948,220.26,4
