weight,alogp,tpsa,hbd
453.2726525879999,-0.38309999999999755,111.85000000000002,4
