weight,alogp,tpsa,hbd
131.058243148,-0.621,80.39000000000001,2
