weight,alogp,tpsa,hbd
164.032087976,-2.6457999999999995,115.06000000000002,4
