weight,alogp,tpsa,hbd
660.3159143680001,4.978080000000003,212.35999999999996,8
