weight,alogp,tpsa,hbd
139.074561908,-0.14047999999999994,72.03,2
