weight,alogp,tpsa,hbd
254.141913196,2.7460000000000013,69.11,2
