weight,alogp,tpsa,hbd
181.037507704,0.60632,87.49000000000001,2
