weight,alogp,tpsa,hbd
858.4249152719999,-1.2413999999999834,272.97999999999996,9
