weight,alogp,tpsa,hbd
287.204476232,5.162600000000005,37.3,1
