weight,alogp,tpsa,hbd
355.0082855719999,-0.9236,209.44999999999996,6
