weight,alogp,tpsa,hbd
329.19909372399997,0.7639999999999998,63.93000000000001,3
