weight,alogp,tpsa,hbd
645.40056913,6.095700000000009,154.78,5
