weight,alogp,tpsa,hbd
250.110613068,3.0025400000000015,34.89,0
