weight,alogp,tpsa,hbd
94.041864812,1.3921999999999999,20.23,1
