weight,alogp,tpsa,hbd
314.163042564,3.5516200000000024,56.85,0
