weight,alogp,tpsa,hbd
189.063722452,-0.5595000000000003,103.69999999999999,3
