weight,alogp,tpsa,hbd
46.041864812,-0.0014000000000000123,20.23,1
