weight,alogp,tpsa,hbd
277.183049736,4.211400000000003,12.03,1
