weight,alogp,tpsa,hbd
384.33921602799995,7.308800000000009,20.23,1
