weight,alogp,tpsa,hbd
378.0809255540899,-3.140199999999998,197.02999999999997,6
