weight,alogp,tpsa,hbd
1317.5357656499996,2.426200000000012,471.46,11
