weight,alogp,tpsa,hbd
260.02971862600003,-3.2617999999999996,164.75,6
