weight,alogp,tpsa,hbd
470.4123809679999,8.677100000000005,26.3,0
