weight,alogp,tpsa,hbd
188.127325752,-0.9483299999999988,125.22,5
