weight,alogp,tpsa,hbd
254.10016753600001,-3.843899999999998,139.84,6
