weight,alogp,tpsa,hbd
200.00858925800003,-1.9820000000000004,124.29,4
