weight,alogp,tpsa,hbd
836.112863234,-1.8692999999999942,380.69999999999993,9
