weight,alogp,tpsa,hbd
635.0890603479999,-5.374099999999992,301.5499999999999,8
