weight,alogp,tpsa,hbd
587.0665882959998,-3.392699999999998,308.3299999999999,8
