weight,alogp,tpsa,hbd
552.1824747439999,2.2211,164.79999999999998,4
