weight,alogp,tpsa,hbd
95.975538924,-1.1568999999999998,66.4,2
