weight,alogp,tpsa,hbd
132.017106608,-1.7340999999999998,109.49000000000001,3
