weight,alogp,tpsa,hbd
154.135765196,2.5037000000000003,20.23,1
