weight,alogp,tpsa,hbd
339.99604914799994,-2.9858000000000002,203.44,7
