weight,alogp,tpsa,hbd
390.1525970319999,-2.1507999999999976,155.14000000000001,5
