weight,alogp,tpsa,hbd
946.5501157840002,-0.028399999999990766,298.14,12
