weight,alogp,tpsa,hbd
257.90955625000004,-0.6945999999999999,170.82,5
