weight,alogp,tpsa,hbd
197.056542494,-0.7671299999999999,117.66,4
