weight,alogp,tpsa,hbd
947.2666242219999,2.361600000000002,363.62999999999994,9
