weight,alogp,tpsa,hbd
488.0696080119998,-4.232399999999996,262.35999999999996,9
