weight,alogp,tpsa,hbd
238.095356928,0.9608000000000003,104.64000000000001,2
