weight,alogp,tpsa,hbd
187.059305768,-2.987099999999997,121.51999999999998,4
