weight,alogp,tpsa,hbd
182.0579088,1.1149999999999998,77.75999999999999,3
