weight,alogp,tpsa,hbd
228.078644244,2.9738000000000016,60.69,3
