weight,alogp,tpsa,hbd
246.132805056,-1.2328299999999972,148.53,6
