weight,alogp,tpsa,hbd
963.2615388419998,1.7646000000000026,380.7,9
