weight,alogp,tpsa,hbd
126.05416081199999,-0.9092000000000005,97.79,3
