weight,alogp,tpsa,hbd
187.084457896,-0.05350000000000027,83.47,2
