weight,alogp,tpsa,hbd
791.2642850519999,-0.6044999999999936,329.08,9
