weight,alogp,tpsa,hbd
226.110613068,2.637100000000001,42.85,0
