weight,alogp,tpsa,hbd
302.05388603999995,2.9096000000000006,139.78,4
