weight,alogp,tpsa,hbd
61.052763844,-1.0626000000000002,46.25,2
