weight,alogp,tpsa,hbd
145.911829844,-1.7324000000000002,74.6,2
