weight,alogp,tpsa,hbd
315.240958536,1.8850999999999987,66.43,0
