weight,alogp,tpsa,hbd
104.10699048808999,-0.31510000000000016,20.23,1
