weight,alogp,tpsa,hbd
514.2202826679999,3.6902000000000026,121.63999999999999,0
