weight,alogp,tpsa,hbd
75.068413908,0.1903999999999999,23.06,0
