weight,alogp,tpsa,hbd
363.0579990379999,-2.5696999999999988,206.03999999999996,6
