weight,alogp,tpsa,hbd
309.79461316000004,-6.791599999999999,172.5,0
