weight,alogp,tpsa,hbd
552.433116412,11.432499999999987,20.23,1
