weight,alogp,tpsa,hbd
128.062600256,2.8398000000000003,0.0,0
