weight,alogp,tpsa,hbd
267.096753896,-1.979999999999999,139.54,4
