weight,alogp,tpsa,hbd
286.04773804,2.2824000000000004,111.13000000000001,4
