weight,alogp,tpsa,hbd
468.0672027079998,-3.7399999999999967,233.92999999999995,8
