weight,alogp,tpsa,hbd
383.16674803999996,2.856000000000002,48.3,1
