weight,alogp,tpsa,hbd
493.14381967599996,3.641700000000003,113.6,3
