weight,alogp,tpsa,hbd
334.21440943999994,4.200400000000004,74.6,2
