weight,alogp,tpsa,hbd
401.03898660399994,-3.058699999999997,168.67000000000002,3
