weight,alogp,tpsa,hbd
285.209264484,3.8826000000000036,23.47,1
