weight,alogp,tpsa,hbd
417.0577106679999,-4.439299999999995,221.53999999999994,7
