weight,alogp,tpsa,hbd
1064.5403389480002,-3.0072999999999763,366.2900000000001,14
