weight,alogp,tpsa,hbd
70.041864812,0.0020000000000000018,20.23,1
