weight,alogp,tpsa,hbd
186.051480736,-3.1116999999999972,121.52000000000001,4
