weight,alogp,tpsa,hbd
192.042258736,1.5126199999999996,70.67,2
