weight,alogp,tpsa,hbd
217.131408088,-0.8455999999999988,66.43,0
