weight,alogp,tpsa,hbd
318.183109312,4.041900000000004,52.60000000000001,0
