weight,alogp,tpsa,hbd
287.163376912,1.9228999999999998,57.36000000000001,2
