weight,alogp,tpsa,hbd
206.105527688,0.30499999999999977,86.18,2
