weight,alogp,tpsa,hbd
916.2101688280004,4.154700000000002,331.28999999999996,8
