weight,alogp,tpsa,hbd
176.058577496,0.5992,64.67999999999999,1
