weight,alogp,tpsa,hbd
136.125200512,3.4750000000000023,0.0,0
