weight,alogp,tpsa,hbd
239.167399672,3.7496000000000027,3.24,0
