weight,alogp,tpsa,hbd
568.30495576,6.229680000000005,137.76,6
