weight,alogp,tpsa,hbd
351.034747896,1.9509199999999998,99.60000000000001,2
