weight,alogp,tpsa,hbd
214.131742436,1.0913999999999988,78.43,3
