weight,alogp,tpsa,hbd
812.4558214760001,0.8252000000000093,256.28999999999996,10
