weight,alogp,tpsa,hbd
152.047344116,1.1500000000000001,46.53,1
