weight,alogp,tpsa,hbd
119.02185764000001,-0.26220000000000004,80.44,1
