weight,alogp,tpsa,hbd
75.0320284,-0.9702999999999999,63.31999999999999,2
