weight,alogp,tpsa,hbd
298.120509056,3.253400000000002,52.6,0
