weight,alogp,tpsa,hbd
426.1427010439999,0.4558199999999995,161.39,5
