weight,alogp,tpsa,hbd
28.006148,0.03016,47.58,0
