weight,alogp,tpsa,hbd
149.070145224,-0.10290000000000044,69.62,1
