weight,alogp,tpsa,hbd
566.412380968,10.323399999999992,40.46,2
