weight,alogp,tpsa,hbd
396.33921602799995,7.641000000000009,20.23,1
