weight,alogp,tpsa,hbd
1108.5719138480003,3.7698000000000045,356.37999999999994,11
