weight,alogp,tpsa,hbd
135.053157768,-2.248499999999999,103.78000000000002,4
