weight,alogp,tpsa,hbd
208.088815004,3.5827000000000018,17.07,0
