weight,alogp,tpsa,hbd
732.1596520319999,-7.737300000000007,362.88,10
