weight,alogp,tpsa,hbd
224.083729624,3.3931000000000022,26.3,0
