weight,alogp,tpsa,hbd
262.120509056,3.090600000000001,44.760000000000005,0
