weight,alogp,tpsa,hbd
190.04773804,-2.1132000000000004,115.06000000000002,4
