weight,alogp,tpsa,hbd
309.9854844639999,-2.3483,183.20999999999998,6
