weight,alogp,tpsa,hbd
182.07316494,2.7487000000000017,20.23,1
