weight,alogp,tpsa,hbd
149.084063972,1.2165000000000001,43.09,1
