weight,alogp,tpsa,hbd
167.036462148,-1.6427299999999994,116.27000000000001,4
