weight,alogp,tpsa,hbd
178.04773804,-3.6264000000000007,118.22,5
