weight,alogp,tpsa,hbd
726.1908330079999,-1.719799999999993,284.90999999999997,8
