weight,alogp,tpsa,hbd
152.033425368,-0.23590000000000028,94.92,3
