weight,alogp,tpsa,hbd
86.07316494,0.9448999999999999,20.23,1
