weight,alogp,tpsa,hbd
154.018542524,2.542600000000001,17.07,0
