weight,alogp,tpsa,hbd
448.1005614599998,-0.2026999999999995,201.27999999999997,8
