weight,alogp,tpsa,hbd
714.047565838,-4.391199999999993,352.61,10
