weight,alogp,tpsa,hbd
256.182715388,4.638400000000005,20.23,1
