weight,alogp,tpsa,hbd
259.157228912,3.6917000000000026,47.17,1
