weight,alogp,tpsa,hbd
147.053157768,-0.736899999999999,100.61999999999999,3
