weight,alogp,tpsa,hbd
176.03813918,0.29270000000000024,80.39000000000001,2
