weight,alogp,tpsa,hbd
178.06299418,1.6128999999999998,46.53,1
