weight,alogp,tpsa,hbd
213.00383822600003,-1.9232999999999993,147.14999999999998,4
