weight,alogp,tpsa,hbd
217.922360912,2.985800000000001,0.0,0
