weight,alogp,tpsa,hbd
350.1187948039999,3.293400000000002,80.67,1
