weight,alogp,tpsa,hbd
428.40181628399995,8.248800000000006,20.23,1
