weight,alogp,tpsa,hbd
195.053157768,0.5189999999999999,89.78999999999999,4
