weight,alogp,tpsa,hbd
119.058243148,-1.2192999999999998,83.55000000000001,3
