weight,alogp,tpsa,hbd
487.12019177199994,4.465100000000004,114.02000000000001,2
