weight,alogp,tpsa,hbd
576.4178602719999,11.240199999999989,66.75999999999999,2
