weight,alogp,tpsa,hbd
347.03447312399993,-1.937599999999998,166.10999999999999,5
