weight,alogp,tpsa,hbd
250.044150556,3.035600000000001,57.53,2
