weight,alogp,tpsa,hbd
220.105921612,-3.1111999999999984,125.04000000000002,5
