weight,alogp,tpsa,hbd
584.422945652,9.806299999999998,57.53,2
