weight,alogp,tpsa,hbd
372.18312637599996,0.41060000000000146,133.54999999999998,5
