weight,alogp,tpsa,hbd
909.2145886499999,-0.003999999999996395,383.86,10
