weight,alogp,tpsa,hbd
267.07765826400004,-2.0393999999999988,133.24,5
