weight,alogp,tpsa,hbd
180.115029752,2.7037200000000006,40.46,2
