weight,alogp,tpsa,hbd
264.111006992,0.06400000000000095,109.48999999999998,3
