weight,alogp,tpsa,hbd
368.22202024009,4.730800000000004,35.53,0
