weight,alogp,tpsa,hbd
268.219100896,5.869500000000006,0.0,0
