weight,alogp,tpsa,hbd
173.047678464,1.933,50.190000000000005,1
