weight,alogp,tpsa,hbd
232.034804006,-2.8292999999999995,147.68,6
