weight,alogp,tpsa,hbd
103.063328528,-0.3342,63.31999999999999,2
