weight,alogp,tpsa,hbd
179.061614276,0.7114999999999998,66.4,2
