weight,alogp,tpsa,hbd
651.2890905,-0.8573999999999955,224.69999999999996,8
