weight,alogp,tpsa,hbd
348.23005950399994,2.7466000000000013,74.6,2
