weight,alogp,tpsa,hbd
609.29591345209,6.701000000000008,80.62,2
