weight,alogp,tpsa,hbd
385.981417076,5.862900000000003,27.05,0
