weight,alogp,tpsa,hbd
310.22966557999996,6.273100000000006,17.07,0
