weight,alogp,tpsa,hbd
232.084792244,0.7003999999999996,75.27000000000001,2
