weight,alogp,tpsa,hbd
366.2406241879999,1.6532999999999998,97.99,4
