weight,alogp,tpsa,hbd
706.2405824279999,-9.116400000000015,345.70000000000005,13
