weight,alogp,tpsa,hbd
274.85813791600003,2.7888800000000002,44.019999999999996,1
