weight,alogp,tpsa,hbd
176.068473484,-0.06719999999999998,94.83000000000001,3
