weight,alogp,tpsa,hbd
236.177630008,4.370000000000004,26.3,0
