weight,alogp,tpsa,hbd
472.35526001599993,5.840100000000008,66.76,2
