weight,alogp,tpsa,hbd
361.875716336,5.270200000000002,0.0,0
