weight,alogp,tpsa,hbd
306.205576072,2.1785399999999995,90.22,4
