weight,alogp,tpsa,hbd
1146.545818252,-1.9673999999999812,397.27000000000004,13
