weight,alogp,tpsa,hbd
410.2668389359999,1.8241,99.38000000000001,4
