weight,alogp,tpsa,hbd
288.208930136,3.879200000000003,37.3,1
