weight,alogp,tpsa,hbd
477.316248716,-3.327499999999991,199.73,8
