weight,alogp,tpsa,hbd
177.045964212,-0.31939999999999996,80.39000000000001,2
