weight,alogp,tpsa,hbd
1232.3466591459999,-16.15920000000003,631.8100000000003,24
