weight,alogp,tpsa,hbd
432.09509921999995,-2.277499999999997,222.57999999999998,6
