weight,alogp,tpsa,hbd
174.115698448,1.9297999999999995,27.82,2
