weight,alogp,tpsa,hbd
300.17254462799997,3.826000000000003,46.53,1
