weight,alogp,tpsa,hbd
397.1783753440001,0.20670000000000266,128.43,5
