weight,alogp,tpsa,hbd
334.09872805599997,0.8607999999999996,86.71000000000001,2
