weight,alogp,tpsa,hbd
573.0873237399999,-2.5716999999999968,291.25999999999993,8
