weight,alogp,tpsa,hbd
197.080041212,-0.4585000000000006,95.07999999999998,3
