weight,alogp,tpsa,hbd
296.09949354799994,-2.3250999999999995,145.78,5
