weight,alogp,tpsa,hbd
241.069870452,-2.6671999999999985,124.60000000000002,4
