weight,alogp,tpsa,hbd
503.12781520599987,-4.503999999999992,242.79999999999995,8
