weight,alogp,tpsa,hbd
176.043321356,-1.4173999999999998,129.72,4
