weight,alogp,tpsa,hbd
287.152143532,3.3830000000000027,62.32,2
