weight,alogp,tpsa,hbd
278.13789043599996,0.13287000000000143,128.29999999999998,5
