weight,alogp,tpsa,hbd
342.945491,1.6335000000000002,40.32,0
