weight,alogp,tpsa,hbd
206.141913196,0.7080000000000002,23.550000000000004,0
