weight,alogp,tpsa,hbd
318.07395278799993,2.33764,124.29000000000002,4
