weight,alogp,tpsa,hbd
213.12257472,-1.2816299999999987,106.10999999999999,5
