weight,alogp,tpsa,hbd
939.3920519720001,-7.186200000000026,450.5899999999999,15
