weight,alogp,tpsa,hbd
364.877359908,2.2232000000000003,20.310000000000002,0
