weight,alogp,tpsa,hbd
151.063328528,0.20530000000000015,63.32,2
