weight,alogp,tpsa,hbd
821.125773646,-1.149299999999996,363.62999999999994,9
