weight,alogp,tpsa,hbd
130.026608672,0.10190000000000005,74.6,2
