weight,alogp,tpsa,hbd
271.084457896,2.6457000000000006,75.63,2
