weight,alogp,tpsa,hbd
168.018760018,0.2783,83.82999999999998,2
