weight,alogp,tpsa,hbd
404.1194635,3.7955000000000023,57.690000000000005,0
