weight,alogp,tpsa,hbd
207.089543276,0.8183999999999998,66.4,2
