weight,alogp,tpsa,hbd
420.08049471199996,-0.25409999999999894,203.79999999999998,5
