weight,alogp,tpsa,hbd
162.05282342,-1.2281000000000002,94.83000000000001,3
