weight,alogp,tpsa,hbd
990.3275052040002,-14.100400000000024,506.13000000000017,20
