weight,alogp,tpsa,hbd
595.1657467120899,-1.8505000000000005,250.51999999999995,10
