weight,alogp,tpsa,hbd
344.23514488399996,4.084400000000003,54.37,1
