weight,alogp,tpsa,hbd
438.48006660399994,10.92139999999999,20.23,1
