weight,alogp,tpsa,hbd
235.168462292,1.3403999999999998,58.36000000000001,2
