weight,alogp,tpsa,hbd
345.12123732799995,1.0514999999999999,77.46000000000001,1
