weight,alogp,tpsa,hbd
345.09687930408995,3.523500000000002,99.68000000000002,3
