weight,alogp,tpsa,hbd
464.3137891279999,2.7391000000000005,118.22000000000001,5
