weight,alogp,tpsa,hbd
116.050024192,0.9272800000000001,23.79,0
