weight,alogp,tpsa,hbd
755.0428878719999,-7.971400000000006,413.44999999999993,11
