weight,alogp,tpsa,hbd
45.99290324,-0.27260000000000006,43.14,0
