weight,alogp,tpsa,hbd
207.075156164,1.6503999999999996,43.09,3
