weight,alogp,tpsa,hbd
300.063388104,2.5854000000000013,100.13000000000001,3
