weight,alogp,tpsa,hbd
203.110575848,2.822000000000001,37.3,1
