weight,alogp,tpsa,hbd
242.03038732200002,-2.376199999999999,159.18,5
