weight,alogp,tpsa,hbd
348.23005950399994,2.746600000000001,74.6,2
