weight,alogp,tpsa,hbd
634.2890309239999,4.570700000000004,117.78000000000002,1
