weight,alogp,tpsa,hbd
231.123484172,3.2459000000000016,12.03,1
