weight,alogp,tpsa,hbd
340.13694696799996,-3.715499999999995,158.3,6
