weight,alogp,tpsa,hbd
318.08250609199996,-1.7126999999999997,151.62,4
