weight,alogp,tpsa,hbd
463.350902908,1.9723999999999993,145.63,6
