weight,alogp,tpsa,hbd
132.078644244,0.6236999999999999,57.53,2
