weight,alogp,tpsa,hbd
297.1073185800001,-2.8334999999999986,159.77,5
