weight,alogp,tpsa,hbd
214.11861779209,0.6874799999999994,83.55,1
