weight,alogp,tpsa,hbd
73.052763844,-0.46590000000000015,43.09,1
