weight,alogp,tpsa,hbd
170.056566116,-1.4449,87.29999999999998,3
