weight,alogp,tpsa,hbd
1045.5345147120001,-1.1050300000000082,406.34,14
