weight,alogp,tpsa,hbd
308.006219908,-0.17150000000000043,170.81999999999996,5
