weight,alogp,tpsa,hbd
90.031694052,-0.5466000000000002,57.53,2
