weight,alogp,tpsa,hbd
328.240230264,6.548900000000006,37.3,1
