weight,alogp,tpsa,hbd
324.10564683999996,-3.9300999999999977,158.3,6
