weight,alogp,tpsa,hbd
426.38616621999995,8.479100000000006,20.23,1
