weight,alogp,tpsa,hbd
877.097844646,0.04000000000000309,363.62999999999994,9
