weight,alogp,tpsa,hbd
187.168462292,-0.1588999999999986,67.15,3
