weight,alogp,tpsa,hbd
129.10144535199998,-1.0341599999999997,88.99000000000001,4
