weight,alogp,tpsa,hbd
258.09641954800003,-2.824299999999999,156.85000000000002,5
