weight,alogp,tpsa,hbd
717.2718176880002,-1.5584999999999898,335.57,11
