weight,alogp,tpsa,hbd
326.12263429599994,-2.876759999999998,161.56,5
