weight,alogp,tpsa,hbd
398.35486609199995,7.698900000000009,20.23,1
