weight,alogp,tpsa,hbd
176.032087976,-2.8065999999999995,104.06,3
