weight,alogp,tpsa,hbd
328.16093438799993,4.495600000000004,15.71,0
