weight,alogp,tpsa,hbd
260.02971862600003,-3.1043999999999996,156.91,6
