weight,alogp,tpsa,hbd
227.042987008,-0.20410000000000023,127.69,4
