weight,alogp,tpsa,hbd
408.227690154,4.689300000000006,110.13000000000002,2
