weight,alogp,tpsa,hbd
338.318480584,7.668900000000008,37.3,1
