weight,alogp,tpsa,hbd
127.912298032,0.6180000000000001,0.0,0
