weight,alogp,tpsa,hbd
298.25079494799996,5.511500000000006,54.370000000000005,1
