weight,alogp,tpsa,hbd
240.00350387800003,-1.2147000000000003,122.52000000000001,3
