weight,alogp,tpsa,hbd
276.024633246,-3.3744999999999994,184.98,7
