weight,alogp,tpsa,hbd
290.2245802,3.671000000000004,40.46,2
