weight,alogp,tpsa,hbd
719.1006044539997,-0.4921999999999991,305.04999999999995,6
