weight,alogp,tpsa,hbd
204.122240372,-1.977529999999999,145.45000000000002,6
