weight,alogp,tpsa,hbd
1088.6846519639998,16.268099999999958,192.43999999999997,6
