weight,alogp,tpsa,hbd
98.048012812,-0.09799999999999998,48.91,2
