weight,alogp,tpsa,hbd
328.251463644,4.1181000000000045,48.91,2
