weight,alogp,tpsa,hbd
253.035138354,-0.11249999999999993,125.15,2
