weight,alogp,tpsa,hbd
248.1412445,2.643600000000001,43.370000000000005,0
