weight,alogp,tpsa,hbd
260.011960386,-1.2504000000000002,124.29,4
