weight,alogp,tpsa,hbd
406.213757808,-0.856999999999998,122.49000000000001,5
