weight,alogp,tpsa,hbd
279.09102314009,0.7000400000000004,92.97999999999999,2
