weight,alogp,tpsa,hbd
134.021523292,-1.0934000000000001,94.83000000000001,3
