weight,alogp,tpsa,hbd
233.068807832,1.5342000000000002,100.62,3
