weight,alogp,tpsa,hbd
215.98574563800003,-0.6538000000000002,104.06,3
