weight,alogp,tpsa,hbd
202.099379688,2.7688000000000015,26.3,0
