weight,alogp,tpsa,hbd
577.08223836,-4.639899999999993,326.04,10
