weight,alogp,tpsa,hbd
200.083729624,0.48210000000000003,40.46,2
