weight,alogp,tpsa,hbd
271.120843404,2.2329000000000003,72.72,4
