weight,alogp,tpsa,hbd
255.162314292,3.3542000000000023,12.47,0
