weight,alogp,tpsa,hbd
541.0012247659998,-2.877699999999998,322.40999999999997,10
