weight,alogp,tpsa,hbd
294.095082156,-3.761099999999998,156.91,6
