weight,alogp,tpsa,hbd
328.20384475599997,3.8548000000000036,46.67,0
