weight,alogp,tpsa,hbd
226.04773804,-0.41189999999999993,111.89999999999999,3
