weight,alogp,tpsa,hbd
218.094294308,2.2597000000000005,46.53,1
