weight,alogp,tpsa,hbd
424.1369469679999,-1.3694999999999982,148.82000000000002,3
