weight,alogp,tpsa,hbd
543.1981809179997,0.2286000000000007,210.66999999999996,8
