weight,alogp,tpsa,hbd
132.053492116,-0.9184999999999997,83.63,2
