weight,alogp,tpsa,hbd
673.3462114519998,2.723700000000002,131.45000000000002,1
