weight,alogp,tpsa,hbd
201.094925784,3.0302000000000016,34.14,0
