weight,alogp,tpsa,hbd
228.063388104,0.7489999999999998,111.9,3
