weight,alogp,tpsa,hbd
222.05282342,1.4323000000000001,91.66999999999999,2
