weight,alogp,tpsa,hbd
218.105527688,1.5520999999999996,65.12,3
