weight,alogp,tpsa,hbd
102.031694052,0.05009999999999998,54.370000000000005,1
