weight,alogp,tpsa,hbd
514.1468600199998,-6.45839999999999,255.56999999999996,10
