weight,alogp,tpsa,hbd
252.085854864,-1.2397000000000002,113.26,3
