weight,alogp,tpsa,hbd
337.204179104,4.2210000000000045,46.260000000000005,1
