weight,alogp,tpsa,hbd
852.1679728059999,-1.5979999999999936,389.6499999999999,10
