weight,alogp,tpsa,hbd
216.02700259600002,-0.6282000000000005,128.97,3
