weight,alogp,tpsa,hbd
161.068807832,-0.49089999999999995,100.62,3
