weight,alogp,tpsa,hbd
146.983553984,-0.06380000000000013,79.13000000000001,2
