weight,alogp,tpsa,hbd
196.037173356,0.29399999999999943,94.82999999999998,3
