weight,alogp,tpsa,hbd
894.3534816480002,4.946400000000004,347.51,9
