weight,alogp,tpsa,hbd
585.2143081039999,-6.7967999999999895,275.41999999999996,10
