weight,alogp,tpsa,hbd
663.2476502740002,-7.831360000000012,381.12,16
