weight,alogp,tpsa,hbd
194.079038168,-2.5672999999999986,99.38000000000001,4
