weight,alogp,tpsa,hbd
867.1676384579999,-1.1726999999999954,383.85999999999996,10
