weight,alogp,tpsa,hbd
288.09661988,1.6929999999999994,58.2,2
