weight,alogp,tpsa,hbd
1008.5436045220001,4.688980000000007,286.98999999999995,8
