weight,alogp,tpsa,hbd
280.109944372,3.586800000000002,39.44,0
