weight,alogp,tpsa,hbd
423.17406074799993,-3.6806199999999945,202.32,7
