weight,alogp,tpsa,hbd
140.010958608,0.0678999999999999,63.60000000000001,1
