weight,alogp,tpsa,hbd
484.3188745079999,5.591600000000005,91.66999999999999,2
