weight,alogp,tpsa,hbd
483.2540423839999,-7.325000000000009,288.4,11
