weight,alogp,tpsa,hbd
307.214743788,2.3934000000000006,50.72,2
