weight,alogp,tpsa,hbd
257.081871052,1.8235999999999999,38.77,0
