weight,alogp,tpsa,hbd
519.099473392,-0.7101999999999973,193.63,4
