weight,alogp,tpsa,hbd
500.3137891279999,4.440400000000005,115.05999999999999,4
