weight,alogp,tpsa,hbd
798.6686440800003,0.2266000000000007,95.61000000000001,2
