weight,alogp,tpsa,hbd
426.38616621999995,8.168900000000006,20.23,1
