weight,alogp,tpsa,hbd
270.113505528,2.4208000000000007,55.56,1
