weight,alogp,tpsa,hbd
58.005479304000005,-0.08440000000000009,37.3,1
