weight,alogp,tpsa,hbd
305.1276601,2.6407800000000003,74.28999999999999,0
