weight,alogp,tpsa,hbd
532.1580763359999,-0.8979999999999981,188.51,6
