weight,alogp,tpsa,hbd
318.255880328,4.5952000000000055,37.3,1
