weight,alogp,tpsa,hbd
56.026214748,-0.38809999999999995,20.23,1
