weight,alogp,tpsa,hbd
580.3611332439999,2.3427999999999995,138.07,5
