weight,alogp,tpsa,hbd
243.050788418,-1.6529999999999987,139.31,4
