weight,alogp,tpsa,hbd
1033.37617467,4.926200000000005,363.62999999999994,9
