weight,alogp,tpsa,hbd
285.03936442809,3.435700000000002,105.36000000000001,4
