weight,alogp,tpsa,hbd
259.080435136,-2.7536999999999976,158.82,5
