weight,alogp,tpsa,hbd
836.2752313280002,2.252800000000004,361.55999999999995,12
