weight,alogp,tpsa,hbd
134.087769448,-0.1453999999999998,38.05,3
