weight,alogp,tpsa,hbd
1232.5659988599998,-5.779600000000016,518.96,19
