weight,alogp,tpsa,hbd
316.02999686400005,-2.652199999999997,116.39999999999998,4
