weight,alogp,tpsa,hbd
389.0736491019999,-1.2922,192.13999999999996,4
