weight,alogp,tpsa,hbd
600.4178602719999,8.718400000000006,73.22,3
