weight,alogp,tpsa,hbd
252.085854864,-1.5622000000000005,113.52000000000001,3
