weight,alogp,tpsa,hbd
213.01641429000003,-1.9083000000000006,116.45,4
