weight,alogp,tpsa,hbd
148.019415116,0.39320000000000005,54.37,1
