weight,alogp,tpsa,hbd
1093.545758676,-0.50879999999998,345.84,12
