weight,alogp,tpsa,hbd
878.4425714240001,4.720800000000005,321.78999999999996,8
