weight,alogp,tpsa,hbd
140.982708858,-0.8256000000000001,109.85,3
