weight,alogp,tpsa,hbd
356.95416071400024,-0.6451000000000002,189.27999999999997,5
