weight,alogp,tpsa,hbd
251.101839276,-0.9508000000000003,119.31,3
