weight,alogp,tpsa,hbd
565.122025176,1.55172,231.14999999999995,8
