weight,alogp,tpsa,hbd
442.3810808399999,7.73800000000001,37.3,1
