weight,alogp,tpsa,hbd
366.20423867999995,0.9080999999999999,104.06,3
