weight,alogp,tpsa,hbd
309.105981188,-3.4783999999999953,179.76999999999998,6
