weight,alogp,tpsa,hbd
254.01915394200003,-1.3992000000000004,144.52,5
