weight,alogp,tpsa,hbd
431.040794088,0.7481199999999995,175.22,5
