weight,alogp,tpsa,hbd
322.18523455199994,-5.115599999999995,203.46,8
