weight,alogp,tpsa,hbd
689.3411260719998,1.6945000000000034,151.68,2
