weight,alogp,tpsa,hbd
295.10558726400006,-0.9322200000000009,123.17000000000002,4
