weight,alogp,tpsa,hbd
244.178692628,1.2667000000000004,92.42,3
