weight,alogp,tpsa,hbd
204.072119384,2.1460999999999997,15.6,0
