weight,alogp,tpsa,hbd
255.06604455800002,2.2098000000000004,82.55000000000001,3
