weight,alogp,tpsa,hbd
224.980028782,0.32469999999999993,108.36000000000001,1
