weight,alogp,tpsa,hbd
310.193280072,3.915600000000002,29.46,1
