weight,alogp,tpsa,hbd
145.1215121,-1.0719999999999985,95.13,3
