weight,alogp,tpsa,hbd
549.1271105559998,1.8461200000000006,210.91999999999996,7
