weight,alogp,tpsa,hbd
387.02326693999987,-1.2998000000000005,203.65999999999997,5
