weight,alogp,tpsa,hbd
586.386954068,5.617000000000008,116.45000000000002,4
