weight,alogp,tpsa,hbd
105.982157016,0.8234999999999999,37.3,1
