weight,alogp,tpsa,hbd
322.06886740799996,0.742599999999999,150.84,7
