weight,alogp,tpsa,hbd
853.151988394,-1.564399999999995,383.85999999999996,10
