weight,alogp,tpsa,hbd
271.06009987209,3.2033000000000014,92.22000000000001,4
