weight,alogp,tpsa,hbd
191.058243148,1.2477199999999997,73.32,3
