weight,alogp,tpsa,hbd
1064.540338948,-3.007299999999978,366.2900000000001,14
