weight,alogp,tpsa,hbd
131.058243148,-1.2062000000000006,69.56,3
