weight,alogp,tpsa,hbd
100.063662876,0.08029999999999993,32.67,0
