weight,alogp,tpsa,hbd
460.176499708,2.994900000000001,95.94000000000001,2
