weight,alogp,tpsa,hbd
101.011292956,-0.7947000000000002,66.4,2
