weight,alogp,tpsa,hbd
390.2042386799999,2.610800000000001,82.06000000000002,1
