weight,alogp,tpsa,hbd
548.0808413919998,-2.4284799999999973,256.53,7
