weight,alogp,tpsa,hbd
466.34469533199996,8.368800000000007,46.67,0
