weight,alogp,tpsa,hbd
913.5551415880002,6.180600000000007,195.42999999999998,3
