weight,alogp,tpsa,hbd
408.25118887199994,1.9343999999999997,107.22,4
