weight,alogp,tpsa,hbd
290.090271548,0.7544999999999997,119.49000000000001,4
