weight,alogp,tpsa,hbd
206.06914218,0.14270000000000016,78.43,3
