weight,alogp,tpsa,hbd
478.11429337599986,-0.01609999999999956,181.61999999999998,6
