weight,alogp,tpsa,hbd
220.084792244,0.8279000000000001,99.34,4
