weight,alogp,tpsa,hbd
189.074955832,-1.2125299999999992,136.5,5
