weight,alogp,tpsa,hbd
227.89127827800002,1.4658999999999995,66.75999999999999,2
