weight,alogp,tpsa,hbd
416.3290452679999,5.560600000000008,60.69,3
