weight,alogp,tpsa,hbd
244.19394876799998,3.1451400000000023,24.39,1
