weight,alogp,tpsa,hbd
1110.6311600400002,2.343300000000008,332.3999999999999,6
