weight,alogp,tpsa,hbd
796.424521348,1.188900000000004,223.28999999999996,7
