weight,alogp,tpsa,hbd
359.13036253199994,2.989420000000001,77.10000000000001,1
