weight,alogp,tpsa,hbd
279.062021798,-1.6617999999999995,147.9,4
