weight,alogp,tpsa,hbd
508.246789252,0.9125700000000025,177.71,6
