weight,alogp,tpsa,hbd
114.042927432,-0.7857000000000001,58.199999999999996,2
