weight,alogp,tpsa,hbd
232.109944372,3.0820000000000016,35.53,0
