weight,alogp,tpsa,hbd
249.987069432,2.0219,62.550000000000004,1
