weight,alogp,tpsa,hbd
285.01524803599995,0.20179999999999992,135.51,3
