weight,alogp,tpsa,hbd
352.0641759519999,-4.058199999999995,203.43999999999997,7
