weight,alogp,tpsa,hbd
349.109627088,0.34860000000000035,112.73,3
