weight,alogp,tpsa,hbd
827.2272780920002,-0.8387799999999981,328.76000000000005,11
