weight,alogp,tpsa,hbd
354.2406241879999,3.475100000000002,94.83000000000001,3
