weight,alogp,tpsa,hbd
920.498080212,-1.7791999999999804,307.37,12
