weight,alogp,tpsa,hbd
412.1697449919999,0.5684999999999998,115.06,4
