weight,alogp,tpsa,hbd
159.053157768,-0.8337000000000001,83.47,2
