weight,alogp,tpsa,hbd
258.09641954800003,-3.352999999999997,164.60999999999999,5
