weight,alogp,tpsa,hbd
267.095416504,-4.049199999999996,173.7,7
