weight,alogp,tpsa,hbd
422.0825420459999,-5.278599999999992,236.05999999999997,9
