weight,alogp,tpsa,hbd
176.090940244,-1.7969299999999988,134.45000000000002,5
