weight,alogp,tpsa,hbd
173.11642672,-0.1053299999999987,113.19,4
