weight,alogp,tpsa,hbd
161.068807832,-0.4777999999999998,86.63,3
