weight,alogp,tpsa,hbd
243.104147784,0.19750000000000012,84.22,3
