weight,alogp,tpsa,hbd
102.019117988,-1.3076000000000003,66.4,2
