weight,alogp,tpsa,hbd
284.068473484,2.879800000000002,79.9,2
