weight,alogp,tpsa,hbd
280.03247833600005,3.566620000000002,34.14,0
