weight,alogp,tpsa,hbd
471.1502460119999,-0.43909999999999877,220.16999999999996,6
