weight,alogp,tpsa,hbd
977.313574414,3.365800000000003,363.62999999999994,9
