weight,alogp,tpsa,hbd
310.04773803999996,2.703400000000002,89.13000000000001,2
