weight,alogp,tpsa,hbd
343.251129296,3.5783000000000023,32.7,1
