weight,alogp,tpsa,hbd
269.177964356,3.662620000000003,12.47,0
