weight,alogp,tpsa,hbd
297.061353102,0.42199999999999993,111.6,1
