weight,alogp,tpsa,hbd
160.084792244,-1.8953999999999986,90.73,3
