weight,alogp,tpsa,hbd
524.45933116,11.542499999999986,26.3,0
