weight,alogp,tpsa,hbd
397.178375344,0.20670000000000133,128.42999999999998,5
