weight,alogp,tpsa,hbd
218.0579088,2.0267199999999996,56.51,0
