weight,alogp,tpsa,hbd
149.047678464,1.0674000000000001,46.17,1
