weight,alogp,tpsa,hbd
361.161641364,0.5198000000000025,26.3,0
