weight,alogp,tpsa,hbd
151.04940978,-0.7716000000000001,100.45,3
