weight,alogp,tpsa,hbd
155.080709908,-0.4088000000000005,96.95,3
