weight,alogp,tpsa,hbd
345.0474343539999,-1.6547999999999998,182.91,4
