weight,alogp,tpsa,hbd
474.19214977199994,2.9889000000000014,95.94,2
