weight,alogp,tpsa,hbd
1061.3710892899999,3.918900000000005,380.69999999999993,9
