weight,alogp,tpsa,hbd
190.095356928,-1.0194999999999996,126.64000000000001,4
