weight,alogp,tpsa,hbd
96.95955451200001,-0.7298999999999998,63.6,1
