weight,alogp,tpsa,hbd
559.0716736759998,-3.8307299999999977,292.38999999999993,9
