weight,alogp,tpsa,hbd
664.1163982560897,-3.015899999999994,318.25999999999993,8
