weight,alogp,tpsa,hbd
421.0534943159999,-0.8143000000000002,166.10999999999999,5
