weight,alogp,tpsa,hbd
1157.3922186580003,2.0424000000000055,424.31999999999994,12
