weight,alogp,tpsa,hbd
180.064725496,-1.0397000000000005,72.68,1
