weight,alogp,tpsa,hbd
586.9620759839999,-1.5120000000000002,325.65999999999997,8
