weight,alogp,tpsa,hbd
557.1250194439999,0.8270000000000008,180.96999999999997,2
