weight,alogp,tpsa,hbd
251.101839276,-0.9524000000000001,119.31,3
