weight,alogp,tpsa,hbd
282.255880328,6.108500000000006,37.3,1
