weight,alogp,tpsa,hbd
147.053157768,-0.7368999999999999,100.62,3
