weight,alogp,tpsa,hbd
102.031694052,-0.09400000000000014,54.37,1
