weight,alogp,tpsa,hbd
196.073558864,1.9194000000000002,77.75999999999999,3
