weight,alogp,tpsa,hbd
516.3087037479999,2.928500000000002,132.13,4
