weight,alogp,tpsa,hbd
188.047344116,2.2435999999999994,57.53,2
