weight,alogp,tpsa,hbd
336.230059504,4.158300000000003,77.76,3
