weight,alogp,tpsa,hbd
196.14632988,3.242200000000002,26.3,0
