weight,alogp,tpsa,hbd
942.5188156560001,0.14050000000001295,294.97999999999996,11
