weight,alogp,tpsa,hbd
190.110613068,1.6353999999999995,48.05,3
