weight,alogp,tpsa,hbd
506.1437636639999,2.317919999999999,197.18,4
