weight,alogp,tpsa,hbd
340.14230712,2.0797999999999996,95.5,3
