weight,alogp,tpsa,hbd
1447.4301996399993,0.1062000000000089,530.4899999999999,19
