weight,alogp,tpsa,hbd
139.074561908,-0.5216000000000001,71.77,2
