weight,alogp,tpsa,hbd
405.215137712,0.9298000000000002,80.76,1
