weight,alogp,tpsa,hbd
324.06338810399996,3.006400000000002,78.13000000000001,1
