weight,alogp,tpsa,hbd
265.11748934,-0.49130000000000024,105.32000000000001,3
