weight,alogp,tpsa,hbd
368.365430776,8.673100000000003,37.3,1
