weight,alogp,tpsa,hbd
312.14086764,3.4392200000000024,30.870000000000005,1
