weight,alogp,tpsa,hbd
387.06577325199993,-0.9912999999999994,166.10999999999999,5
