weight,alogp,tpsa,hbd
564.293447608,1.26,151.98000000000002,4
