weight,alogp,tpsa,hbd
214.110613068,2.5416000000000007,37.379999999999995,1
