weight,alogp,tpsa,hbd
350.24570956799994,2.538400000000002,77.75999999999999,3
