weight,alogp,tpsa,hbd
2027.1376324519993,10.684000000000001,632.3600000000001,19
