weight,alogp,tpsa,hbd
474.37091007999993,5.679600000000009,77.76,3
