weight,alogp,tpsa,hbd
300.052840484,-1.5231999999999979,122.46000000000001,1
