weight,alogp,tpsa,hbd
357.064648968,3.5591000000000017,49.77,1
