weight,alogp,tpsa,hbd
189.10010796,0.30239999999999995,86.63,3
