weight,alogp,tpsa,hbd
287.057591516,0.6406000000000001,106.01999999999998,0
