weight,alogp,tpsa,hbd
388.13828435999983,2.9216000000000006,141.84,1
