weight,alogp,tpsa,hbd
364.2249741239999,1.7174000000000005,94.83000000000001,3
