weight,alogp,tpsa,hbd
260.011960386,-1.0946000000000002,116.45000000000002,4
