weight,alogp,tpsa,hbd
352.1786926279999,3.0214000000000016,62.4,1
