weight,alogp,tpsa,hbd
313.131408088,2.4785000000000004,78.79,3
