weight,alogp,tpsa,hbd
428.32904526799996,7.180700000000009,43.370000000000005,0
