weight,alogp,tpsa,hbd
400.334130648,6.567700000000007,37.3,1
