weight,alogp,tpsa,hbd
320.089602852,0.4536999999999998,124.28999999999999,4
