weight,alogp,tpsa,hbd
515.0454589279998,-2.276199999999999,279.12999999999994,7
