weight,alogp,tpsa,hbd
253.01889393599998,1.7157999999999995,62.2,2
