weight,alogp,tpsa,hbd
449.032736132,-4.232099999999997,151.09,2
