weight,alogp,tpsa,hbd
194.167065324,3.8822000000000028,17.07,0
