weight,alogp,tpsa,hbd
712.543060784,14.312499999999968,63.60000000000001,1
