weight,alogp,tpsa,hbd
202.095356928,-1.7179999999999997,93.81,3
