weight,alogp,tpsa,hbd
1224.5775123040003,-5.022599999999998,434.4400000000001,16
