weight,alogp,tpsa,hbd
174.100442308,-0.6853999999999991,92.42,3
