weight,alogp,tpsa,hbd
340.18992600800004,2.88284,118.20000000000002,4
