weight,alogp,tpsa,hbd
908.20674128809,3.2414400000000017,225.57999999999998,6
