weight,alogp,tpsa,hbd
332.158351108,-2.925599999999993,129.51000000000002,5
