weight,alogp,tpsa,hbd
251.079372516,0.6147999999999998,95.85999999999999,3
