weight,alogp,tpsa,hbd
363.944049592,-1.2495999999999994,126.64000000000001,4
