weight,alogp,tpsa,hbd
332.0896028519999,2.138020000000001,113.29000000000002,3
