weight,alogp,tpsa,hbd
214.048048766,-1.0795000000000001,111.24,3
