weight,alogp,tpsa,hbd
743.213980796,-7.714360000000008,427.65000000000003,17
