weight,alogp,tpsa,hbd
382.13102649599995,4.6303000000000045,113.28999999999999,3
