weight,alogp,tpsa,hbd
174.111675688,-1.338429999999998,125.21999999999998,5
