weight,alogp,tpsa,hbd
275.167399672,4.553800000000005,3.24,0
