weight,alogp,tpsa,hbd
332.05218538599996,-1.1227000000000005,159.79,4
