weight,alogp,tpsa,hbd
213.131311292,4.4074000000000035,17.07,0
