weight,alogp,tpsa,hbd
331.06816979799993,-0.8338000000000003,165.83999999999997,4
