weight,alogp,tpsa,hbd
459.06827535199983,-3.868499999999995,227.60999999999999,6
