weight,alogp,tpsa,hbd
317.9283599479999,2.071100000000002,115.06,4
