weight,alogp,tpsa,hbd
184.073558864,0.4264999999999995,69.92,3
