weight,alogp,tpsa,hbd
242.08037556,0.7764399999999999,91.5,2
