weight,alogp,tpsa,hbd
125.058911844,-0.33947999999999995,71.77,2
