weight,alogp,tpsa,hbd
303.158291532,1.4087999999999994,108.21,4
