weight,alogp,tpsa,hbd
293.852718188,2.6154000000000006,57.53,2
