weight,alogp,tpsa,hbd
150.104465068,2.4879000000000007,17.07,0
