weight,alogp,tpsa,hbd
682.5324961,14.684599999999966,57.53,2
