weight,alogp,tpsa,hbd
235.001074952,-1.6632999999999996,161.31,6
