weight,alogp,tpsa,hbd
1526.8583783639995,12.82509999999997,369.20000000000005,12
