weight,alogp,tpsa,hbd
232.105921612,-0.8420999999999994,129.72,4
