weight,alogp,tpsa,hbd
400.19982199599986,0.7675000000000001,93.47000000000001,3
