weight,alogp,tpsa,hbd
194.079038168,-3.1804999999999994,110.38000000000001,5
