weight,alogp,tpsa,hbd
492.49063128800003,11.477299999999987,34.14,0
