weight,alogp,tpsa,hbd
206.130679816,3.223340000000002,40.46,2
