weight,alogp,tpsa,hbd
418.1740011719999,2.9708000000000014,117.00000000000001,1
