weight,alogp,tpsa,hbd
204.111006992,-0.758799999999999,112.65,4
