weight,alogp,tpsa,hbd
204.089877624,1.1222999999999999,79.10999999999999,3
