weight,alogp,tpsa,hbd
213.10144535199998,2.6614000000000013,89.64999999999999,2
