weight,alogp,tpsa,hbd
203.079372516,-2.0319999999999983,88.02000000000001,3
