weight,alogp,tpsa,hbd
73.06399722399999,-0.90073,61.9,3
