weight,alogp,tpsa,hbd
230.094294308,3.036500000000001,46.53,1
