weight,alogp,tpsa,hbd
416.2021305039999,4.852300000000005,60.440000000000005,0
