weight,alogp,tpsa,hbd
554.0460579160001,-1.6112999999999982,214.95999999999998,4
