weight,alogp,tpsa,hbd
275.04635813600004,-0.08899999999999986,115.92,2
