weight,alogp,tpsa,hbd
294.948825352,-0.06089999999999984,118.69,2
