weight,alogp,tpsa,hbd
354.053797732,4.0782200000000035,56.85,0
