weight,alogp,tpsa,hbd
788.29368062,-8.828800000000019,363.44,13
