weight,alogp,tpsa,hbd
246.100442308,1.2996999999999999,82.19,3
