weight,alogp,tpsa,hbd
133.050083768,-0.6087000000000002,55.76,1
