weight,alogp,tpsa,hbd
703.2561676240002,-1.5827999999999909,344.36,12
