weight,alogp,tpsa,hbd
389.104541708,0.7066999999999998,132.96,4
