weight,alogp,tpsa,hbd
1919.0504296119993,11.807999999999995,561.75,17
