weight,alogp,tpsa,hbd
323.115758024,2.799500000000001,40.160000000000004,0
