weight,alogp,tpsa,hbd
408.2875743799999,3.448700000000002,97.99000000000001,4
