weight,alogp,tpsa,hbd
316.9986282,0.4129200000000004,52.16,1
