weight,alogp,tpsa,hbd
430.38108084,6.99720000000001,40.46,2
