weight,alogp,tpsa,hbd
211.120843404,1.2135999999999998,53.71,1
