weight,alogp,tpsa,hbd
247.02457367000002,0.5174199999999998,116.95000000000002,3
