weight,alogp,tpsa,hbd
580.0832466959998,-4.241099999999993,272.45,7
