weight,alogp,tpsa,hbd
118.053098192,1.5628999999999995,28.68,1
