weight,alogp,tpsa,hbd
792.502377744,7.58240000000001,142.12,0
