weight,alogp,tpsa,hbd
183.089543276,0.3505999999999998,72.72,4
