weight,alogp,tpsa,hbd
188.127325752,-1.0777299999999972,111.23,5
