weight,alogp,tpsa,hbd
571.0719212519999,3.2788000000000004,182.07999999999998,3
