weight,alogp,tpsa,hbd
867.13125295,-1.4704999999999941,400.92999999999995,10
