weight,alogp,tpsa,hbd
151.977944228,-1.1381999999999999,91.67,2
