weight,alogp,tpsa,hbd
1250.5362689439999,-0.25079999999998775,447.63000000000017,15
