weight,alogp,tpsa,hbd
415.104935632,-1.1296999999999975,176.33,4
