weight,alogp,tpsa,hbd
213.08698331609,-2.019399999999999,86.69000000000001,3
