weight,alogp,tpsa,hbd
399.33485892,4.2257000000000025,66.43,0
