weight,alogp,tpsa,hbd
146.021523292,-0.7968,80.67000000000002,1
