weight,alogp,tpsa,hbd
414.31339520399996,5.713900000000007,38.69,1
