weight,alogp,tpsa,hbd
165.042593084,0.6547799999999999,84.48,3
