weight,alogp,tpsa,hbd
347.927840216,5.599100000000002,40.46,2
