weight,alogp,tpsa,hbd
382.32356596399995,7.228900000000008,20.23,1
