weight,alogp,tpsa,hbd
501.28790872799993,5.510500000000005,81.0,3
