weight,alogp,tpsa,hbd
116.034768052,-0.9175000000000004,66.4,2
