weight,alogp,tpsa,hbd
279.175377512,4.738000000000004,3.24,0
