weight,alogp,tpsa,hbd
592.3260851279999,4.119640000000001,164.38,6
