weight,alogp,tpsa,hbd
460.17333247599987,2.5231000000000003,121.63999999999999,0
