weight,alogp,tpsa,hbd
185.032422324,-0.8765000000000005,117.69,3
