weight,alogp,tpsa,hbd
480.30870374799986,1.7098999999999993,138.45000000000002,6
