weight,alogp,tpsa,hbd
30.021798064,0.59614,47.7,2
