weight,alogp,tpsa,hbd
552.433116412,11.816999999999984,12.53,0
