weight,alogp,tpsa,hbd
276.106984232,-3.8676999999999984,184.68999999999997,8
