weight,alogp,tpsa,hbd
852.1679728059999,-1.5963999999999938,389.6499999999999,10
