weight,alogp,tpsa,hbd
768.465992236,1.3688000000000038,218.98999999999995,9
