weight,alogp,tpsa,hbd
582.190833008,-5.232499999999989,291.0999999999999,10
