weight,alogp,tpsa,hbd
233.035793452,-0.7949999999999999,91.75,1
