weight,alogp,tpsa,hbd
908.3327462040003,3.643500000000004,368.01,10
