weight,alogp,tpsa,hbd
363.240958536,0.7405999999999995,84.16000000000001,4
