weight,alogp,tpsa,hbd
160.037173356,-2.389,94.83000000000001,3
