weight,alogp,tpsa,hbd
337.137281316,-4.091699999999992,165.78,6
