weight,alogp,tpsa,hbd
200.007212256,2.4232000000000005,9.23,0
