weight,alogp,tpsa,hbd
711.3301845280001,2.214100000000003,192.62999999999997,6
