weight,alogp,tpsa,hbd
309.105981188,-3.8717999999999972,176.77999999999997,7
