weight,alogp,tpsa,hbd
285.09719003009,-0.12699999999999972,102.28999999999999,2
