weight,alogp,tpsa,hbd
289.1022332,-3.6257,188.18999999999997,8
