weight,alogp,tpsa,hbd
804.2578806100001,-2.4617999999999913,366.10999999999996,12
