weight,alogp,tpsa,hbd
1711.8030105239995,4.5928000000000155,407.61999999999995,6
