weight,alogp,tpsa,hbd
598.5688816080001,13.96299999999997,26.3,0
