weight,alogp,tpsa,hbd
164.083729624,2.5082000000000004,37.3,1
