weight,alogp,tpsa,hbd
188.116092372,-0.4394,92.41999999999999,3
