weight,alogp,tpsa,hbd
462.2981390639999,2.9473000000000025,115.06000000000002,4
