weight,alogp,tpsa,hbd
423.161484684,-4.6209999999999924,196.27,7
