weight,alogp,tpsa,hbd
441.320271476,2.6842000000000015,121.96,3
