weight,alogp,tpsa,hbd
165.045964212,-0.8330999999999993,80.39,2
