weight,alogp,tpsa,hbd
335.1667480400001,2.0687999999999995,65.2,2
