weight,alogp,tpsa,hbd
509.2988673359999,0.8418000000000028,106.92000000000002,2
