weight,alogp,tpsa,hbd
270.09641954800003,-2.251499999999999,132.36,5
