weight,alogp,tpsa,hbd
414.349780712,6.52560000000001,40.46,2
