weight,alogp,tpsa,hbd
161.12845420409,0.17639999999999956,52.32,1
