weight,alogp,tpsa,hbd
536.438201792,12.937999999999976,0.0,0
