weight,alogp,tpsa,hbd
410.3912516,10.604999999999992,0.0,0
