weight,alogp,tpsa,hbd
411.18458653199986,4.628100000000007,82.69000000000001,3
