weight,alogp,tpsa,hbd
246.132805056,-1.234429999999998,148.52999999999997,6
