weight,alogp,tpsa,hbd
151.08579528799999,-0.1549000000000002,70.3,2
