weight,alogp,tpsa,hbd
281.198238196,-1.7033999999999965,100.66,5
