weight,alogp,tpsa,hbd
734.4605129320001,4.548700000000002,175.36999999999998,6
