weight,alogp,tpsa,hbd
221.98342353200002,-0.8417999999999997,117.97000000000001,2
