weight,alogp,tpsa,hbd
872.404179828,-2.0623999999999807,290.04999999999995,9
