weight,alogp,tpsa,hbd
319.090996256,0.8666,19.370000000000005,0
