weight,alogp,tpsa,hbd
156.01876001800002,-0.5235000000000001,86.99,3
