weight,alogp,tpsa,hbd
166.06299418,1.1421999999999992,46.53,1
