weight,alogp,tpsa,hbd
186.06807956,1.9201999999999988,40.46,2
