weight,alogp,tpsa,hbd
119.03443370400001,-0.9745000000000001,66.75999999999999,2
