weight,alogp,tpsa,hbd
203.058243148,1.3640999999999994,70.16,2
