weight,alogp,tpsa,hbd
685.3574448319999,1.3397000000000043,179.11,4
