weight,alogp,tpsa,hbd
286.15689456399997,4.452800000000003,46.53,1
