weight,alogp,tpsa,hbd
193.073893212,0.6713,80.39000000000001,2
