weight,alogp,tpsa,hbd
405.07633793599996,-1.7964999999999982,186.33999999999997,6
