weight,alogp,tpsa,hbd
225.987853814,-0.16390000000000016,119.35999999999999,2
