weight,alogp,tpsa,hbd
410.2304534279999,1.2482,105.45000000000002,3
