weight,alogp,tpsa,hbd
240.28170115199998,6.877700000000007,0.0,0
