weight,alogp,tpsa,hbd
188.15247788,0.6959999999999995,89.34,3
