weight,alogp,tpsa,hbd
164.034768052,0.5789000000000001,66.4,2
