weight,alogp,tpsa,hbd
373.094370948,-1.7004999999999981,170.26000000000002,5
