weight,alogp,tpsa,hbd
461.22022309199997,5.163340000000005,84.85999999999999,2
