weight,alogp,tpsa,hbd
234.05282342,1.6576,94.83000000000001,3
