weight,alogp,tpsa,hbd
1323.6180940079998,-7.659000000000015,533.1000000000001,20
