weight,alogp,tpsa,hbd
163.048072388,-1.7660999999999993,120.85000000000001,4
