weight,alogp,tpsa,hbd
790.506628032,14.990899999999964,113.28999999999999,3
