weight,alogp,tpsa,hbd
254.2245802,5.328300000000005,37.3,1
