weight,alogp,tpsa,hbd
202.21574683199998,-0.35659999999999775,76.1,4
