weight,alogp,tpsa,hbd
241.11027872,3.7452400000000017,49.33,2
