weight,alogp,tpsa,hbd
92.047344116,-1.6681000000000001,60.69,3
