weight,alogp,tpsa,hbd
596.2985329879998,5.291000000000006,110.5,0
