weight,alogp,tpsa,hbd
417.1036118379999,-3.3973999999999966,204.46999999999997,7
