weight,alogp,tpsa,hbd
1017.457565124,3.224900000000003,352.39,10
