weight,alogp,tpsa,hbd
162.05282342,-1.7559000000000002,79.15,3
