weight,alogp,tpsa,hbd
85.982635684,0.7734999999999999,17.07,0
