weight,alogp,tpsa,hbd
103.021760844,1.5106000000000002,17.07,0
