weight,alogp,tpsa,hbd
326.0315301939999,-1.5666000000000004,151.08,4
