weight,alogp,tpsa,hbd
851.13633833,-1.3561999999999945,380.69999999999993,9
