weight,alogp,tpsa,hbd
590.1026394559999,-3.655899999999993,291.41999999999996,8
