weight,alogp,tpsa,hbd
550.2777975439999,0.7500000000000002,162.98,5
