weight,alogp,tpsa,hbd
440.30554655000003,8.04780000000001,66.75999999999999,2
