weight,alogp,tpsa,hbd
130.15902606008999,1.8827999999999998,0.0,0
