weight,alogp,tpsa,hbd
111.99254527000001,-0.8861000000000001,77.76,3
