weight,alogp,tpsa,hbd
366.349780712,8.449100000000005,37.3,1
