weight,alogp,tpsa,hbd
913.151988394,0.08370000000000344,383.85999999999996,10
