weight,alogp,tpsa,hbd
169.998024574,-1.3445000000000003,104.06000000000002,3
