weight,alogp,tpsa,hbd
299.28242942400004,3.9242000000000026,66.48,3
