weight,alogp,tpsa,hbd
846.6654980220001,18.326899999999974,66.75999999999999,2
