weight,alogp,tpsa,hbd
311.10050188400004,-1.57772,143.4,5
