weight,alogp,tpsa,hbd
550.0601059479998,-3.764499999999997,276.76,8
