weight,alogp,tpsa,hbd
176.058577496,1.2742999999999998,59.2,2
