weight,alogp,tpsa,hbd
416.365430776,8.531840000000004,29.46,1
