weight,alogp,tpsa,hbd
437.0484089359999,-1.7987999999999977,183.17999999999998,5
