weight,alogp,tpsa,hbd
368.1657449959999,3.7063000000000024,80.67,1
