weight,alogp,tpsa,hbd
144.042258736,0.4919999999999999,74.6,2
