weight,alogp,tpsa,hbd
1113.27178747609,-1.615199999999998,463.1900000000001,17
