weight,alogp,tpsa,hbd
307.083806264,-2.206099999999996,158.82,6
