weight,alogp,tpsa,hbd
286.22966558,5.510300000000006,20.23,1
