weight,alogp,tpsa,hbd
263.07669244000004,-1.7449999999999999,106.84000000000002,3
