weight,alogp,tpsa,hbd
252.111006992,1.3028999999999997,77.92000000000002,1
