weight,alogp,tpsa,hbd
136.038510748,-0.3538000000000003,74.43,2
