weight,alogp,tpsa,hbd
626.2408571999999,-6.652999999999997,284.28999999999996,10
