weight,alogp,tpsa,hbd
83.04834715999999,-0.008100000000000107,54.7,2
