weight,alogp,tpsa,hbd
317.06234046000003,2.4484000000000004,92.55000000000001,1
