weight,alogp,tpsa,hbd
131.058243148,-0.6226000000000003,80.39000000000001,2
