weight,alogp,tpsa,hbd
387.11612562,2.2177000000000002,74.57000000000001,2
