weight,alogp,tpsa,hbd
180.042258736,1.1956000000000002,77.75999999999999,3
