weight,alogp,tpsa,hbd
393.12123732799995,3.9312000000000022,58.620000000000005,0
