weight,alogp,tpsa,hbd
392.19990224799994,1.7515999999999998,94.83000000000001,3
