weight,alogp,tpsa,hbd
370.18925731199994,1.5561999999999998,79.82,3
