weight,alogp,tpsa,hbd
89.047678464,0.10160000000000013,52.32,1
