weight,alogp,tpsa,hbd
150.05282342,-2.7381,97.99000000000001,4
