weight,alogp,tpsa,hbd
385.1056043280001,-1.3136999999999972,176.83999999999995,5
