weight,alogp,tpsa,hbd
428.07899092399987,4.360400000000006,133.52,4
