weight,alogp,tpsa,hbd
139.02694302,1.3003999999999996,63.370000000000005,1
