weight,alogp,tpsa,hbd
342.146723804,3.411000000000003,79.15,3
