weight,alogp,tpsa,hbd
202.07422756,1.5520999999999996,79.11000000000001,3
