weight,alogp,tpsa,hbd
591.310633308,7.999700000000009,36.02,0
