weight,alogp,tpsa,hbd
252.093900384,5.737200000000004,0.0,0
