weight,alogp,tpsa,hbd
820.1179486139999,-1.272299999999996,363.62999999999994,9
