weight,alogp,tpsa,hbd
153.042593084,1.6034,52.370000000000005,0
