weight,alogp,tpsa,hbd
323.15935415200005,-2.082499999999997,127.00999999999999,3
