weight,alogp,tpsa,hbd
330.121571676,1.3468999999999993,119.22000000000001,4
