weight,alogp,tpsa,hbd
276.02463324600006,-3.3760999999999983,184.98,7
