weight,alogp,tpsa,hbd
205.037507704,1.3441999999999994,90.65000000000002,3
