weight,alogp,tpsa,hbd
682.994444024,-3.516699999999996,333.41999999999996,9
