weight,alogp,tpsa,hbd
175.063328528,1.4001999999999994,53.089999999999996,2
