weight,alogp,tpsa,hbd
121.073893212,-2.3391999999999986,86.71000000000001,4
