weight,alogp,tpsa,hbd
339.0467656579999,-2.1079999999999997,197.58999999999997,6
