weight,alogp,tpsa,hbd
171.005849606,-1.0625000000000002,96.22000000000001,3
