weight,alogp,tpsa,hbd
244.02825167999998,1.9466999999999994,62.44,3
