weight,alogp,tpsa,hbd
369.157622836,2.8458000000000014,57.230000000000004,0
