weight,alogp,tpsa,hbd
136.037173356,-2.214899999999999,97.99000000000001,4
