weight,alogp,tpsa,hbd
195.075624528,-1.1576000000000004,116.39,4
