weight,alogp,tpsa,hbd
520.3036183679999,1.8905999999999994,144.52,5
