weight,alogp,tpsa,hbd
287.05587379799994,0.6714999999999993,123.01000000000002,5
