weight,alogp,tpsa,hbd
334.21440943999994,4.056300000000003,74.6,2
