weight,alogp,tpsa,hbd
755.3153052480001,4.511920000000006,227.60999999999996,6
