weight,alogp,tpsa,hbd
225.086189212,-1.3318000000000003,119.05000000000001,3
