weight,alogp,tpsa,hbd
424.2461034919999,2.440400000000001,124.29000000000002,4
