weight,alogp,tpsa,hbd
177.1153641,1.736,21.259999999999998,1
