weight,alogp,tpsa,hbd
538.453851856,12.995899999999976,0.0,0
