weight,alogp,tpsa,hbd
357.230393852,3.342900000000002,49.77,1
