weight,alogp,tpsa,hbd
320.19875937599994,3.3340000000000014,74.6,2
