weight,alogp,tpsa,hbd
600.417860272,9.065200000000003,74.6,2
