weight,alogp,tpsa,hbd
396.84605978,3.1496,33.120000000000005,1
