weight,alogp,tpsa,hbd
282.096419548,-2.059699999999999,129.20000000000002,4
