weight,alogp,tpsa,hbd
122.048012812,0.1805000000000001,55.98,1
