weight,alogp,tpsa,hbd
375.24095853600005,2.3806000000000003,59.00000000000001,1
