weight,alogp,tpsa,hbd
224.083729624,3.0455000000000014,26.3,0
