weight,alogp,tpsa,hbd
367.21474378799996,3.9942000000000037,38.77,0
