weight,alogp,tpsa,hbd
240.122240372,-0.7394999999999989,121.1,4
