weight,alogp,tpsa,hbd
157.037507704,-0.44560000000000005,100.62,3
