weight,alogp,tpsa,hbd
340.10056145999994,-5.187399999999993,186.36999999999998,7
