weight,alogp,tpsa,hbd
1578.658340369999,1.7007399999999953,573.37,12
