weight,alogp,tpsa,hbd
287.167399672,4.985000000000004,3.24,0
