weight,alogp,tpsa,hbd
182.08719460199998,3.230000000000002,26.3,0
