weight,alogp,tpsa,hbd
75.0320284,-0.4882999999999999,49.33,2
