weight,alogp,tpsa,hbd
482.1212969039999,2.4045000000000005,166.14,6
