weight,alogp,tpsa,hbd
224.188863388,1.5240999999999998,23.550000000000004,0
