weight,alogp,tpsa,hbd
1161.5652705880002,-5.483199999999998,453.9500000000001,17
