weight,alogp,tpsa,hbd
878.3221815200002,4.173400000000004,354.36999999999995,11
