weight,alogp,tpsa,hbd
689.0900397699997,-0.5008000000000004,295.81999999999994,6
