weight,alogp,tpsa,hbd
148.052429496,1.6042999999999996,37.3,1
