weight,alogp,tpsa,hbd
456.1943597559999,2.717100000000001,110.43,3
