weight,alogp,tpsa,hbd
119.03443370400001,-0.9744999999999999,66.75999999999999,2
