weight,alogp,tpsa,hbd
135.035399528,-0.28179999999999994,63.31999999999999,3
