weight,alogp,tpsa,hbd
162.05282342,-0.45730000000000026,94.83,3
