weight,alogp,tpsa,hbd
630.315245672,0.6990000000000014,167.25000000000003,5
