weight,alogp,tpsa,hbd
410.44876647599995,10.141199999999994,20.23,1
