weight,alogp,tpsa,hbd
550.3016016960001,1.3816400000000029,211.46,9
