weight,alogp,tpsa,hbd
146.08439832,2.17974,28.68,1
