weight,alogp,tpsa,hbd
604.288362228,1.958399999999999,172.95999999999998,4
