weight,alogp,tpsa,hbd
941.1316468740001,-2.6547999999999914,458.46,12
