weight,alogp,tpsa,hbd
200.177630008,3.991900000000003,37.3,1
