weight,alogp,tpsa,hbd
262.08010078800004,-3.3499999999999983,137.35,5
