weight,alogp,tpsa,hbd
116.01095860800001,-0.7708999999999999,71.44,1
