weight,alogp,tpsa,hbd
272.250401024,6.451700000000006,0.0,0
