weight,alogp,tpsa,hbd
352.19072011209,2.7045000000000012,46.53,1
