weight,alogp,tpsa,hbd
307.0569364179999,-1.4168000000000007,157.13,4
