weight,alogp,tpsa,hbd
293.111066568,-2.5801999999999974,145.55,5
