weight,alogp,tpsa,hbd
543.33194099009,6.364600000000007,91.29000000000002,1
