weight,alogp,tpsa,hbd
121.08914935199999,1.7526000000000002,3.24,0
