weight,alogp,tpsa,hbd
646.371697928,3.573200000000001,162.98,5
