weight,alogp,tpsa,hbd
88.003467924,-0.5920000000000001,69.89,2
