weight,alogp,tpsa,hbd
486.18898253999987,2.108199999999999,124.80000000000001,1
