weight,alogp,tpsa,hbd
980.5344657200002,3.1635000000000106,247.8199999999999,6
