weight,alogp,tpsa,hbd
195.074287136,-3.526699999999998,144.24,6
