weight,alogp,tpsa,hbd
277.117020976,2.6364000000000005,60.160000000000004,2
