weight,alogp,tpsa,hbd
403.0892991659999,-0.9021000000000003,192.13999999999996,4
