weight,alogp,tpsa,hbd
212.116092372,0.7948999999999995,75.27000000000001,2
