weight,alogp,tpsa,hbd
194.0579088,1.4986,66.75999999999999,2
