weight,alogp,tpsa,hbd
107.038256652,-0.6321999999999999,63.31999999999999,2
