weight,alogp,tpsa,hbd
296.068473484,2.9648000000000008,86.99000000000001,3
