weight,alogp,tpsa,hbd
236.10840959799998,3.391200000000002,18.46,0
