weight,alogp,tpsa,hbd
382.08509786,4.858420000000004,56.85,0
