weight,alogp,tpsa,hbd
292.240230264,5.277400000000005,29.46,1
