weight,alogp,tpsa,hbd
128.058577496,-0.2979199999999998,87.11000000000001,2
