weight,alogp,tpsa,hbd
192.042258736,1.5071999999999999,59.67,1
