weight,alogp,tpsa,hbd
331.12671663199995,-2.09558,152.73,6
