weight,alogp,tpsa,hbd
365.0899372,3.0815200000000016,144.24,6
