weight,alogp,tpsa,hbd
427.1478459999999,-2.468919999999997,182.08999999999997,6
