weight,alogp,tpsa,hbd
1264.5558280999996,-7.834800000000032,559.4200000000001,21
