weight,alogp,tpsa,hbd
1077.402389418,4.100800000000007,383.85999999999996,10
