weight,alogp,tpsa,hbd
1329.5721511579995,3.3374400000000115,451.23,10
