weight,alogp,tpsa,hbd
941.4705823560003,-2.953399999999986,373.40999999999997,14
