weight,alogp,tpsa,hbd
446.2304534279999,3.502500000000002,121.13,3
