weight,alogp,tpsa,hbd
748.508525744,1.9007000000000056,180.07999999999998,5
