weight,alogp,tpsa,hbd
176.043321356,-2.400899999999999,129.72,4
