weight,alogp,tpsa,hbd
160.052429496,1.0942999999999998,34.14,0
