weight,alogp,tpsa,hbd
491.295513272,-3.7992999999999926,216.79999999999998,8
