weight,alogp,tpsa,hbd
345.047434354,-1.5240999999999993,174.81000000000003,4
