weight,alogp,tpsa,hbd
182.979849828,-0.8925000000000001,63.32,2
