weight,alogp,tpsa,hbd
502.417466348,11.533399999999986,20.23,1
