weight,alogp,tpsa,hbd
186.04629856,-0.20729999999999993,86.18,2
