weight,alogp,tpsa,hbd
665.0788063899998,-1.0837999999999985,287.10999999999996,6
