weight,alogp,tpsa,hbd
375.15943440399997,1.9804,83.80000000000001,2
