weight,alogp,tpsa,hbd
528.0178370799998,-1.499299999999999,225.40999999999997,6
