weight,alogp,tpsa,hbd
116.094963004,-0.39929999999999993,69.11,2
