weight,alogp,tpsa,hbd
396.044978232,0.5922999999999996,113.01000000000002,2
