weight,alogp,tpsa,hbd
156.042258736,0.33279999999999993,63.6,1
