weight,alogp,tpsa,hbd
128.120115132,2.1136000000000004,20.23,1
