weight,alogp,tpsa,hbd
108.06874825599999,0.9722000000000002,38.05,2
