weight,alogp,tpsa,hbd
1345.5670657779992,2.1484400000000057,474.29,10
