weight,alogp,tpsa,hbd
436.258990282,5.469500000000007,110.13000000000002,2
