weight,alogp,tpsa,hbd
343.225977168,3.4853000000000023,54.46,1
