weight,alogp,tpsa,hbd
318.095747288,4.8944000000000045,6.48,0
