weight,alogp,tpsa,hbd
260.02971862600003,-3.7176000000000005,167.91,7
