weight,alogp,tpsa,hbd
971.157467698,0.02600000000000441,417.99999999999994,10
