weight,alogp,tpsa,hbd
146.06914218,-1.336199999999999,106.41,3
