weight,alogp,tpsa,hbd
480.12495986799996,-1.2798999999999958,150.04,2
