weight,alogp,tpsa,hbd
810.4401714120002,1.3810000000000036,253.12999999999997,9
