weight,alogp,tpsa,hbd
260.250401024,5.809300000000006,0.0,0
