weight,alogp,tpsa,hbd
397.07976643999996,0.09471999999999997,175.22,5
