weight,alogp,tpsa,hbd
856.2538271880001,-0.906079999999998,340.78999999999996,12
