weight,alogp,tpsa,hbd
490.224991188,3.0740000000000016,124.67999999999998,3
