weight,alogp,tpsa,hbd
328.1018988519999,-3.4795799999999977,181.78999999999996,6
