weight,alogp,tpsa,hbd
218.090271548,-1.2321999999999986,129.72000000000003,4
