weight,alogp,tpsa,hbd
149.032422324,-2.1561999999999997,120.85000000000001,4
