weight,alogp,tpsa,hbd
101.084063972,0.6619000000000002,43.09,1
