weight,alogp,tpsa,hbd
448.1005614599999,0.4886999999999995,190.27999999999997,7
