weight,alogp,tpsa,hbd
220.182715388,4.604500000000004,17.07,0
