weight,alogp,tpsa,hbd
1149.3515964599997,-6.675000000000019,540.98,16
