weight,alogp,tpsa,hbd
435.05185450399995,-2.223899999999996,206.02999999999997,3
