weight,alogp,tpsa,hbd
227.079372516,-0.6536999999999995,120.85000000000001,4
