weight,alogp,tpsa,hbd
373.05012318799993,-1.3814,166.10999999999999,5
