weight,alogp,tpsa,hbd
468.32395988799993,6.620800000000007,71.44,1
