weight,alogp,tpsa,hbd
156.042258736,-0.7110000000000001,77.75999999999999,3
