weight,alogp,tpsa,hbd
274.123676288,3.8186000000000018,16.130000000000003,0
