weight,alogp,tpsa,hbd
212.25040102399998,6.097500000000006,0.0,0
