weight,alogp,tpsa,hbd
111.04326178,-0.6479000000000004,71.77,2
