weight,alogp,tpsa,hbd
175.030314148,-0.2370999999999998,66.4,2
