weight,alogp,tpsa,hbd
1210.5982477479997,-4.157100000000005,425.21000000000015,16
