weight,alogp,tpsa,hbd
250.156894564,3.573240000000002,46.53,1
