weight,alogp,tpsa,hbd
581.2656696879999,-7.741760000000009,331.43,14
