weight,alogp,tpsa,hbd
767.0853483139998,-3.835599999999995,362.48999999999995,10
