weight,alogp,tpsa,hbd
248.113686684,-2.804299999999997,81.59,1
