weight,alogp,tpsa,hbd
1456.6510711679994,-2.2273999999999927,494.88000000000017,16
