weight,alogp,tpsa,hbd
133.052763844,1.2435800000000001,44.019999999999996,1
