weight,alogp,tpsa,hbd
558.2530004399998,6.313600000000007,111.79000000000002,4
