weight,alogp,tpsa,hbd
1006.4364575520002,-3.6086000000000107,399.5299999999999,12
