weight,alogp,tpsa,hbd
237.08485182,-4.105199999999996,139.48000000000002,6
