weight,alogp,tpsa,hbd
337.167793596,3.589500000000001,49.77,1
