weight,alogp,tpsa,hbd
305.073804904,5.179600000000002,12.03,1
