weight,alogp,tpsa,hbd
501.21698817999993,-7.673800000000005,286.05000000000007,11
