weight,alogp,tpsa,hbd
337.11615194800004,-0.9464999999999995,132.24,5
