weight,alogp,tpsa,hbd
233.954162844,2.2998000000000003,9.23,0
