weight,alogp,tpsa,hbd
174.05282342,-0.0030999999999999917,91.67,2
