weight,alogp,tpsa,hbd
342.194342692,4.331820000000004,56.85,0
