weight,alogp,tpsa,hbd
332.107374592,1.1439900000000005,108.07,4
