weight,alogp,tpsa,hbd
464.2046326039998,0.4964999999999998,156.91,6
