weight,alogp,tpsa,hbd
134.07316494,1.6662000000000001,20.23,1
