weight,alogp,tpsa,hbd
148.073558864,-1.1646000000000003,69.92,3
