weight,alogp,tpsa,hbd
224.079706864,-0.04090000000000016,126.64000000000001,4
