weight,alogp,tpsa,hbd
329.162708216,2.886700000000001,62.16000000000001,2
