weight,alogp,tpsa,hbd
237.08485182,-3.3492999999999986,147.32,6
