weight,alogp,tpsa,hbd
202.06299418,2.4704000000000006,60.69,3
