weight,alogp,tpsa,hbd
359.24604391599996,1.7917999999999998,63.93000000000001,3
