weight,alogp,tpsa,hbd
111.07964728799999,-0.08910000000000007,54.7,2
