weight,alogp,tpsa,hbd
240.122240372,-1.1191999999999986,110.23999999999998,3
