weight,alogp,tpsa,hbd
475.300598652,-3.2006999999999928,199.73000000000002,8
