weight,alogp,tpsa,hbd
257.12948994,1.4705999999999997,53.160000000000004,3
