weight,alogp,tpsa,hbd
180.078644244,1.4062999999999997,49.69,2
