weight,alogp,tpsa,hbd
573.1406831059999,-0.5862999999999989,233.27,6
