weight,alogp,tpsa,hbd
788.3163253560001,-3.745699999999997,291.61999999999995,11
