weight,alogp,tpsa,hbd
129.037410908,2.0667999999999997,17.07,0
