weight,alogp,tpsa,hbd
939.063479006,1.2853000000000026,363.63,9
