weight,alogp,tpsa,hbd
158.130679816,2.821600000000001,37.3,1
