weight,alogp,tpsa,hbd
1141.329296096,-13.900600000000017,576.1100000000001,20
