weight,alogp,tpsa,hbd
344.19875937599994,2.874900000000001,71.44,1
