weight,alogp,tpsa,hbd
533.950402708,-9.888200000000007,211.92,0
