weight,alogp,tpsa,hbd
355.17835828,3.376500000000002,40.160000000000004,0
