weight,alogp,tpsa,hbd
355.21474378799996,2.5097000000000005,49.769999999999996,1
