weight,alogp,tpsa,hbd
65.987065966,-0.35000000000000003,37.3,1
