weight,alogp,tpsa,hbd
464.21318061600005,-2.041329999999996,218.75000000000003,6
