weight,alogp,tpsa,hbd
723.304380768,-4.575500000000006,313.27,13
