weight,alogp,tpsa,hbd
183.97728913000003,-1.2506000000000004,121.13,3
