weight,alogp,tpsa,hbd
401.03891700399987,-0.9913799999999997,203.65999999999997,5
