weight,alogp,tpsa,hbd
352.22497412399997,3.129100000000002,97.99,4
