weight,alogp,tpsa,hbd
217.058637072,-2.921119999999999,123.17000000000002,4
