weight,alogp,tpsa,hbd
229.058637072,-0.5597999999999994,137.92000000000002,4
