weight,alogp,tpsa,hbd
89.99530854400001,-0.8443999999999998,74.6,2
