weight,alogp,tpsa,hbd
656.426133512,2.5236000000000027,191.69,7
