weight,alogp,tpsa,hbd
150.104465068,2.3023000000000002,20.23,1
