weight,alogp,tpsa,hbd
238.033819292,0.07349999999999995,118.04999999999998,1
