weight,alogp,tpsa,hbd
405.017754764,-4.886499999999998,150.04,2
