weight,alogp,tpsa,hbd
413.34195567999996,8.082300000000009,26.3,0
