weight,alogp,tpsa,hbd
290.07903816799995,1.546100000000001,110.38000000000001,5
