weight,alogp,tpsa,hbd
672.10811876,-3.278999999999995,293.18999999999994,7
