weight,alogp,tpsa,hbd
273.99946752,-3.301999999999999,170.82,5
