weight,alogp,tpsa,hbd
134.0579088,-1.7105,77.75999999999999,3
