weight,alogp,tpsa,hbd
581.2908218159998,-6.771900000000005,286.71999999999997,11
