weight,alogp,tpsa,hbd
266.130679816,4.604600000000004,40.46,2
