weight,alogp,tpsa,hbd
258.11010044209,-0.8205999999999993,96.22000000000001,3
