weight,alogp,tpsa,hbd
397.99647260000006,0.3156999999999995,122.97,4
