weight,alogp,tpsa,hbd
349.0562677219999,-0.8031000000000001,173.62,6
