weight,alogp,tpsa,hbd
550.1434888919998,-3.698299999999994,249.37999999999997,8
