weight,alogp,tpsa,hbd
370.359951472,8.417900000000005,0.0,0
