weight,alogp,tpsa,hbd
342.11621152399994,-5.397199999999993,189.52999999999997,8
