weight,alogp,tpsa,hbd
465.18306230800005,3.358100000000001,86.05,2
