weight,alogp,tpsa,hbd
230.0579088,1.7217,74.60000000000001,2
