weight,alogp,tpsa,hbd
547.9733382779998,-2.7188999999999997,302.57,8
