weight,alogp,tpsa,hbd
364.02425638599993,-1.1565000000000003,160.05,5
