weight,alogp,tpsa,hbd
910.3181894219998,-8.559160000000018,486.27000000000004,17
