weight,alogp,tpsa,hbd
309.98548446399997,-2.3483,183.20999999999998,6
