weight,alogp,tpsa,hbd
334.1198574239999,1.0367000000000002,95.97,0
