weight,alogp,tpsa,hbd
96.057514876,1.2955999999999999,17.07,0
