weight,alogp,tpsa,hbd
528.0546266439998,-0.9828799999999998,229.97999999999996,4
