weight,alogp,tpsa,hbd
685.462578596,1.4672000000000067,223.25999999999996,8
