weight,alogp,tpsa,hbd
224.1412445,1.5997999999999999,57.53,2
