weight,alogp,tpsa,hbd
394.12638228399993,-0.5465800000000005,157.66,5
