weight,alogp,tpsa,hbd
308.10083623199995,-1.676599999999996,129.77,3
