weight,alogp,tpsa,hbd
354.09508215599993,-0.9724800000000002,160.82,6
