weight,alogp,tpsa,hbd
384.244664012,4.164000000000003,69.64,2
