weight,alogp,tpsa,hbd
907.162553078,-0.5241999999999949,400.92999999999995,10
