weight,alogp,tpsa,hbd
345.11471246800005,2.8997400000000004,77.10000000000001,1
