weight,alogp,tpsa,hbd
311.18852904000005,2.350600000000001,40.54,1
