weight,alogp,tpsa,hbd
327.006513192,3.2653000000000016,59.75,0
