weight,alogp,tpsa,hbd
240.16264864,3.6631000000000027,19.03,1
