weight,alogp,tpsa,hbd
353.12229994800003,1.2688999999999995,150.86,2
