weight,alogp,tpsa,hbd
211.084457896,0.44229999999999997,103.78,4
