weight,alogp,tpsa,hbd
59.03711378,-0.8560000000000001,43.09,1
