weight,alogp,tpsa,hbd
518.3818686879999,4.6879000000000035,136.68,5
