weight,alogp,tpsa,hbd
548.335229222,5.829400000000005,111.19,0
