weight,alogp,tpsa,hbd
751.0904336939998,-2.934299999999997,345.51,8
