weight,alogp,tpsa,hbd
144.042258736,0.34790000000000004,74.6,2
