weight,alogp,tpsa,hbd
536.2257619719999,0.214600000000001,165.89,3
