weight,alogp,tpsa,hbd
493.0272738920001,-5.059019999999998,166.16,1
