weight,alogp,tpsa,hbd
278.2245802,5.331700000000005,37.3,1
