weight,alogp,tpsa,hbd
430.30830982399993,4.6847000000000065,58.92,2
