weight,alogp,tpsa,hbd
160.037173356,-1.9062999999999994,97.99000000000001,4
