weight,alogp,tpsa,hbd
302.18819469199997,3.058200000000002,54.37,1
