weight,alogp,tpsa,hbd
414.12494280399994,2.4837999999999996,95.94000000000001,2
