weight,alogp,tpsa,hbd
115.02694302,-0.8875000000000002,80.39000000000001,2
