weight,alogp,tpsa,hbd
712.3670064720001,-0.09479999999999306,214.05999999999997,7
