weight,alogp,tpsa,hbd
288.063388104,1.4806999999999997,107.22000000000001,4
