weight,alogp,tpsa,hbd
673.230352092,-7.591000000000002,332.95,12
