weight,alogp,tpsa,hbd
388.1522031079999,2.7097000000000007,88.13,0
