weight,alogp,tpsa,hbd
166.04773804,-2.8539999999999996,118.22000000000001,5
