weight,alogp,tpsa,hbd
247.108754496,2.496900000000001,61.77,1
