weight,alogp,tpsa,hbd
265.09099982000004,-2.890899999999998,151.92,5
