weight,alogp,tpsa,hbd
457.1709814559999,-0.5218999999999983,193.97999999999996,6
