weight,alogp,tpsa,hbd
694.2010037680001,0.6643199999999996,275.62999999999994,9
