weight,alogp,tpsa,hbd
418.34469533199996,5.618400000000007,57.53,2
