weight,alogp,tpsa,hbd
80.974155554,-0.15070000000000006,46.53,1
