weight,alogp,tpsa,hbd
523.0617829799997,-3.750699999999997,240.35999999999996,7
