weight,alogp,tpsa,hbd
307.091200152,1.8451999999999997,97.46000000000001,3
