weight,alogp,tpsa,hbd
584.422945652,9.6145,52.989999999999995,2
