weight,alogp,tpsa,hbd
326.16304256399997,1.3658,53.96000000000001,2
