weight,alogp,tpsa,hbd
291.138992004,3.7760000000000025,12.47,0
