weight,alogp,tpsa,hbd
198.06807956,2.669000000000001,40.46,2
