weight,alogp,tpsa,hbd
292.029996864,-1.7515999999999996,116.39999999999998,6
