weight,alogp,tpsa,hbd
125.09529735199999,-0.07869999999999988,43.84,1
