weight,alogp,tpsa,hbd
173.103850656,-1.243229999999999,111.22999999999999,5
