weight,alogp,tpsa,hbd
337.1161519479999,-1.5597000000000005,143.24,6
