weight,alogp,tpsa,hbd
972.3169405200002,-12.636500000000023,474.90000000000015,18
