weight,alogp,tpsa,hbd
470.12717013199983,-4.6324999999999905,231.12999999999997,7
