weight,alogp,tpsa,hbd
884.476950844,0.2141000000000156,255.9099999999999,9
