weight,alogp,tpsa,hbd
320.05321734399996,0.8918999999999992,147.68,6
