weight,alogp,tpsa,hbd
172.048406736,-1.2424999999999995,84.5,2
