weight,alogp,tpsa,hbd
470.1509795759999,-5.558999999999991,244.92999999999995,9
