weight,alogp,tpsa,hbd
105.03269709599999,0.3482799999999999,49.57,0
