weight,alogp,tpsa,hbd
177.063722452,-2.2777999999999983,94.17,3
