weight,alogp,tpsa,hbd
214.156894564,3.1709000000000023,54.37,1
