weight,alogp,tpsa,hbd
197.020156986,-1.72233,142.74,6
