weight,alogp,tpsa,hbd
637.1298625399999,-2.838899999999995,258.81999999999994,7
