weight,alogp,tpsa,hbd
102.019117988,-0.6700999999999999,66.4,2
