weight,alogp,tpsa,hbd
125.024179746,-0.5312000000000001,83.55,3
