weight,alogp,tpsa,hbd
552.293447608,0.5418000000000007,166.14,6
