weight,alogp,tpsa,hbd
293.990569844,-1.3191000000000004,162.98,5
