weight,alogp,tpsa,hbd
213.11134134,-0.4992000000000003,87.29999999999998,3
