weight,alogp,tpsa,hbd
156.15141526,2.4395000000000007,20.23,1
