weight,alogp,tpsa,hbd
458.2304534279999,3.106600000000001,114.04000000000002,2
