weight,alogp,tpsa,hbd
407.09985025199995,-2.011299999999994,213.18999999999997,6
