weight,alogp,tpsa,hbd
470.1940679199999,4.629400000000002,141.36,4
