weight,alogp,tpsa,hbd
158.032756672,-1.3308999999999997,95.5,3
