weight,alogp,tpsa,hbd
470.1940679199999,2.8954000000000013,115.57,1
