weight,alogp,tpsa,hbd
719.44559114,1.1315000000000037,204.90999999999997,6
