weight,alogp,tpsa,hbd
176.032087976,-2.0490999999999997,111.9,3
