weight,alogp,tpsa,hbd
226.106590308,-1.1295999999999995,121.10000000000001,4
