weight,alogp,tpsa,hbd
44.013638684,-0.3855999999999999,43.09,1
