weight,alogp,tpsa,hbd
395.0123117979999,-0.5365000000000009,171.81999999999996,8
