weight,alogp,tpsa,hbd
338.172938552,1.8141999999999998,93.06,2
