weight,alogp,tpsa,hbd
184.999407944,-1.7822999999999993,126.92000000000002,3
