weight,alogp,tpsa,hbd
1044.8873621920002,22.611800000000017,52.6,0
