weight,alogp,tpsa,hbd
292.02278624400003,2.7521000000000004,46.53,1
