weight,alogp,tpsa,hbd
200.032087976,-0.3698000000000002,108.74000000000001,2
