weight,alogp,tpsa,hbd
237.151749608,3.458300000000002,3.24,0
