weight,alogp,tpsa,hbd
461.335252844,1.7483999999999993,145.63,6
