weight,alogp,tpsa,hbd
217.142641468,-0.966399999999999,118.43999999999998,4
