weight,alogp,tpsa,hbd
610.0938113799999,-4.880199999999992,292.67999999999995,8
