weight,alogp,tpsa,hbd
555.1197390239997,-5.476299999999989,266.65999999999997,7
