weight,alogp,tpsa,hbd
166.12264055209,1.9789999999999999,20.23,1
