weight,alogp,tpsa,hbd
316.26135963199994,4.274100000000003,77.75999999999999,3
