weight,alogp,tpsa,hbd
462.078009676,-0.2255999999999998,150.54000000000002,3
