weight,alogp,tpsa,hbd
797.0534525560003,-7.794000000000008,416.53,11
