weight,alogp,tpsa,hbd
833.2748497359999,-0.42709999999999576,332.15999999999997,9
