weight,alogp,tpsa,hbd
109.052763844,0.9743999999999997,46.25,2
