weight,alogp,tpsa,hbd
89.047678464,-0.7096000000000002,49.33,2
