weight,alogp,tpsa,hbd
893.146903014,-0.9142999999999946,400.92999999999995,10
