weight,alogp,tpsa,hbd
359.08524574399996,-2.303919999999999,197.76999999999998,6
