weight,alogp,tpsa,hbd
166.05646932,1.2782000000000002,38.91,1
