weight,alogp,tpsa,hbd
162.05282342,-0.3132,94.83000000000001,3
