weight,alogp,tpsa,hbd
1322.6672601919997,-0.7870300000000052,446.8599999999999,16
