weight,alogp,tpsa,hbd
579.13767524,1.8547200000000001,220.14999999999995,7
