weight,alogp,tpsa,hbd
328.178692628,3.940120000000003,56.85,0
