weight,alogp,tpsa,hbd
547.3268556100901,6.237400000000007,108.36000000000001,1
