weight,alogp,tpsa,hbd
738.1108211920001,-4.340499999999987,304.62999999999994,8
