weight,alogp,tpsa,hbd
199.059305768,-2.051499999999999,118.18,3
