weight,alogp,tpsa,hbd
57.990521004,-0.7343999999999999,60.0,0
