weight,alogp,tpsa,hbd
1199.4391688499995,3.068600000000006,424.32000000000005,12
