weight,alogp,tpsa,hbd
376.29774513999996,5.507100000000006,57.53,2
