weight,alogp,tpsa,hbd
516.2723182399999,2.1629999999999994,141.35999999999999,4
