weight,alogp,tpsa,hbd
522.35541608609,5.7678000000000065,102.28999999999999,2
