weight,alogp,tpsa,hbd
185.11642672,-0.41590000000000016,70.22999999999999,3
