weight,alogp,tpsa,hbd
174.040247356,-0.4366999999999999,103.70000000000002,3
