weight,alogp,tpsa,hbd
371.2249145480001,5.996100000000007,12.47,0
