weight,alogp,tpsa,hbd
366.20423867999995,3.2230000000000016,115.06,4
