weight,alogp,tpsa,hbd
682.3465458000001,2.035100000000003,144.3,2
