weight,alogp,tpsa,hbd
400.1158175999999,0.6386999999999989,129.59,4
