weight,alogp,tpsa,hbd
541.0611089919998,-2.2370999999999976,260.28999999999996,6
