weight,alogp,tpsa,hbd
599.123792446,-5.149399999999993,322.90999999999997,10
