weight,alogp,tpsa,hbd
584.3097663679999,2.2216000000000014,126.79000000000002,3
