weight,alogp,tpsa,hbd
351.17031901609,3.4295000000000018,65.33,2
