weight,alogp,tpsa,hbd
610.253982808,6.319100000000007,143.33999999999997,1
