weight,alogp,tpsa,hbd
566.2727121639999,-0.27919999999999834,183.20999999999998,6
