weight,alogp,tpsa,hbd
169.014008986,-1.4240000000000002,120.85,4
