weight,alogp,tpsa,hbd
155.02185764,1.006,83.60000000000001,2
