weight,alogp,tpsa,hbd
176.047344116,1.9566000000000003,60.69,3
