weight,alogp,tpsa,hbd
283.001074952,-0.37440000000000073,148.18,5
