weight,alogp,tpsa,hbd
159.076967212,-0.5626,92.41999999999999,3
