weight,alogp,tpsa,hbd
334.05660206999994,-2.8304999999999993,166.25000000000003,4
