weight,alogp,tpsa,hbd
534.422551728,12.547899999999979,0.0,0
