weight,alogp,tpsa,hbd
274.22966558,4.700200000000004,20.23,1
