weight,alogp,tpsa,hbd
246.161979944,4.333000000000004,40.46,2
