weight,alogp,tpsa,hbd
563.2586593999998,4.253600000000002,147.07,3
