weight,alogp,tpsa,hbd
1042.4917660080002,-8.94110000000003,481.1599999999999,17
