weight,alogp,tpsa,hbd
1220.3887102399995,-7.170300000000024,570.0799999999999,17
