weight,alogp,tpsa,hbd
180.089877624,0.5058999999999996,89.33999999999999,3
