weight,alogp,tpsa,hbd
384.339216028,7.596900000000009,17.07,0
