weight,alogp,tpsa,hbd
1424.5561317079998,-8.708310000000017,688.9700000000001,23
