weight,alogp,tpsa,hbd
145.052763844,1.9404,33.120000000000005,1
