weight,alogp,tpsa,hbd
372.06926133199994,-1.725300000000001,202.04999999999998,7
