weight,alogp,tpsa,hbd
286.084123548,3.528200000000002,72.06,2
