weight,alogp,tpsa,hbd
369.157622836,1.9886000000000001,65.07,0
