weight,alogp,tpsa,hbd
293.10519333999997,4.025800000000002,63.330000000000005,1
