weight,alogp,tpsa,hbd
622.480854452,7.85790000000001,105.45000000000002,3
