weight,alogp,tpsa,hbd
361.05012318799993,-1.6915999999999987,166.10999999999999,5
