weight,alogp,tpsa,hbd
904.1628874259999,-1.3694999999999937,406.7199999999999,10
