weight,alogp,tpsa,hbd
242.26096570800001,5.460000000000006,20.23,1
