weight,alogp,tpsa,hbd
172.14364451199998,-1.2672599999999985,123.79999999999998,6
