weight,alogp,tpsa,hbd
290.079038168,1.3313999999999993,110.38000000000001,5
