weight,alogp,tpsa,hbd
411.19804816800007,3.4919000000000024,47.02000000000001,1
