weight,alogp,tpsa,hbd
284.96447541599997,-0.7829999999999999,146.34,3
