weight,alogp,tpsa,hbd
430.0610408079999,2.8795800000000016,107.26,2
