weight,alogp,tpsa,hbd
480.1631617159998,-0.42929999999999763,165.89,3
