weight,alogp,tpsa,hbd
312.10564683999996,-4.758099999999994,169.29999999999998,7
