weight,alogp,tpsa,hbd
270.011878228,-1.258899999999999,126.64000000000001,4
