weight,alogp,tpsa,hbd
286.15420919599995,1.0922999999999998,101.88000000000001,3
