weight,alogp,tpsa,hbd
1715.9710570959996,13.839999999999977,473.7299999999999,14
