weight,alogp,tpsa,hbd
110.036779432,1.0977999999999997,40.46,2
