weight,alogp,tpsa,hbd
308.15247788,3.7878000000000025,40.620000000000005,0
