weight,alogp,tpsa,hbd
274.156894564,4.325600000000003,57.53,2
