weight,alogp,tpsa,hbd
381.07588234799994,3.5139200000000024,77.98,1
