weight,alogp,tpsa,hbd
206.094294308,1.9549,43.370000000000005,0
