weight,alogp,tpsa,hbd
137.058911844,-0.3149000000000001,68.01,2
