weight,alogp,tpsa,hbd
263.167399672,4.3019000000000025,12.03,1
