weight,alogp,tpsa,hbd
286.084123548,2.465300000000001,75.99000000000001,2
