weight,alogp,tpsa,hbd
178.04121318,-1.5556999999999999,92.41999999999999,4
