weight,alogp,tpsa,hbd
353.126322708,2.5573000000000006,57.230000000000004,0
