weight,alogp,tpsa,hbd
262.08010078800004,-3.3499999999999974,137.35000000000002,5
