weight,alogp,tpsa,hbd
315.147058152,2.544500000000001,70.95,3
