weight,alogp,tpsa,hbd
270.089208928,3.7535000000000025,63.580000000000005,1
