weight,alogp,tpsa,hbd
87.055837844,-1.0859000000000003,55.12,2
