weight,alogp,tpsa,hbd
127.11094741599999,0.43567,61.9,3
