weight,alogp,tpsa,hbd
445.037821512,-3.855299999999997,128.73000000000002,1
