weight,alogp,tpsa,hbd
450.19362675199983,5.738000000000008,113.28999999999999,3
