weight,alogp,tpsa,hbd
199.106924656,-1.5423299999999989,120.1,5
