weight,alogp,tpsa,hbd
192.063388104,-2.972299999999999,107.22000000000001,4
