weight,alogp,tpsa,hbd
156.053492116,-0.6221000000000001,78.75999999999999,2
