weight,alogp,tpsa,hbd
478.0715869039998,-0.6150000000000004,191.12999999999997,6
