weight,alogp,tpsa,hbd
619.0928030439999,-4.560899999999994,331.97999999999996,10
