weight,alogp,tpsa,hbd
319.896540088,6.198200000000001,18.46,0
