weight,alogp,tpsa,hbd
152.068473484,-2.9462999999999995,101.15,5
