weight,alogp,tpsa,hbd
446.05082872,-4.866699999999998,176.59,2
