weight,alogp,tpsa,hbd
2179.8890278039976,-15.63979999999994,977.2300000000006,35
