weight,alogp,tpsa,hbd
574.277797544,2.5715000000000003,137.82000000000002,2
