weight,alogp,tpsa,hbd
491.0008308419998,-0.5998000000000006,258.9,6
