weight,alogp,tpsa,hbd
770.1925170799997,-2.7810999999999897,342.0699999999999,8
