weight,alogp,tpsa,hbd
415.272258664,4.107400000000004,81.95,4
