weight,alogp,tpsa,hbd
592.3611332439999,2.6529999999999996,138.07,5
