weight,alogp,tpsa,hbd
594.1584702599998,-2.4351999999999987,260.19999999999993,10
