weight,alogp,tpsa,hbd
133.052763844,1.45828,44.019999999999996,1
