weight,alogp,tpsa,hbd
271.19361442,3.3834000000000026,12.47,0
