weight,alogp,tpsa,hbd
307.19361442,4.417800000000004,12.47,0
