weight,alogp,tpsa,hbd
318.15551257199996,3.201500000000002,56.84,1
