weight,alogp,tpsa,hbd
316.240230264,4.515300000000003,37.3,1
