weight,alogp,tpsa,hbd
880.4106026000001,6.071900000000006,310.53999999999996,7
