weight,alogp,tpsa,hbd
536.386560144,8.989700000000003,71.44,1
