weight,alogp,tpsa,hbd
236.003782116,-1.4237999999999995,107.41,1
