weight,alogp,tpsa,hbd
152.120115132,2.520100000000001,12.53,0
