weight,alogp,tpsa,hbd
300.26644501199996,5.303300000000005,57.53,2
