weight,alogp,tpsa,hbd
469.07063437608986,0.8950399999999998,189.2,5
