weight,alogp,tpsa,hbd
350.093642676,0.6970999999999998,95.94000000000001,2
