weight,alogp,tpsa,hbd
132.042258736,-1.5367000000000002,58.92,2
