weight,alogp,tpsa,hbd
687.4193763919999,1.9085000000000052,165.98000000000002,3
