weight,alogp,tpsa,hbd
602.20848916,-1.381499999999994,286.23999999999995,9
