weight,alogp,tpsa,hbd
228.03988938600003,-0.28850000000000003,124.29000000000002,4
