weight,alogp,tpsa,hbd
1467.635200615999,-9.866800000000055,647.4400000000002,24
