weight,alogp,tpsa,hbd
339.231062548,3.361900000000002,59.22,1
