weight,alogp,tpsa,hbd
481.9892631139998,-1.1632800000000003,244.13999999999996,6
