weight,alogp,tpsa,hbd
726.1755768680001,-5.78179999999999,345.6,11
