weight,alogp,tpsa,hbd
220.109944372,2.888000000000001,27.69,0
