weight,alogp,tpsa,hbd
172.048406736,-0.9408000000000005,95.5,3
