weight,alogp,tpsa,hbd
1524.6598031700896,3.081439999999999,538.11,13
