weight,alogp,tpsa,hbd
272.06847348400004,2.6744200000000005,79.9,2
