weight,alogp,tpsa,hbd
276.245315644,4.7801000000000045,20.23,1
