weight,alogp,tpsa,hbd
582.272986936,5.814100000000007,103.65000000000002,4
