weight,alogp,tpsa,hbd
585.9987130320002,-8.58660000000001,210.57,2
