weight,alogp,tpsa,hbd
136.052429496,1.3596000000000001,26.3,0
