weight,alogp,tpsa,hbd
650.3751658519999,-0.12719999999999648,227.85999999999993,9
