weight,alogp,tpsa,hbd
306.14403843599996,-0.41129999999999983,139.18,4
