weight,alogp,tpsa,hbd
259.105587264,-1.7288199999999996,123.17000000000002,4
