weight,alogp,tpsa,hbd
118.02660867200001,-0.20829999999999993,74.6,2
