weight,alogp,tpsa,hbd
902.2229209840002,-3.803299999999984,381.13000000000005,11
