weight,alogp,tpsa,hbd
239.898991566,0.35099999999999937,139.59,3
