weight,alogp,tpsa,hbd
208.059171752,2.2496999999999994,37.3,3
