weight,alogp,tpsa,hbd
136.125200512,3.453000000000002,0.0,0
