weight,alogp,tpsa,hbd
478.20029617199987,1.7621,127.20000000000002,2
