weight,alogp,tpsa,hbd
257.144949976,2.824200000000001,63.32,2
