weight,alogp,tpsa,hbd
105.042593084,-1.6093999999999995,83.55,3
