weight,alogp,tpsa,hbd
285.061353102,-1.4672999999999992,148.54000000000002,4
