weight,alogp,tpsa,hbd
211.03580705,-1.3801300000000005,133.95000000000002,5
