weight,alogp,tpsa,hbd
71.03711378,-0.34230000000000005,43.09,1
