weight,alogp,tpsa,hbd
381.02259824399994,-2.8435999999999995,212.30999999999995,7
