weight,alogp,tpsa,hbd
391.0606878719999,-2.186599999999997,186.33999999999997,6
