weight,alogp,tpsa,hbd
288.281701152,6.445400000000007,0.0,0
