weight,alogp,tpsa,hbd
473.01344547599996,6.289300000000004,81.19,1
