weight,alogp,tpsa,hbd
385.920167992,4.578300000000002,40.46,2
