weight,alogp,tpsa,hbd
254.141913196,2.0403,39.260000000000005,2
