weight,alogp,tpsa,hbd
407.163376912,4.552600000000003,70.91,2
