weight,alogp,tpsa,hbd
300.06338810399996,2.585400000000001,100.13000000000001,3
