weight,alogp,tpsa,hbd
474.268964176,-0.9535999999999956,208.14999999999998,7
