weight,alogp,tpsa,hbd
650.790051864,3.9527000000000023,92.78,3
