weight,alogp,tpsa,hbd
301.067501102,-4.226829999999997,209.58,9
