weight,alogp,tpsa,hbd
174.111675688,-1.338429999999999,125.22,5
