weight,alogp,tpsa,hbd
314.18166983199995,4.271100000000003,19.03,1
