weight,alogp,tpsa,hbd
445.184162772,1.7251000000000005,20.23,1
