weight,alogp,tpsa,hbd
630.1351479719998,-3.7621999999999978,250.51999999999992,10
