weight,alogp,tpsa,hbd
358.956803192,0.5983000000000002,109.57,2
