weight,alogp,tpsa,hbd
380.1293594879999,3.3020000000000014,89.9,1
