weight,alogp,tpsa,hbd
300.06338810399996,2.428200000000002,96.22000000000001,3
