weight,alogp,tpsa,hbd
841.5061800159999,2.8137000000000096,184.38,3
