weight,alogp,tpsa,hbd
129.042593084,-0.9980000000000002,66.4,2
