weight,alogp,tpsa,hbd
269.04444980809,1.5525000000000002,92.22000000000001,4
