weight,alogp,tpsa,hbd
403.06068787199996,-2.0204999999999984,186.33999999999997,6
