weight,alogp,tpsa,hbd
276.01973433000006,1.2023999999999997,61.8,2
