weight,alogp,tpsa,hbd
200.131348512,3.1783400000000004,28.68,1
