weight,alogp,tpsa,hbd
488.35017463599985,5.032700000000007,97.99000000000001,4
