weight,alogp,tpsa,hbd
869.30123088,-11.780800000000019,435.85000000000014,17
