weight,alogp,tpsa,hbd
1055.360524606,5.034400000000006,363.62999999999994,9
