weight,alogp,tpsa,hbd
516.309572776,9.908299999999995,40.46,2
