weight,alogp,tpsa,hbd
164.047344116,1.4899999999999998,57.53,2
