weight,alogp,tpsa,hbd
186.008371764,1.8034000000000001,46.53,1
