weight,alogp,tpsa,hbd
151.099714036,1.0672000000000001,46.25,2
