weight,alogp,tpsa,hbd
710.1159065720001,-4.127799999999988,301.5499999999999,8
