weight,alogp,tpsa,hbd
168.115029752,1.3724999999999998,37.3,1
