weight,alogp,tpsa,hbd
717.466326584,2.6707000000000036,173.67999999999998,4
