weight,alogp,tpsa,hbd
451.18556889999996,1.7177999999999995,112.27000000000001,1
