weight,alogp,tpsa,hbd
244.226311516,-0.17919999999999747,79.17999999999999,4
