weight,alogp,tpsa,hbd
263.09610852009,0.8143400000000003,72.75,1
