weight,alogp,tpsa,hbd
548.0444558839998,-3.5578999999999974,273.59999999999997,7
