weight,alogp,tpsa,hbd
407.164303428,4.945600000000004,9.72,0
