weight,alogp,tpsa,hbd
403.02966251600003,2.8944,125.46000000000001,3
