weight,alogp,tpsa,hbd
349.0562677219999,-0.6473000000000004,165.77999999999997,6
