weight,alogp,tpsa,hbd
216.038235976,-1.6300999999999997,132.8,4
