weight,alogp,tpsa,hbd
423.1866315200001,-2.5076299999999963,209.62,6
