weight,alogp,tpsa,hbd
518.332907116,0.7736000000000012,168.94,7
