weight,alogp,tpsa,hbd
470.1940679199999,4.642320000000004,133.52,4
