weight,alogp,tpsa,hbd
177.958834728,2.4045999999999994,40.46,2
