weight,alogp,tpsa,hbd
368.1107322199999,-0.3429000000000002,153.75,5
