weight,alogp,tpsa,hbd
44.013638684,-0.04680000000000001,32.59,1
