weight,alogp,tpsa,hbd
271.209561612,6.191800000000006,17.07,0
