weight,alogp,tpsa,hbd
303.143035392,-1.6197999999999955,153.19,5
