weight,alogp,tpsa,hbd
486.15847025999983,-6.107499999999989,237.44999999999996,9
