weight,alogp,tpsa,hbd
171.076967212,-1.1853999999999998,78.43,3
