weight,alogp,tpsa,hbd
144.078644244,0.6220999999999999,57.53,2
