weight,alogp,tpsa,hbd
1055.6426362640002,6.473200000000011,263.5799999999999,5
