weight,alogp,tpsa,hbd
237.092041812,2.897800000000001,29.1,1
