weight,alogp,tpsa,hbd
523.0617829799999,-3.750699999999995,240.35999999999996,7
