weight,alogp,tpsa,hbd
92.050024192,0.44340000000000007,26.02,1
