weight,alogp,tpsa,hbd
202.02423932200003,-2.1901999999999995,127.45,5
