weight,alogp,tpsa,hbd
314.1127383079999,0.6603999999999994,145.48999999999998,5
