weight,alogp,tpsa,hbd
242.04296338600003,-0.8744999999999998,128.31,3
