weight,alogp,tpsa,hbd
867.13125295,-1.6145999999999934,400.92999999999995,10
