weight,alogp,tpsa,hbd
286.050905272,2.4478999999999997,61.690000000000005,2
