weight,alogp,tpsa,hbd
198.0640568,-1.1291999999999986,92.86,2
