weight,alogp,tpsa,hbd
124.063662876,0.9332999999999999,34.89,0
