weight,alogp,tpsa,hbd
154.003109954,-0.5055000000000002,75.99,2
