weight,alogp,tpsa,hbd
621.0608342200001,-4.557599999999992,322.92999999999995,9
