weight,alogp,tpsa,hbd
705.264607068,1.8431999999999988,243.06999999999996,8
