weight,alogp,tpsa,hbd
289.20417910400005,3.9242000000000035,29.54,0
