weight,alogp,tpsa,hbd
345.157622836,2.3692,57.230000000000004,0
