weight,alogp,tpsa,hbd
416.2198887439999,2.3744000000000005,100.9,2
