weight,alogp,tpsa,hbd
574.3141830519999,2.4717000000000007,158.43,4
