weight,alogp,tpsa,hbd
297.136493468,2.1215,41.93000000000001,1
