weight,alogp,tpsa,hbd
630.34510632,3.0962000000000014,161.48,5
