weight,alogp,tpsa,hbd
470.1940679199999,4.786420000000004,133.52,4
