weight,alogp,tpsa,hbd
548.2985329879999,2.4333,131.75000000000003,3
