weight,alogp,tpsa,hbd
853.115602886,-1.8605999999999931,400.92999999999995,10
