weight,alogp,tpsa,hbd
894.3170961400003,2.8184000000000036,363.59999999999997,11
