weight,alogp,tpsa,hbd
159.068413908,2.24882,33.120000000000005,1
