weight,alogp,tpsa,hbd
822.4051232959999,4.335420000000004,220.14999999999998,6
