weight,alogp,tpsa,hbd
261.04022373400005,0.11250000000000016,130.08,4
