weight,alogp,tpsa,hbd
889.1320018979999,0.1176000000000032,363.62999999999994,9
