weight,alogp,tpsa,hbd
112.987794238,-1.0306000000000002,92.77999999999999,3
