weight,alogp,tpsa,hbd
602.47600930418,3.633500000000006,59.080000000000005,0
