weight,alogp,tpsa,hbd
401.10454170800006,1.8953199999999997,112.74000000000001,2
