weight,alogp,tpsa,hbd
323.18261501609004,-1.3470999999999989,129.97,4
