weight,alogp,tpsa,hbd
262.05897142000003,0.8432999999999997,90.65,1
