weight,alogp,tpsa,hbd
221.152812228,1.0488,53.160000000000004,3
