weight,alogp,tpsa,hbd
332.23514488399996,3.4861000000000026,57.53,2
