weight,alogp,tpsa,hbd
336.04789411008994,-1.5992000000000002,157.63000000000002,5
