weight,alogp,tpsa,hbd
73.052763844,-0.4658999999999999,43.09,1
