weight,alogp,tpsa,hbd
564.1479055759999,-1.4852000000000003,228.96999999999994,8
