weight,alogp,tpsa,hbd
336.063388104,2.9014000000000006,100.88,2
