weight,alogp,tpsa,hbd
494.340947344,6.373100000000007,34.300000000000004,2
