weight,alogp,tpsa,hbd
361.0535876459999,-3.6464999999999983,203.43999999999997,7
