weight,alogp,tpsa,hbd
389.9518149859999,-2.2313000000000005,229.73999999999998,7
