weight,alogp,tpsa,hbd
101.047678464,0.42550000000000004,49.66,1
