weight,alogp,tpsa,hbd
386.35486609199995,7.38870000000001,20.23,1
