weight,alogp,tpsa,hbd
380.03692924600006,-3.5652999999999997,219.95999999999998,7
