weight,alogp,tpsa,hbd
370.0747406359999,-5.212599999999994,223.67,8
