weight,alogp,tpsa,hbd
276.987830192,-0.7621000000000001,142.75,4
