weight,alogp,tpsa,hbd
463.0740430259998,-2.1053999999999986,246.67999999999995,7
