weight,alogp,tpsa,hbd
654.5375814800001,14.691999999999963,40.46,2
