weight,alogp,tpsa,hbd
147.035399528,-0.22400000000000003,49.33,2
