weight,alogp,tpsa,hbd
124.063662876,0.16149999999999998,34.89,0
