weight,alogp,tpsa,hbd
330.007720132,1.8906999999999998,122.62999999999998,3
