weight,alogp,tpsa,hbd
673.2628928160001,-2.3283999999999905,286.94,10
