weight,alogp,tpsa,hbd
299.02120600800004,-1.1599999999999997,139.03,3
