weight,alogp,tpsa,hbd
152.047344116,1.0192999999999997,57.53,2
