weight,alogp,tpsa,hbd
402.0950821559999,-0.6537000000000006,153.75,5
