weight,alogp,tpsa,hbd
152.058577496,-0.5158000000000003,65.09,1
