weight,alogp,tpsa,hbd
440.32904526799996,6.453400000000008,57.53,2
