weight,alogp,tpsa,hbd
390.1346348959999,3.530400000000001,90.72999999999999,2
