weight,alogp,tpsa,hbd
1061.4074747979998,5.130000000000006,363.62999999999994,9
