weight,alogp,tpsa,hbd
190.01135253200002,-1.1843999999999992,128.97,3
