weight,alogp,tpsa,hbd
310.22966558,4.869700000000005,20.23,1
