weight,alogp,tpsa,hbd
226.099379688,3.243800000000001,29.46,1
