weight,alogp,tpsa,hbd
301.131408088,2.241500000000001,81.95,4
