weight,alogp,tpsa,hbd
340.0096518779999,3.0612000000000026,142.03999999999996,1
