weight,alogp,tpsa,hbd
455.056939884,-0.6224999999999992,173.51,3
