weight,alogp,tpsa,hbd
747.267131524,-8.972600000000016,354.57,13
