weight,alogp,tpsa,hbd
334.066498058,-3.7268999999999983,186.36999999999998,7
