weight,alogp,tpsa,hbd
346.22564281999996,2.3595999999999995,49.85,0
