weight,alogp,tpsa,hbd
161.068807832,-0.47619999999999996,86.63,3
