weight,alogp,tpsa,hbd
298.10422095800004,-1.3821299999999979,158.20000000000002,5
