weight,alogp,tpsa,hbd
483.08555993599987,-2.4040999999999944,245.45,8
