weight,alogp,tpsa,hbd
991.2928389699998,2.544800000000003,380.7,9
