weight,alogp,tpsa,hbd
647.2527356540002,-6.9462600000000085,360.89,15
