weight,alogp,tpsa,hbd
568.2791572919999,1.8757000000000001,192.07999999999998,6
