weight,alogp,tpsa,hbd
456.3603453959999,7.543800000000009,57.53,2
