weight,alogp,tpsa,hbd
117.078978592,0.19839999999999997,63.31999999999999,2
