weight,alogp,tpsa,hbd
182.0579088,1.0278999999999994,66.76,2
