weight,alogp,tpsa,hbd
383.035810516,-0.5557999999999998,147.21,3
