weight,alogp,tpsa,hbd
266.116761068,2.6512200000000012,58.12,1
