weight,alogp,tpsa,hbd
326.19942807199993,1.5544999999999998,46.94,2
