weight,alogp,tpsa,hbd
136.074896256,0.31399999999999967,49.84,2
