weight,alogp,tpsa,hbd
427.14784599999996,-2.468919999999998,182.09,6
