weight,alogp,tpsa,hbd
690.3298501800001,2.269300000000003,176.42,2
