weight,alogp,tpsa,hbd
230.0579088,2.8562200000000004,52.58,0
