weight,alogp,tpsa,hbd
347.0630844179999,-1.8630000000000002,186.07,5
