weight,alogp,tpsa,hbd
655.1868760800899,-1.8333000000000004,268.97999999999996,10
