weight,alogp,tpsa,hbd
372.20088461599994,-1.1084999999999952,153.69999999999996,5
