weight,alogp,tpsa,hbd
155.131014164,1.4498,20.310000000000002,0
