weight,alogp,tpsa,hbd
152.047344116,0.7609999999999999,46.53,1
