weight,alogp,tpsa,hbd
293.10117058000003,-1.6701999999999984,141.75,5
