weight,alogp,tpsa,hbd
745.09110239,-2.5693999999999972,364.15000000000003,9
