weight,alogp,tpsa,hbd
129.914383072,2.5017000000000005,0.0,0
