weight,alogp,tpsa,hbd
236.023157428,-2.1182999999999987,91.33,1
