weight,alogp,tpsa,hbd
509.14239735799987,-1.4634999999999982,241.18999999999997,7
