weight,alogp,tpsa,hbd
297.26677936000004,4.132400000000003,63.32000000000001,2
