weight,alogp,tpsa,hbd
215.14407738399998,2.971800000000002,26.02,1
