weight,alogp,tpsa,hbd
60.057514876,0.38710000000000006,20.23,1
