weight,alogp,tpsa,hbd
381.16483345600017,-1.4723999999999975,165.86999999999998,6
