weight,alogp,tpsa,hbd
730.331980712,-0.3000999999999899,271.22999999999996,9
