weight,alogp,tpsa,hbd
216.02700259600002,-0.0013999999999999568,132.13,4
