weight,alogp,tpsa,hbd
181.970750672,-0.2476000000000001,74.6,4
