weight,alogp,tpsa,hbd
281.08341234,2.2588,84.08000000000001,2
