weight,alogp,tpsa,hbd
314.11005823200003,-4.361399999999996,193.70999999999998,6
