weight,alogp,tpsa,hbd
76.016043988,-0.9367000000000001,57.53,2
