weight,alogp,tpsa,hbd
886.1523227419999,-0.4392999999999955,389.6499999999999,10
