weight,alogp,tpsa,hbd
96.96907017400001,-0.44000000000000006,66.75999999999999,2
