weight,alogp,tpsa,hbd
299.007222952,0.09351999999999994,165.09,4
