weight,alogp,tpsa,hbd
374.0488366139999,-3.6319999999999983,223.30999999999995,8
