weight,alogp,tpsa,hbd
316.20384475599997,3.639300000000003,53.60000000000001,2
