weight,alogp,tpsa,hbd
155.094628656,-0.6461000000000002,43.7,2
