weight,alogp,tpsa,hbd
362.2093240599999,1.7800000000000002,94.83,3
