weight,alogp,tpsa,hbd
403.14851113199995,3.9427000000000043,29.950000000000003,1
