weight,alogp,tpsa,hbd
447.08896555609,-1.0456999999999987,182.63,5
