weight,alogp,tpsa,hbd
156.053492116,-1.3286000000000002,69.64,2
