weight,alogp,tpsa,hbd
221.068807832,0.8614999999999995,93.55,4
