weight,alogp,tpsa,hbd
602.3583699699999,5.8720000000000105,145.91,5
