weight,alogp,tpsa,hbd
227.01948829000003,-1.1855999999999993,147.15,4
