weight,alogp,tpsa,hbd
145.999538396,-0.18719999999999987,84.92,2
