weight,alogp,tpsa,hbd
587.9460915719999,-1.8009000000000002,319.60999999999996,8
