weight,alogp,tpsa,hbd
418.3446953319999,5.618500000000009,60.69,3
