weight,alogp,tpsa,hbd
238.0702048,-1.4889,127.40999999999998,4
