weight,alogp,tpsa,hbd
505.0107501500898,0.9587399999999997,215.49999999999997,5
