weight,alogp,tpsa,hbd
682.5324961000001,14.036699999999971,43.370000000000005,0
