weight,alogp,tpsa,hbd
281.976983328,5.621400000000002,0.0,0
