weight,alogp,tpsa,hbd
108.06874825599999,0.8510000000000002,52.04,2
