weight,alogp,tpsa,hbd
527.0761136800897,0.73994,226.49999999999997,6
