weight,alogp,tpsa,hbd
328.20384475599997,4.558200000000004,43.370000000000005,0
