weight,alogp,tpsa,hbd
126.031694052,0.8033999999999997,60.69,3
