weight,alogp,tpsa,hbd
261.074955832,0.035699999999999676,104.37,3
