weight,alogp,tpsa,hbd
248.21401551600002,3.999900000000004,20.23,1
