weight,alogp,tpsa,hbd
1692.5272022419983,-22.14579999999999,848.8900000000004,31
