weight,alogp,tpsa,hbd
1875.0606003719993,12.35479999999998,524.4499999999999,16
