weight,alogp,tpsa,hbd
255.09754800009,-2.3154999999999997,116.89000000000001,4
