weight,alogp,tpsa,hbd
1030.5348596439999,-0.5814999999999806,333.67,12
