weight,alogp,tpsa,hbd
330.03653532199996,-1.1063000000000007,148.79,3
