weight,alogp,tpsa,hbd
928.5074285841799,8.06550000000001,126.44000000000003,0
