weight,alogp,tpsa,hbd
175.048072388,-1.1677999999999997,117.69,3
