weight,alogp,tpsa,hbd
668.330895736,1.789100000000003,144.3,2
