weight,alogp,tpsa,hbd
113.99530854400001,-0.9461999999999999,71.44,1
