weight,alogp,tpsa,hbd
238.146998576,3.0679000000000007,19.03,1
