weight,alogp,tpsa,hbd
464.09547607999986,-0.5388999999999988,210.50999999999996,8
