weight,alogp,tpsa,hbd
313.131408088,2.3486000000000002,48.0,0
