weight,alogp,tpsa,hbd
167.058243148,0.40042,70.42,2
