weight,alogp,tpsa,hbd
879.1377778099999,-4.940299999999989,416.08,13
