weight,alogp,tpsa,hbd
1199.4391688500004,3.0686000000000053,424.31999999999994,12
