weight,alogp,tpsa,hbd
352.05593337400006,-1.3121000000000007,166.14,6
