weight,alogp,tpsa,hbd
417.1536000759999,0.6929999999999996,182.20999999999998,7
