weight,alogp,tpsa,hbd
431.8355546719999,1.7976000000000005,74.6,2
