weight,alogp,tpsa,hbd
580.31216638,1.390240000000003,220.69,9
