weight,alogp,tpsa,hbd
308.177630008,5.4649000000000045,34.14,0
