weight,alogp,tpsa,hbd
88.039853432,-0.6340999999999999,63.32,2
