weight,alogp,tpsa,hbd
178.026608672,1.2042,70.67000000000002,2
