weight,alogp,tpsa,hbd
190.04121318,-1.0369999999999993,75.27,2
