weight,alogp,tpsa,hbd
131.09408007609,0.37850000000000006,26.3,0
