weight,alogp,tpsa,hbd
184.066459158,2.9140000000000015,35.53,0
