weight,alogp,tpsa,hbd
506.9862297999998,-1.918899999999999,275.96999999999997,6
