weight,alogp,tpsa,hbd
160.13320523609,0.6442000000000001,26.3,0
