weight,alogp,tpsa,hbd
292.982744812,-1.7913000000000006,162.98000000000002,5
