weight,alogp,tpsa,hbd
226.04773804,-0.08840000000000037,104.05999999999999,3
