weight,alogp,tpsa,hbd
813.2095641119996,-4.56392999999999,403.96999999999986,11
