weight,alogp,tpsa,hbd
343.251129296,3.866400000000003,29.54,0
