weight,alogp,tpsa,hbd
178.04773804,-3.013199999999999,107.22,4
