weight,alogp,tpsa,hbd
124.016043988,0.13630000000000003,54.37,1
