weight,alogp,tpsa,hbd
546.0651913279997,-2.220279999999998,253.36999999999995,6
