weight,alogp,tpsa,hbd
338.19942807199993,3.0558000000000014,32.78,0
