weight,alogp,tpsa,hbd
678.132683998,2.7925000000000004,114.43,0
