weight,alogp,tpsa,hbd
1306.6027782919998,-7.161200000000017,540.5800000000003,20
