weight,alogp,tpsa,hbd
432.1056468399999,0.049900000000000555,170.04999999999998,6
