weight,alogp,tpsa,hbd
339.99604914799994,-2.9858000000000002,203.43999999999997,7
