weight,alogp,tpsa,hbd
790.278616054,-1.9883999999999915,349.03999999999996,12
