weight,alogp,tpsa,hbd
423.07026437599995,1.2294999999999994,193.91,4
