weight,alogp,tpsa,hbd
603.028113502,-3.633699999999996,286.89,8
