weight,alogp,tpsa,hbd
193.073893212,0.42989999999999995,66.4,2
