weight,alogp,tpsa,hbd
412.37051615599995,7.8008000000000095,20.23,1
