weight,alogp,tpsa,hbd
1222.5982477479997,-4.069300000000015,422.05000000000007,15
