weight,alogp,tpsa,hbd
173.060254528,1.7340199999999997,40.46,2
