weight,alogp,tpsa,hbd
194.04265266000002,-3.1290999999999998,127.45,5
