weight,alogp,tpsa,hbd
84.08077574008999,0.49329999999999996,3.01,0
