weight,alogp,tpsa,hbd
888.5764861520001,13.48053999999998,144.10000000000002,2
