weight,alogp,tpsa,hbd
579.895040714,-3.2496000000000014,354.03000000000003,11
