weight,alogp,tpsa,hbd
603.0281135019999,-3.6336999999999957,286.88999999999993,8
