weight,alogp,tpsa,hbd
504.20319632000013,4.175280000000001,167.57999999999998,10
