weight,alogp,tpsa,hbd
226.06299418,2.2329999999999997,57.53,2
