weight,alogp,tpsa,hbd
447.269298524,-4.006099999999991,199.73,8
