weight,alogp,tpsa,hbd
652.299595608,1.7840000000000016,153.42000000000002,2
