weight,alogp,tpsa,hbd
929.146903014,-0.21069999999999628,404.09,11
