weight,alogp,tpsa,hbd
318.07316070800005,3.9277000000000024,16.130000000000003,0
