weight,alogp,tpsa,hbd
459.2421014079999,4.880700000000005,99.88000000000001,3
