weight,alogp,tpsa,hbd
408.0222638959999,-2.7709999999999986,201.66999999999996,6
