weight,alogp,tpsa,hbd
499.16897536799996,-3.735499999999993,222.39,9
