weight,alogp,tpsa,hbd
310.21440944,3.602100000000002,77.75999999999999,3
