weight,alogp,tpsa,hbd
321.0725864819999,-1.1083799999999997,157.13,4
