weight,alogp,tpsa,hbd
170.0579088,0.12349999999999939,80.92,4
