weight,alogp,tpsa,hbd
286.084123548,2.8129,75.99000000000001,2
