weight,alogp,tpsa,hbd
198.136827816,0.11349999999999982,55.56,1
