weight,alogp,tpsa,hbd
403.0181815600001,-2.328999999999999,223.89000000000001,6
