weight,alogp,tpsa,hbd
647.2941758799998,-0.6270999999999916,173.68,4
