weight,alogp,tpsa,hbd
461.227868988,5.857000000000005,41.03,1
