weight,alogp,tpsa,hbd
335.13286463200006,-4.1516999999999955,191.44000000000003,7
