weight,alogp,tpsa,hbd
284.06847348400004,2.19022,83.83000000000001,2
