weight,alogp,tpsa,hbd
376.15220310799987,0.08629999999999999,113.28999999999999,3
