weight,alogp,tpsa,hbd
128.094963004,-0.38620000000000054,55.12,2
