weight,alogp,tpsa,hbd
515.3011894419999,2.6580000000000013,147.32,6
