weight,alogp,tpsa,hbd
651.146145684,5.4280400000000055,109.18,2
