weight,alogp,tpsa,hbd
406.25079494799996,5.672800000000006,43.370000000000005,0
