weight,alogp,tpsa,hbd
820.1717816359998,-2.8788999999999887,362.2999999999999,9
