weight,alogp,tpsa,hbd
756.0819346739997,-2.563399999999997,387.43999999999994,9
