weight,alogp,tpsa,hbd
581.26381922,1.9907999999999997,118.21,3
