weight,alogp,tpsa,hbd
424.21507813599993,5.004780000000004,64.33000000000001,1
