weight,alogp,tpsa,hbd
168.983363956,0.04229999999999995,57.61000000000001,1
