weight,alogp,tpsa,hbd
179.0443244,-1.4114000000000004,117.52,3
