weight,alogp,tpsa,hbd
187.095691276,-1.705799999999999,104.44999999999999,4
