weight,alogp,tpsa,hbd
166.06299418,1.5162999999999998,35.53,0
