weight,alogp,tpsa,hbd
73.016378336,-1.1720000000000002,52.32,1
