weight,alogp,tpsa,hbd
426.38616621999995,8.457000000000006,17.07,0
