weight,alogp,tpsa,hbd
130.037842052,-2.103299999999999,92.41999999999999,3
