weight,alogp,tpsa,hbd
562.2580055679999,7.504040000000007,131.96,4
