weight,alogp,tpsa,hbd
361.14378433999997,1.544,75.00999999999999,1
