weight,alogp,tpsa,hbd
291.095416504,-3.5436199999999984,155.93,5
