weight,alogp,tpsa,hbd
679.1026990319998,-4.152499999999992,332.15999999999997,9
