weight,alogp,tpsa,hbd
1422.6514650919994,-9.335800000000056,565.0500000000003,22
