weight,alogp,tpsa,hbd
164.047344116,1.4900000000000002,57.53,2
