weight,alogp,tpsa,hbd
375.0341895939999,-1.4582999999999997,186.08999999999997,4
