weight,alogp,tpsa,hbd
393.22770848400006,3.025170000000001,132.57,5
