weight,alogp,tpsa,hbd
57.03403978,0.5429999999999999,17.07,0
