weight,alogp,tpsa,hbd
747.2671315240001,-8.972600000000018,354.57,13
