weight,alogp,tpsa,hbd
192.02700259600002,-0.9845000000000006,121.13000000000002,3
