weight,alogp,tpsa,hbd
324.0957508519999,-2.7057999999999955,150.0,4
