weight,alogp,tpsa,hbd
378.1539344239999,-1.04986,161.91,7
