weight,alogp,tpsa,hbd
240.1473925,0.701,85.61000000000001,4
