weight,alogp,tpsa,hbd
238.035472702,-1.0867000000000002,135.89999999999998,5
