weight,alogp,tpsa,hbd
405.1760668360001,-1.7425999999999975,178.16,4
