weight,alogp,tpsa,hbd
204.051681068,2.2809999999999997,29.1,1
