weight,alogp,tpsa,hbd
1144.549954872,-4.985400000000011,461.43000000000006,17
