weight,alogp,tpsa,hbd
565.122025176,1.5517200000000004,231.14999999999995,8
