weight,alogp,tpsa,hbd
104.047344116,-0.15650000000000008,57.53,2
