weight,alogp,tpsa,hbd
226.095356928,0.11770000000000014,116.41000000000001,4
