weight,alogp,tpsa,hbd
894.1785374899999,-1.4189999999999932,392.7299999999999,10
