weight,alogp,tpsa,hbd
428.23112212399985,3.1687000000000003,71.47000000000001,1
