weight,alogp,tpsa,hbd
126.06539419199999,-1.3818000000000001,116.72999999999999,3
