weight,alogp,tpsa,hbd
219.110672644,-1.0432999999999995,106.86000000000001,4
