weight,alogp,tpsa,hbd
507.1448858599999,-6.638099999999997,309.97999999999996,10
