weight,alogp,tpsa,hbd
578.381868688,3.618000000000001,117.84000000000002,4
