weight,alogp,tpsa,hbd
386.14865545199996,4.901100000000005,23.55,0
