weight,alogp,tpsa,hbd
532.2836318719999,4.405900000000004,99.13,1
