weight,alogp,tpsa,hbd
236.01595568,4.584200000000002,0.0,0
