weight,alogp,tpsa,hbd
936.3679413920003,4.895000000000004,313.0,7
