weight,alogp,tpsa,hbd
203.11709541599998,1.7309999999999997,66.49,2
