weight,alogp,tpsa,hbd
290.04028331,-3.7434999999999996,177.14,7
