weight,alogp,tpsa,hbd
418.02692248,-3.738399999999997,115.84,1
