weight,alogp,tpsa,hbd
167.094628656,0.8597000000000001,52.489999999999995,3
