weight,alogp,tpsa,hbd
179.167399672,2.5500000000000007,26.02,1
