weight,alogp,tpsa,hbd
515.2916737799999,2.3681,144.15999999999997,5
