weight,alogp,tpsa,hbd
753.0696982499999,-4.2950999999999935,376.47999999999996,10
