weight,alogp,tpsa,hbd
442.1627677919999,4.0062200000000034,133.52,4
