weight,alogp,tpsa,hbd
168.115029752,2.1281999999999996,26.3,0
