weight,alogp,tpsa,hbd
179.055563072,-2.7312000000000007,99.38000000000001,4
