weight,alogp,tpsa,hbd
255.17354767199998,2.649800000000001,19.370000000000005,0
