weight,alogp,tpsa,hbd
356.12598835999995,3.376600000000001,107.22000000000001,4
