weight,alogp,tpsa,hbd
423.06577325199993,-0.7147999999999997,166.10999999999999,5
