weight,alogp,tpsa,hbd
363.110672644,3.9226000000000028,49.39,0
