weight,alogp,tpsa,hbd
1291.7640244800002,14.236099999999979,280.46,9
