weight,alogp,tpsa,hbd
395.035810516,-0.17179999999999962,158.20999999999998,4
