weight,alogp,tpsa,hbd
285.136493468,1.1981,52.93000000000001,2
