weight,alogp,tpsa,hbd
326.0750154079999,-0.6734999999999987,173.59,5
