weight,alogp,tpsa,hbd
592.324747736,4.386700000000005,140.98,3
