weight,alogp,tpsa,hbd
244.182715388,3.8469000000000033,20.23,1
