weight,alogp,tpsa,hbd
136.052429496,1.1336000000000002,37.3,1
