weight,alogp,tpsa,hbd
906.51457766,9.881540000000001,121.32,0
