weight,alogp,tpsa,hbd
448.20971798399984,1.1745999999999996,136.68,5
