weight,alogp,tpsa,hbd
170.014998432,1.1700899999999999,68.88,3
