weight,alogp,tpsa,hbd
45.057849223999995,-0.1644000000000001,12.03,1
