weight,alogp,tpsa,hbd
331.13321965599994,1.5833000000000002,74.57,2
