weight,alogp,tpsa,hbd
120.011924432,-0.4042000000000001,63.32,2
