weight,alogp,tpsa,hbd
322.1198574239999,-1.6286999999999978,135.95999999999998,6
