weight,alogp,tpsa,hbd
302.2245802,5.206200000000004,37.3,1
