weight,alogp,tpsa,hbd
292.20384475599997,4.839500000000005,54.37,1
