weight,alogp,tpsa,hbd
240.24531564400002,5.666600000000006,17.07,0
