weight,alogp,tpsa,hbd
301.131408088,1.1866999999999999,51.16000000000001,1
