weight,alogp,tpsa,hbd
634.132255512,2.8314000000000004,242.25999999999996,6
