weight,alogp,tpsa,hbd
494.0849113959998,2.04702,202.04999999999995,7
