weight,alogp,tpsa,hbd
1088.483445524,1.925000000000006,368.4800000000001,12
