weight,alogp,tpsa,hbd
687.0383845239999,-4.822799999999993,349.22999999999996,9
