weight,alogp,tpsa,hbd
450.21461653200004,0.10337000000000257,154.4,5
