weight,alogp,tpsa,hbd
259.11682064400003,-1.2412999999999983,132.96,4
