weight,alogp,tpsa,hbd
780.60566104,16.03899999999996,63.60000000000001,1
