weight,alogp,tpsa,hbd
151.996571496,0.10319999999999985,40.46,2
