weight,alogp,tpsa,hbd
451.250477664,2.6223000000000027,110.51999999999998,3
