weight,alogp,tpsa,hbd
551.106375112,1.2487200000000003,242.14999999999995,9
