weight,alogp,tpsa,hbd
612.151962464,-3.8767999999999967,317.64,10
