weight,alogp,tpsa,hbd
379.11146049199994,-3.695599999999995,184.23999999999998,6
