weight,alogp,tpsa,hbd
363.12087935799997,3.365800000000002,108.36000000000001,1
