weight,alogp,tpsa,hbd
241.10625596,-1.2253799999999995,110.60000000000001,3
