weight,alogp,tpsa,hbd
264.111006992,0.9723999999999995,84.5,2
