weight,alogp,tpsa,hbd
252.074621484,-0.054800000000000404,129.72,4
