weight,alogp,tpsa,hbd
210.03756728000002,-3.4008000000000003,155.52,6
