weight,alogp,tpsa,hbd
400.370516156,7.61270000000001,20.23,1
