weight,alogp,tpsa,hbd
286.08412354800004,2.9828400000000013,79.9,2
