weight,alogp,tpsa,hbd
171.064391148,-1.540099999999999,101.28999999999999,3
