weight,alogp,tpsa,hbd
785.1670306039997,-4.561699999999991,385.15999999999985,9
