weight,alogp,tpsa,hbd
140.058577496,-0.2994000000000001,49.410000000000004,1
