weight,alogp,tpsa,hbd
210.03756728000002,-3.4007999999999994,155.52,6
