weight,alogp,tpsa,hbd
722.444027776,13.264399999999975,113.28999999999999,3
