weight,alogp,tpsa,hbd
720.2629353279999,-0.20309999999999362,215.33999999999997,3
