weight,alogp,tpsa,hbd
194.04265266000002,-3.284899999999999,135.29,5
