weight,alogp,tpsa,hbd
288.17254462799997,3.100100000000002,60.69,3
