weight,alogp,tpsa,hbd
756.1768670159997,-3.171199999999991,342.0699999999999,8
