weight,alogp,tpsa,hbd
501.1336489159999,1.7176000000000005,137.26000000000002,2
