weight,alogp,tpsa,hbd
351.2045730280001,2.8424000000000005,84.86,2
