weight,alogp,tpsa,hbd
917.21967403,1.3574000000000026,363.62999999999994,9
