weight,alogp,tpsa,hbd
112.052429496,0.6986000000000001,34.14,0
