weight,alogp,tpsa,hbd
513.0063101459998,-2.863799999999999,319.33,10
