weight,alogp,tpsa,hbd
607.081569664,-4.649899999999992,305.85999999999996,9
