weight,alogp,tpsa,hbd
340.19072011209,2.704500000000001,46.53,1
