weight,alogp,tpsa,hbd
325.07820331600004,4.324220000000003,30.18,0
