weight,alogp,tpsa,hbd
789.2083993720901,-4.9661999999999935,370.13000000000005,15
