weight,alogp,tpsa,hbd
372.94907533399993,-1.6743000000000006,209.51,6
