weight,alogp,tpsa,hbd
1671.9812278559998,14.386799999999972,436.4299999999999,13
