weight,alogp,tpsa,hbd
280.240230264,5.862500000000005,37.3,1
