weight,alogp,tpsa,hbd
287.10050188400004,-2.6139199999999994,143.4,5
