weight,alogp,tpsa,hbd
478.11429337599986,0.43899999999999983,181.61999999999998,6
