weight,alogp,tpsa,hbd
200.954029004,-1.6906999999999992,100.62,3
