weight,alogp,tpsa,hbd
299.28242942400004,4.356400000000004,63.32000000000001,2
