weight,alogp,tpsa,hbd
125.014664084,-1.167099999999999,80.39,2
