weight,alogp,tpsa,hbd
356.03827192999995,-1.4014,180.90999999999997,3
