weight,alogp,tpsa,hbd
109.019749464,-0.8331999999999997,63.31999999999999,2
