weight,alogp,tpsa,hbd
402.349780712,6.359500000000008,40.46,2
