weight,alogp,tpsa,hbd
814.1440019680002,-4.6702999999999895,399.7900000000001,13
