weight,alogp,tpsa,hbd
147.053157768,-1.0385999999999995,89.62,2
