weight,alogp,tpsa,hbd
262.04536869000003,-3.4683999999999986,167.91,7
