weight,alogp,tpsa,hbd
306.07598123199995,-1.9383999999999963,158.82,5
