weight,alogp,tpsa,hbd
84.021129368,-0.8190000000000002,37.3,1
