weight,alogp,tpsa,hbd
430.30830982399993,4.8288000000000055,58.92,2
