weight,alogp,tpsa,hbd
537.0760903599997,-4.229699999999996,293.80999999999995,9
