weight,alogp,tpsa,hbd
384.33921602799995,7.4529000000000085,20.23,1
