weight,alogp,tpsa,hbd
222.103813436,0.6352699999999998,104.24000000000001,3
