weight,alogp,tpsa,hbd
1197.4235187859995,2.988700000000005,424.32000000000005,12
