weight,alogp,tpsa,hbd
210.07931294,1.2860999999999998,39.83,0
