weight,alogp,tpsa,hbd
379.24875994599995,4.041200000000005,113.01000000000002,4
