weight,alogp,tpsa,hbd
85.052763844,0.2808800000000001,44.019999999999996,1
