weight,alogp,tpsa,hbd
1664.5969588040887,-0.5016000000000143,688.8399999999999,16
