weight,alogp,tpsa,hbd
261.151749608,3.9212000000000025,3.24,0
