weight,alogp,tpsa,hbd
276.027871624,3.7813000000000025,26.3,0
