weight,alogp,tpsa,hbd
1874.0765847839996,11.755499999999982,530.2399999999999,16
