weight,alogp,tpsa,hbd
145.073893212,-0.012699999999999878,66.4,2
