weight,alogp,tpsa,hbd
341.10838649199997,-4.908599999999994,178.53,7
