weight,alogp,tpsa,hbd
260.020202964,-3.394299999999999,153.75,5
