weight,alogp,tpsa,hbd
414.21547205999985,1.0704999999999998,82.47000000000001,2
