weight,alogp,tpsa,hbd
324.13615912,4.469820000000004,48.67,0
