weight,alogp,tpsa,hbd
822.1335986779999,-0.9775999999999967,363.62999999999994,9
