weight,alogp,tpsa,hbd
727.0792003139999,-3.862979999999994,347.79999999999995,9
