weight,alogp,tpsa,hbd
230.019153942,-2.465299999999999,136.68,5
