weight,alogp,tpsa,hbd
341.162708216,3.073500000000001,51.16000000000001,1
