weight,alogp,tpsa,hbd
412.3341306479999,6.6118000000000094,40.46,2
