weight,alogp,tpsa,hbd
993.308489034,2.336600000000003,383.85999999999996,10
