weight,alogp,tpsa,hbd
214.04804876600002,-1.0794999999999997,111.24000000000001,3
