weight,alogp,tpsa,hbd
188.032087976,-0.05320000000000025,111.9,3
