weight,alogp,tpsa,hbd
181.073893212,0.34659999999999985,83.55,3
