weight,alogp,tpsa,hbd
294.10631553599995,-4.295499999999996,182.57,7
