weight,alogp,tpsa,hbd
176.068473484,0.07689999999999991,94.83000000000001,3
