weight,alogp,tpsa,hbd
142.026608672,-0.05729999999999996,63.6,1
