weight,alogp,tpsa,hbd
174.14885530009,0.23089999999999994,29.46,1
