weight,alogp,tpsa,hbd
274.127719676,-1.3161299999999985,165.59999999999997,6
