weight,alogp,tpsa,hbd
296.23514488399996,4.855300000000004,57.53,2
