weight,alogp,tpsa,hbd
273.136493468,1.4451999999999998,38.77,0
