weight,alogp,tpsa,hbd
532.1580763359998,-0.8980000000000015,188.51,6
