weight,alogp,tpsa,hbd
1254.6284746719996,0.7256400000000085,359.97999999999996,5
