weight,alogp,tpsa,hbd
379.9909637679999,-0.6694000000000002,195.34999999999997,4
