weight,alogp,tpsa,hbd
111.98302960800001,-0.5643999999999998,63.6,1
