weight,alogp,tpsa,hbd
123.04326178,-0.4245000000000001,68.87,1
