weight,alogp,tpsa,hbd
694.3465458,3.0548000000000037,122.30000000000001,0
