weight,alogp,tpsa,hbd
134.032756672,-1.9422999999999995,112.65,4
