weight,alogp,tpsa,hbd
296.18886338799996,3.271600000000001,39.260000000000005,2
