weight,alogp,tpsa,hbd
277.204179104,3.0356000000000014,32.7,1
