weight,alogp,tpsa,hbd
568.428031032,10.259199999999995,40.46,2
