weight,alogp,tpsa,hbd
219.085520516,-4.135629999999997,159.89000000000001,7
