weight,alogp,tpsa,hbd
1239.58319392809,0.9055000000000011,467.4999999999999,11
