weight,alogp,tpsa,hbd
164.068473484,-2.5397999999999996,90.15,4
