weight,alogp,tpsa,hbd
391.14784599999996,-3.265519999999996,182.09,6
