weight,alogp,tpsa,hbd
925.1731177620001,-1.3293999999999935,421.16,11
