weight,alogp,tpsa,hbd
283.080435136,-0.8466999999999991,152.60999999999999,5
