weight,alogp,tpsa,hbd
408.46950191999997,11.558899999999985,0.0,0
