weight,alogp,tpsa,hbd
854.3392881280001,-6.733400000000012,421.48999999999995,14
