weight,alogp,tpsa,hbd
940.6557211859998,14.42459999999997,145.91,5
