weight,alogp,tpsa,hbd
314.0684262399999,2.9038000000000026,113.28999999999999,3
