weight,alogp,tpsa,hbd
360.11283683199997,4.680000000000003,52.6,0
