weight,alogp,tpsa,hbd
472.12215206400003,7.489800000000004,42.21,1
