weight,alogp,tpsa,hbd
150.053692448,3.187800000000002,0.0,0
