weight,alogp,tpsa,hbd
494.21160980399986,2.9376000000000015,99.13000000000002,1
