weight,alogp,tpsa,hbd
589.1073904879999,-2.2846799999999963,265.4,7
