weight,alogp,tpsa,hbd
835.1414237099999,-0.7591999999999963,363.62999999999994,9
