weight,alogp,tpsa,hbd
196.023254608,-0.7578000000000001,132.48000000000002,4
