weight,alogp,tpsa,hbd
534.2828829239999,1.7791999999999992,142.75000000000003,4
