weight,alogp,tpsa,hbd
142.018542524,2.3540200000000002,20.23,1
