weight,alogp,tpsa,hbd
248.05620814600002,0.16362,125.9,4
