weight,alogp,tpsa,hbd
190.099379688,2.8794000000000013,18.46,0
