weight,alogp,tpsa,hbd
90.042927432,-0.4715000000000001,58.66,1
