weight,alogp,tpsa,hbd
177.94322572800002,-0.8116000000000001,124.28999999999999,4
