weight,alogp,tpsa,hbd
654.3814275199999,11.537899999999983,113.28999999999999,3
