weight,alogp,tpsa,hbd
132.043596128,0.4197999999999999,51.56,0
