weight,alogp,tpsa,hbd
308.12598836,0.8137000000000001,100.90000000000002,2
