weight,alogp,tpsa,hbd
191.042987008,-1.5837999999999992,126.92000000000002,3
