weight,alogp,tpsa,hbd
158.013457144,2.0596200000000002,40.46,2
