weight,alogp,tpsa,hbd
286.09212827209,-2.355299999999999,131.33,5
