weight,alogp,tpsa,hbd
217.073893212,1.9250999999999996,70.16,2
