weight,alogp,tpsa,hbd
301.04675206,-3.250499999999998,162.62,5
