weight,alogp,tpsa,hbd
356.9541607139999,-0.6451000000000002,189.27999999999997,5
