weight,alogp,tpsa,hbd
203.082052592,1.2174999999999996,65.12,3
