weight,alogp,tpsa,hbd
336.1230344760899,3.096300000000001,40.8,0
