weight,alogp,tpsa,hbd
167.058243148,0.98102,83.55,3
