weight,alogp,tpsa,hbd
126.031694052,0.8033999999999994,60.69,3
