weight,alogp,tpsa,hbd
314.05151668999997,-3.595399999999998,174.65,6
