weight,alogp,tpsa,hbd
830.2282811360003,4.104000000000001,355.76,10
