weight,alogp,tpsa,hbd
392.29265975999994,4.477900000000004,77.75999999999999,3
