weight,alogp,tpsa,hbd
31.990377819909998,-1.3078,42.959999999999994,0
