weight,alogp,tpsa,hbd
450.193626752,6.358400000000006,113.28999999999999,3
