weight,alogp,tpsa,hbd
279.997634116,1.9484999999999997,82.78,2
