weight,alogp,tpsa,hbd
234.173213324,2.5837400000000006,32.34,1
