weight,alogp,tpsa,hbd
1218.5867343040002,-6.367000000000007,483.0500000000001,18
