weight,alogp,tpsa,hbd
330.07395278799993,2.594000000000001,109.36000000000001,3
