weight,alogp,tpsa,hbd
428.23245951599995,4.7774000000000045,87.13,1
