weight,alogp,tpsa,hbd
158.0579088,0.27869999999999984,52.6,0
