weight,alogp,tpsa,hbd
288.967328072,-0.3352000000000004,52.489999999999995,0
