weight,alogp,tpsa,hbd
566.0550205679998,-4.793699999999992,296.99,9
