weight,alogp,tpsa,hbd
198.038904672,0.19000000000000022,123.75999999999999,2
