weight,alogp,tpsa,hbd
424.46441654,10.529699999999993,20.23,1
