weight,alogp,tpsa,hbd
944.5344657200003,-0.24919999999999082,298.14,12
