weight,alogp,tpsa,hbd
306.073952788,1.0369999999999997,130.61,6
