weight,alogp,tpsa,hbd
222.198365452,4.397900000000004,20.23,1
