weight,alogp,tpsa,hbd
263.053548128,3.959800000000002,3.24,0
