weight,alogp,tpsa,hbd
787.25459237809,-2.344199999999991,340.02,11
