weight,alogp,tpsa,hbd
381.11230678,-0.3774799999999989,75.41000000000001,0
