weight,alogp,tpsa,hbd
389.04503780799996,-2.4105999999999987,186.33999999999997,6
