weight,alogp,tpsa,hbd
135.05449516,-0.06490000000000001,80.48,2
