weight,alogp,tpsa,hbd
158.032756672,-1.330900000000001,95.5,3
