weight,alogp,tpsa,hbd
761.2463960800001,-8.385200000000015,390.48,14
