weight,alogp,tpsa,hbd
182.0579088,0.6330999999999996,66.76,2
