weight,alogp,tpsa,hbd
541.91309724,0.41599999999999965,261.46999999999997,5
