weight,alogp,tpsa,hbd
216.024500496,3.465700000000001,40.46,2
