weight,alogp,tpsa,hbd
538.1111261439999,2.7688000000000006,211.27999999999997,7
