weight,alogp,tpsa,hbd
137.966200964,0.11099999999999993,37.3,1
