weight,alogp,tpsa,hbd
209.992302164,-0.9162000000000001,0.0,0
