weight,alogp,tpsa,hbd
302.062989948,-1.052299999999998,29.54,0
