weight,alogp,tpsa,hbd
870.565921468,13.964339999999972,127.03,2
