weight,alogp,tpsa,hbd
453.04332355599985,-2.132699999999997,200.24999999999997,5
