weight,alogp,tpsa,hbd
202.142975816,-0.7355299999999985,102.44,4
