weight,alogp,tpsa,hbd
884.4769508439999,0.2141000000000155,255.90999999999994,9
