weight,alogp,tpsa,hbd
696.548146164,14.426799999999968,43.370000000000005,0
