weight,alogp,tpsa,hbd
838.1523227419999,-1.9864999999999942,389.6499999999999,10
