weight,alogp,tpsa,hbd
344.23514488399996,4.840100000000005,43.370000000000005,0
