weight,alogp,tpsa,hbd
434.33960995199993,5.5041000000000055,77.75999999999999,3
