weight,alogp,tpsa,hbd
532.3069894959999,3.1821000000000015,144.52,5
