weight,alogp,tpsa,hbd
501.21698817999993,-7.6738000000000035,286.05,11
