weight,alogp,tpsa,hbd
227.042987008,-0.7076,130.82999999999998,3
