weight,alogp,tpsa,hbd
382.21440943999994,6.165900000000006,70.67000000000002,2
