weight,alogp,tpsa,hbd
476.98166668000005,6.1071000000000035,90.42,1
