weight,alogp,tpsa,hbd
224.019822638,-1.307800000000001,124.96000000000001,4
