weight,alogp,tpsa,hbd
348.15728848799995,2.530500000000001,77.38000000000001,2
