weight,alogp,tpsa,hbd
127.063328528,0.6942999999999999,49.660000000000004,1
