weight,alogp,tpsa,hbd
582.2054375159998,-7.944200000000011,357.21,13
