weight,alogp,tpsa,hbd
471.04532964400016,-0.7283199999999983,163.32999999999998,2
