weight,alogp,tpsa,hbd
603.028113502,-3.633699999999997,286.88999999999993,8
