weight,alogp,tpsa,hbd
1059.561398156,-3.5690600000000234,413.77999999999986,14
