weight,alogp,tpsa,hbd
343.170292132,5.104400000000005,12.47,0
