weight,alogp,tpsa,hbd
152.120115132,2.878000000000001,17.07,0
