weight,alogp,tpsa,hbd
584.263484872,4.531240000000003,164.37999999999997,6
