weight,alogp,tpsa,hbd
26.015650064,0.24939999999999998,0.0,0
