weight,alogp,tpsa,hbd
215.146961356,4.631400000000004,17.07,0
