weight,alogp,tpsa,hbd
145.061317148,-1.2409999999999994,92.42,3
