weight,alogp,tpsa,hbd
499.92871019199976,-3.366600000000001,307.49999999999994,10
