weight,alogp,tpsa,hbd
113.94453592400001,-0.2809999999999999,54.37,2
