weight,alogp,tpsa,hbd
404.3654307759999,6.439400000000009,40.46,2
