weight,alogp,tpsa,hbd
250.15902606008999,3.4867000000000026,0.0,0
