weight,alogp,tpsa,hbd
594.2729869359999,6.556400000000008,83.86000000000001,2
