weight,alogp,tpsa,hbd
661.3098259439998,-0.23699999999999277,173.68,4
