weight,alogp,tpsa,hbd
311.22491454799996,3.9624000000000037,23.47,1
