weight,alogp,tpsa,hbd
356.088243624,4.3655000000000035,54.37,1
