weight,alogp,tpsa,hbd
266.188194692,4.091500000000003,49.83,1
