weight,alogp,tpsa,hbd
330.0124151519999,0.5503,174.71999999999997,4
