weight,alogp,tpsa,hbd
148.073558864,-0.40550000000000025,77.75999999999999,3
