weight,alogp,tpsa,hbd
306.104065444,0.7357999999999998,81.65,1
