weight,alogp,tpsa,hbd
580.4702897679999,7.850100000000012,107.22000000000001,4
