weight,alogp,tpsa,hbd
296.05093264,3.6212000000000026,6.48,0
