weight,alogp,tpsa,hbd
298.193280072,3.4925000000000024,37.3,1
