weight,alogp,tpsa,hbd
296.271530392,6.1969000000000065,26.3,0
