weight,alogp,tpsa,hbd
291.13267104,3.0265000000000004,60.160000000000004,2
