weight,alogp,tpsa,hbd
366.194342692,2.4808000000000003,49.85,0
