weight,alogp,tpsa,hbd
278.130028184,-1.0818999999999999,98.66,5
