weight,alogp,tpsa,hbd
288.06338810399996,2.1107000000000014,118.22000000000001,5
