weight,alogp,tpsa,hbd
404.0624616999999,-4.5244999999999935,201.67,6
