weight,alogp,tpsa,hbd
178.026608672,1.2041999999999997,70.67,2
