weight,alogp,tpsa,hbd
188.104858992,1.8862999999999999,74.6,2
