weight,alogp,tpsa,hbd
665.1247718679998,-2.6863999999999963,317.6199999999999,8
