weight,alogp,tpsa,hbd
129.053826464,-2.7025999999999994,98.20999999999998,3
