weight,alogp,tpsa,hbd
504.1690349439998,-7.572999999999989,268.67999999999995,11
