weight,alogp,tpsa,hbd
359.24604391599996,2.5491000000000015,52.93000000000001,2
