weight,alogp,tpsa,hbd
26.003073999999998,0.01678,23.79,0
