weight,alogp,tpsa,hbd
943.162553078,0.09230000000000343,393.09,10
