weight,alogp,tpsa,hbd
460.26135963199994,7.330400000000007,66.76,2
