weight,alogp,tpsa,hbd
278.151809184,3.7580000000000036,63.6,1
