weight,alogp,tpsa,hbd
326.10016753599996,-1.0369000000000002,136.68,5
