weight,alogp,tpsa,hbd
1197.4235187859995,3.2768000000000055,421.16,11
