weight,alogp,tpsa,hbd
329.162708216,1.7299999999999998,62.16000000000001,2
