weight,alogp,tpsa,hbd
585.0175488179998,-2.588099999999998,255.65999999999994,6
