weight,alogp,tpsa,hbd
316.156911628,0.5024999999999998,79.74000000000001,2
