weight,alogp,tpsa,hbd
788.1072225360002,0.7046000000000014,377.4200000000001,13
