weight,alogp,tpsa,hbd
585.0175488179998,-2.5880999999999976,255.6599999999999,6
