weight,alogp,tpsa,hbd
480.3450892559999,3.3900000000000023,107.22000000000001,4
