weight,alogp,tpsa,hbd
125.97180982600001,-0.7479,83.83000000000001,2
