weight,alogp,tpsa,hbd
392.198759376,5.716900000000004,77.76,3
