weight,alogp,tpsa,hbd
117.057849224,2.1678999999999995,15.79,1
