weight,alogp,tpsa,hbd
314.2245802,4.435400000000005,37.3,1
