weight,alogp,tpsa,hbd
483.04564566199986,1.2733000000000003,187.52999999999997,5
