weight,alogp,tpsa,hbd
498.1090350319999,-2.109199999999995,259.44,8
