weight,alogp,tpsa,hbd
55.05532380391,1.2304899999999999,0.0,0
