weight,alogp,tpsa,hbd
149.029920224,2.2894000000000005,12.36,0
