weight,alogp,tpsa,hbd
158.167065324,3.119400000000002,20.23,1
