weight,alogp,tpsa,hbd
244.073558864,2.529700000000001,67.50999999999999,1
