weight,alogp,tpsa,hbd
360.339216028,7.9308000000000085,20.23,1
