weight,alogp,tpsa,hbd
276.220163516,3.7524400000000027,32.34,1
