weight,alogp,tpsa,hbd
238.22966558000002,5.442600000000005,17.07,0
