weight,alogp,tpsa,hbd
255.089543276,2.2910000000000004,59.300000000000004,1
