weight,alogp,tpsa,hbd
284.14124449999997,3.121720000000002,57.53,2
