weight,alogp,tpsa,hbd
293.05331383809,-1.9024,133.22000000000003,4
