weight,alogp,tpsa,hbd
448.3188745079999,3.879500000000005,79.15,3
