weight,alogp,tpsa,hbd
176.032087976,-2.8049999999999993,104.06,3
