weight,alogp,tpsa,hbd
272.15247788,2.631000000000001,79.11000000000001,3
