weight,alogp,tpsa,hbd
727.2190661760002,-6.829260000000003,407.42,16
