weight,alogp,tpsa,hbd
101.07014522399999,-1.63706,111.77000000000001,5
