weight,alogp,tpsa,hbd
518.19406792,6.382240000000009,155.51999999999998,6
