weight,alogp,tpsa,hbd
131.058243148,-0.6225999999999998,80.39,2
