weight,alogp,tpsa,hbd
141.01909436600002,-0.9456000000000002,92.77999999999999,3
