weight,alogp,tpsa,hbd
151.099714036,1.1540999999999997,32.26,2
