weight,alogp,tpsa,hbd
100.05297807591,-0.12580000000000013,40.129999999999995,0
