weight,alogp,tpsa,hbd
868.0380944359998,-3.8597999999999955,473.90999999999997,12
