weight,alogp,tpsa,hbd
346.07906883,-1.8965999999999985,191.85999999999999,5
