weight,alogp,tpsa,hbd
913.151988394,-0.062299999999995914,380.69999999999993,9
