weight,alogp,tpsa,hbd
136.052429496,1.6932200000000002,37.3,1
