weight,alogp,tpsa,hbd
260.050715244,3.167200000000001,54.370000000000005,1
