weight,alogp,tpsa,hbd
351.16952491200004,1.5593999999999995,68.78,1
