weight,alogp,tpsa,hbd
456.1626078440899,-0.6134999999999968,193.74999999999997,6
