weight,alogp,tpsa,hbd
404.0021971479999,-2.6178999999999992,217.83999999999997,6
