weight,alogp,tpsa,hbd
679.0944564539998,-0.7753799999999982,287.10999999999996,6
