weight,alogp,tpsa,hbd
315.18344366,3.3869000000000025,30.930000000000003,0
