weight,alogp,tpsa,hbd
346.14163842399995,1.0270999999999997,104.06,3
