weight,alogp,tpsa,hbd
221.10117058,-4.343829999999997,163.05,8
