weight,alogp,tpsa,hbd
357.07678567199997,3.9273200000000026,68.53,1
