weight,alogp,tpsa,hbd
579.18426217,-0.8022999999999973,221.48999999999995,6
