weight,alogp,tpsa,hbd
379.1049356319999,-2.495299999999997,196.11999999999998,6
