weight,alogp,tpsa,hbd
219.112010036,0.7033999999999998,86.72000000000001,3
