weight,alogp,tpsa,hbd
433.28313407400003,4.392800000000003,121.87999999999998,4
