weight,alogp,tpsa,hbd
244.117154992,-2.0940299999999983,139.73999999999998,5
