weight,alogp,tpsa,hbd
590.310435064,4.699520000000003,160.95,5
