weight,alogp,tpsa,hbd
77.029920224,-0.12509999999999993,26.02,2
