weight,alogp,tpsa,hbd
141.078978592,0.3645000000000001,63.32,2
