weight,alogp,tpsa,hbd
949.282274286,2.585600000000002,363.62999999999994,9
