weight,alogp,tpsa,hbd
120.024500496,0.8240999999999998,37.3,1
