weight,alogp,tpsa,hbd
295.128054024,-1.4962000000000002,116.76,3
