weight,alogp,tpsa,hbd
970.1348364520002,-8.934300000000018,464.45,12
