weight,alogp,tpsa,hbd
120.04225873600001,-1.9431999999999998,69.92,3
