weight,alogp,tpsa,hbd
168.028339988,-1.7672000000000008,114.36999999999998,4
