weight,alogp,tpsa,hbd
276.071941408,-2.2834999999999988,145.55,5
