weight,alogp,tpsa,hbd
358.09298757799996,0.3816399999999998,134.27,4
