weight,alogp,tpsa,hbd
296.96447541599997,-0.35129999999999967,118.35999999999999,3
