weight,alogp,tpsa,hbd
589.0822383599999,-3.921799999999998,311.74999999999994,9
