weight,alogp,tpsa,hbd
575.2090067759999,5.6959200000000045,115.72999999999999,2
