weight,alogp,tpsa,hbd
197.10519334,0.3051999999999997,63.24,1
