weight,alogp,tpsa,hbd
170.08037556,0.10309999999999975,91.16000000000001,3
