weight,alogp,tpsa,hbd
145.073893212,-0.23250000000000015,80.39,2
