weight,alogp,tpsa,hbd
257.10519334,2.1916200000000003,59.300000000000004,1
