weight,alogp,tpsa,hbd
907.1989385859998,0.2042000000000037,380.7,9
