weight,alogp,tpsa,hbd
546.407295588,10.583699999999991,43.370000000000005,0
