weight,alogp,tpsa,hbd
211.048072388,-0.0898000000000001,107.46000000000001,3
