weight,alogp,tpsa,hbd
120.10190510809,-0.9967000000000001,40.46,2
