weight,alogp,tpsa,hbd
398.0684905479999,3.701600000000002,141.31,3
