weight,alogp,tpsa,hbd
53.026549096,0.6959799999999999,23.79,0
