weight,alogp,tpsa,hbd
336.18377800799993,3.758200000000003,34.47,0
