weight,alogp,tpsa,hbd
548.4076895119998,5.212900000000008,99.38000000000001,4
