weight,alogp,tpsa,hbd
304.05830272399993,1.9210999999999996,127.45000000000002,5
