weight,alogp,tpsa,hbd
270.012415152,0.4047999999999998,160.88,2
