weight,alogp,tpsa,hbd
104.022191988,-0.6672999999999998,92.41999999999999,3
