weight,alogp,tpsa,hbd
699.224867496,-1.3455999999999932,346.08,10
