weight,alogp,tpsa,hbd
131.069476528,-1.1037299999999997,90.41,3
