weight,alogp,tpsa,hbd
171.99254527,2.1353,44.760000000000005,0
