weight,alogp,tpsa,hbd
227.094628656,3.0957000000000017,40.54,1
