weight,alogp,tpsa,hbd
148.048406736,-1.7062,112.64999999999999,4
