weight,alogp,tpsa,hbd
277.05839921808996,-0.8732,112.99000000000001,3
