weight,alogp,tpsa,hbd
149.070145224,-0.2241300000000001,70.35,2
