weight,alogp,tpsa,hbd
210.004172574,-1.6963000000000001,124.96000000000001,4
