weight,alogp,tpsa,hbd
1051.2671981400001,-6.2312000000000145,520.0799999999999,15
