weight,alogp,tpsa,hbd
211.95557581964,0.09817999999999998,142.73999999999998,0
