weight,alogp,tpsa,hbd
425.0444196280899,0.8417399999999999,168.97,4
