weight,alogp,tpsa,hbd
346.21440943999994,2.8092000000000024,74.6,2
