weight,alogp,tpsa,hbd
314.154976416,4.528400000000004,6.48,0
