weight,alogp,tpsa,hbd
932.5344657200002,-0.4168999999999905,298.14,12
