weight,alogp,tpsa,hbd
148.048406736,-1.5063999999999993,115.64000000000001,3
