weight,alogp,tpsa,hbd
873.157073774,-0.058899999999996844,363.62999999999994,9
