weight,alogp,tpsa,hbd
452.24637826399993,5.483280000000005,53.33,0
