weight,alogp,tpsa,hbd
877.5118380079999,10.189439999999998,104.25,0
