weight,alogp,tpsa,hbd
299.24086174,6.972000000000007,17.07,0
