weight,alogp,tpsa,hbd
145.073893212,-0.23249999999999998,80.39000000000001,2
