weight,alogp,tpsa,hbd
146.021523292,-0.2808999999999999,72.83,1
