weight,alogp,tpsa,hbd
168.057514876,3.586000000000002,13.14,0
