weight,alogp,tpsa,hbd
605.0771529799999,-4.628499999999994,331.71999999999997,10
