weight,alogp,tpsa,hbd
184.052429496,3.584600000000002,18.46,0
