weight,alogp,tpsa,hbd
109.052763844,0.9743999999999999,46.25,2
