weight,alogp,tpsa,hbd
418.3446953319999,5.474400000000008,60.69,3
