weight,alogp,tpsa,hbd
530.2515827959999,2.2089,128.59000000000003,2
