weight,alogp,tpsa,hbd
786.1510461919997,-3.962399999999991,379.3699999999999,9
