weight,alogp,tpsa,hbd
432.86718914799997,1.5558000000000003,83.55000000000001,3
