weight,alogp,tpsa,hbd
670.429212804,4.272900000000004,153.37,4
