weight,alogp,tpsa,hbd
575.0021445040002,-1.3974999999999973,219.92999999999998,4
