weight,alogp,tpsa,hbd
269.001033888,4.148200000000002,52.489999999999995,3
