weight,alogp,tpsa,hbd
586.2791349360001,5.110420000000004,160.94999999999996,5
