weight,alogp,tpsa,hbd
228.05112276600002,-1.5093999999999985,145.1,4
