weight,alogp,tpsa,hbd
223.136099544,3.116100000000002,12.03,1
