weight,alogp,tpsa,hbd
360.1936739959999,1.9898000000000007,91.67,2
