weight,alogp,tpsa,hbd
129.078978592,0.3424999999999998,63.32,2
