weight,alogp,tpsa,hbd
162.115698448,1.8483,16.130000000000003,0
