weight,alogp,tpsa,hbd
283.992633392,5.364100000000002,0.0,0
