weight,alogp,tpsa,hbd
326.129824288,3.7227000000000023,30.870000000000005,1
