weight,alogp,tpsa,hbd
170.105527688,-0.1273000000000004,63.4,1
