weight,alogp,tpsa,hbd
64.979240934,0.13859999999999995,26.3,0
