weight,alogp,tpsa,hbd
214.026608672,1.8509999999999995,60.42,0
