weight,alogp,tpsa,hbd
287.152143532,1.8503,41.93000000000001,1
