weight,alogp,tpsa,hbd
405.2277084840001,3.075869999999999,128.37,5
