weight,alogp,tpsa,hbd
198.089208928,0.3151999999999999,77.75999999999999,3
