weight,alogp,tpsa,hbd
88.063662876,-0.9612999999999998,55.120000000000005,2
