weight,alogp,tpsa,hbd
146.105527688,-0.47269999999999873,89.34,3
