weight,alogp,tpsa,hbd
301.167793596,2.9568000000000016,72.72,4
