weight,alogp,tpsa,hbd
343.08545967399994,0.9338999999999997,133.16000000000003,5
