weight,alogp,tpsa,hbd
374.0501740059999,-1.1694000000000002,192.13999999999996,4
