weight,alogp,tpsa,hbd
68.037448128,0.40969999999999995,28.68,1
