weight,alogp,tpsa,hbd
638.088726,-4.397799999999992,309.74999999999994,8
