weight,alogp,tpsa,hbd
175.063328528,2.0069999999999997,42.230000000000004,1
