weight,alogp,tpsa,hbd
789.993829612,-4.190199999999994,404.45000000000005,10
