weight,alogp,tpsa,hbd
549.34250567409,6.461400000000007,108.36000000000001,1
