weight,alogp,tpsa,hbd
695.1850193560001,0.6979199999999999,269.8399999999999,9
