weight,alogp,tpsa,hbd
304.13828435999994,-1.3895299999999966,185.82999999999996,7
