weight,alogp,tpsa,hbd
583.279469284,2.0811000000000006,118.21000000000001,3
