weight,alogp,tpsa,hbd
152.015667128,1.0154899999999998,57.36,2
