weight,alogp,tpsa,hbd
800.4922069840001,1.1198000000000035,239.21999999999994,10
