weight,alogp,tpsa,hbd
125.97180982600001,-0.15790000000000004,94.83000000000001,3
