weight,alogp,tpsa,hbd
940.1181811440005,1.6861000000000073,444.1800000000001,15
