weight,alogp,tpsa,hbd
114.14085057599999,3.3668000000000022,0.0,0
