weight,alogp,tpsa,hbd
363.088891644,0.1504999999999998,132.96,4
