weight,alogp,tpsa,hbd
128.047344116,0.13849999999999985,43.370000000000005,0
