weight,alogp,tpsa,hbd
536.438201792,12.46169999999998,0.0,0
