weight,alogp,tpsa,hbd
192.02700259600002,-1.3925999999999994,132.13000000000002,4
