weight,alogp,tpsa,hbd
279.162314292,3.9624000000000024,12.47,0
