weight,alogp,tpsa,hbd
303.138992004,4.194900000000003,12.47,0
