weight,alogp,tpsa,hbd
260.173607248,2.0226999999999995,90.65,2
