weight,alogp,tpsa,hbd
442.38108084,6.997200000000009,40.46,2
