weight,alogp,tpsa,hbd
1015.5073617880003,-4.334999999999994,395.0300000000001,15
