weight,alogp,tpsa,hbd
161.963920108,2.6990000000000007,20.23,1
