weight,alogp,tpsa,hbd
675.3254760079999,0.6567000000000054,162.68,3
