weight,alogp,tpsa,hbd
109.0289544,1.536,40.129999999999995,1
