weight,alogp,tpsa,hbd
398.170253184,1.59517,163.24,5
