weight,alogp,tpsa,hbd
187.048072388,-0.43430000000000035,103.69999999999999,3
