weight,alogp,tpsa,hbd
232.037173356,2.2534000000000005,72.81,1
