weight,alogp,tpsa,hbd
155.03474443000002,-0.6849000000000003,78.78999999999999,3
