weight,alogp,tpsa,hbd
327.147058152,2.770500000000001,62.16000000000001,2
