weight,alogp,tpsa,hbd
266.178298704,3.5328000000000017,15.27,1
