weight,alogp,tpsa,hbd
776.26296599,-2.0126999999999926,357.8299999999999,13
