weight,alogp,tpsa,hbd
73.0289544,0.6921999999999999,26.3,0
