weight,alogp,tpsa,hbd
210.100442308,0.5708999999999995,75.27000000000001,2
