weight,alogp,tpsa,hbd
114.02516919199999,1.08269,20.72,1
