weight,alogp,tpsa,hbd
255.03790162800001,-0.635,144.76000000000002,4
