weight,alogp,tpsa,hbd
268.121177752,2.1221999999999994,56.330000000000005,2
