weight,alogp,tpsa,hbd
254.094294308,3.1057000000000015,54.37,1
