weight,alogp,tpsa,hbd
310.193280072,5.7946200000000045,40.46,2
