weight,alogp,tpsa,hbd
338.13868454008997,3.081800000000002,51.80000000000001,1
