weight,alogp,tpsa,hbd
62.995642892000006,-0.34770000000000006,63.37,1
