weight,alogp,tpsa,hbd
849.1007236060003,-6.708699999999986,431.5400000000001,13
