weight,alogp,tpsa,hbd
229.0620082,-2.820499999999998,127.08999999999999,5
