weight,alogp,tpsa,hbd
139.099714036,0.8121,20.310000000000002,0
