weight,alogp,tpsa,hbd
235.093880228,1.4651999999999996,55.120000000000005,3
