weight,alogp,tpsa,hbd
265.11175858409,0.6077400000000004,75.91,2
