weight,alogp,tpsa,hbd
776.275231328,0.5091000000000074,325.27,9
