weight,alogp,tpsa,hbd
488.32234243199997,2.048599999999998,148.71,6
