weight,alogp,tpsa,hbd
490.2202826679998,3.7221000000000024,143.5,3
