weight,alogp,tpsa,hbd
242.167065324,4.055100000000003,17.07,0
