weight,alogp,tpsa,hbd
158.021523292,-0.32900000000000024,91.67,2
