weight,alogp,tpsa,hbd
256.073558864,2.699500000000001,77.76,3
