weight,alogp,tpsa,hbd
368.1736072479999,1.5949999999999998,78.87000000000002,2
