weight,alogp,tpsa,hbd
86.036779432,0.1644000000000001,34.14,0
