weight,alogp,tpsa,hbd
214.06299418,1.0844999999999998,38.69,1
