weight,alogp,tpsa,hbd
334.05361126799994,-1.4867999999999981,101.53000000000003,0
