weight,alogp,tpsa,hbd
771.4405057600001,1.562400000000007,199.97999999999996,4
