weight,alogp,tpsa,hbd
272.068473484,2.4051000000000005,97.99000000000001,4
