weight,alogp,tpsa,hbd
332.1331989799999,-3.5758299999999967,198.21999999999997,8
