weight,alogp,tpsa,hbd
390.277009696,6.433000000000007,52.60000000000001,0
