weight,alogp,tpsa,hbd
276.084517472,-2.7154999999999987,125.68,4
