weight,alogp,tpsa,hbd
193.03482762800002,-2.6405000000000003,116.45000000000002,4
