weight,alogp,tpsa,hbd
276.07217687200006,3.2081000000000017,72.24000000000001,1
