weight,alogp,tpsa,hbd
355.145140004,5.179200000000003,48.39,2
