weight,alogp,tpsa,hbd
130.06299418,0.6861999999999999,54.37,1
