weight,alogp,tpsa,hbd
469.02659700400005,3.2021200000000007,112.74000000000001,2
