weight,alogp,tpsa,hbd
266.101504928,-1.0305000000000002,108.97,3
