weight,alogp,tpsa,hbd
426.0215899080001,-1.2574000000000012,221.6,5
