weight,alogp,tpsa,hbd
440.40181628399995,8.414900000000008,20.23,1
