weight,alogp,tpsa,hbd
224.188863388,1.6198999999999995,41.13,2
