weight,alogp,tpsa,hbd
1057.08045495809,-4.957199999999987,488.22,12
