weight,alogp,tpsa,hbd
272.1194635,1.0895000000000001,78.43,3
