weight,alogp,tpsa,hbd
773.066921378,-3.3716099999999942,336.71,10
