weight,alogp,tpsa,hbd
193.03482762800002,-2.6404999999999994,116.45,4
