weight,alogp,tpsa,hbd
751.0904336939998,-3.128899999999997,342.52,9
