weight,alogp,tpsa,hbd
118.02660867200001,-0.06420000000000009,74.6,2
