weight,alogp,tpsa,hbd
515.0250902119998,-6.077699999999992,296.13999999999993,9
