weight,alogp,tpsa,hbd
760.2955728480001,1.8820400000000015,260.59999999999997,9
