weight,alogp,tpsa,hbd
159.089543276,-2.0540999999999983,60.36,1
