weight,alogp,tpsa,hbd
132.053492116,-1.7263000000000002,106.41,3
