weight,alogp,tpsa,hbd
185.99293919400003,-1.4588000000000003,124.29,4
