weight,alogp,tpsa,hbd
392.165997004,2.0816,100.58999999999999,3
