weight,alogp,tpsa,hbd
224.068473484,1.5071999999999999,75.99000000000001,2
