weight,alogp,tpsa,hbd
451.319877552,4.813100000000005,68.36,3
