weight,alogp,tpsa,hbd
129.042593084,-0.6504000000000001,66.4,2
