weight,alogp,tpsa,hbd
668.553231544,14.994999999999962,29.46,1
