weight,alogp,tpsa,hbd
352.17869262799996,3.1788000000000007,54.559999999999995,1
