weight,alogp,tpsa,hbd
214.05409996999998,-0.24930000000000013,95.58,4
