weight,alogp,tpsa,hbd
147.053157768,-0.7369000000000001,100.61999999999999,3
