weight,alogp,tpsa,hbd
330.21949481999997,4.450000000000004,43.370000000000005,0
