weight,alogp,tpsa,hbd
467.9736130499998,-1.4717000000000005,244.13999999999996,6
