weight,alogp,tpsa,hbd
254.108898816,1.5159999999999993,58.2,2
