weight,alogp,tpsa,hbd
1183.5211774839095,-2.5507999999999873,420.33,13
