weight,alogp,tpsa,hbd
406.235849534,4.341400000000004,116.09,4
