weight,alogp,tpsa,hbd
1321.6356257159998,-1.4132300000000004,472.1299999999999,17
