weight,alogp,tpsa,hbd
158.043990052,-2.1798,113.31999999999998,4
