weight,alogp,tpsa,hbd
157.048741084,-1.9302000000000001,101.28999999999999,3
