weight,alogp,tpsa,hbd
142.07422756,-0.14869999999999983,61.690000000000005,2
