weight,alogp,tpsa,hbd
170.130679816,1.7148999999999999,29.46,1
