weight,alogp,tpsa,hbd
97.06399722399999,-0.5820000000000001,50.41,2
