weight,alogp,tpsa,hbd
589.0822383599999,-3.600899999999998,311.48999999999995,9
