weight,alogp,tpsa,hbd
335.1732729,1.1927999999999996,76.07000000000001,1
