weight,alogp,tpsa,hbd
333.10010796,3.9140000000000015,40.160000000000004,0
