weight,alogp,tpsa,hbd
207.110672644,-3.262099999999998,104.39000000000001,5
