weight,alogp,tpsa,hbd
326.28209507599996,5.715300000000006,54.37,1
