weight,alogp,tpsa,hbd
580.0342851239999,-4.7013999999999925,314.06,9
