weight,alogp,tpsa,hbd
400.318874508,5.715100000000006,72.83,1
