weight,alogp,tpsa,hbd
443.02063903199996,5.453700000000004,90.42000000000002,1
