weight,alogp,tpsa,hbd
258.161979944,2.5953000000000013,40.46,2
