weight,alogp,tpsa,hbd
879.13125295,-1.3043999999999942,400.92999999999995,10
