weight,alogp,tpsa,hbd
133.048741084,-1.1202,104.44999999999999,4
