weight,alogp,tpsa,hbd
95.96124514200001,0.04859999999999992,55.76,1
