weight,alogp,tpsa,hbd
514.2930536839999,3.619400000000003,132.13,4
