weight,alogp,tpsa,hbd
1005.344874542,4.146000000000004,363.62999999999994,9
