weight,alogp,tpsa,hbd
174.0640568,-0.49893000000000004,110.47999999999999,4
