weight,alogp,tpsa,hbd
589.07100498,-3.4140999999999924,282.46999999999997,7
