weight,alogp,tpsa,hbd
314.08790219800005,-2.148299999999998,168.41,5
