weight,alogp,tpsa,hbd
511.201338116,-6.057399999999991,262.75,10
