weight,alogp,tpsa,hbd
203.054220388,-3.668699999999997,141.74999999999997,5
