weight,alogp,tpsa,hbd
351.06959211599997,2.692520000000001,63.24,1
