weight,alogp,tpsa,hbd
437.15176218,2.792300000000001,83.80000000000001,2
