weight,alogp,tpsa,hbd
356.31914928,4.809600000000005,6.48,0
