weight,alogp,tpsa,hbd
88.052429496,-0.043800000000000006,37.3,1
