weight,alogp,tpsa,hbd
1337.0863677999994,-12.257500000000004,679.6700000000004,18
