weight,alogp,tpsa,hbd
490.3658246999999,4.053700000000006,101.15,5
