weight,alogp,tpsa,hbd
461.9562823799998,0.94,218.09999999999997,5
