weight,alogp,tpsa,hbd
153.042593084,0.6725999999999999,83.55,3
