weight,alogp,tpsa,hbd
323.14407738399996,5.406800000000005,3.24,0
