weight,alogp,tpsa,hbd
183.081477128,2.6198000000000006,26.02,1
