weight,alogp,tpsa,hbd
312.06338810399996,2.6704000000000017,107.22000000000001,4
