weight,alogp,tpsa,hbd
409.15841068399993,-4.0707199999999935,202.32,7
