weight,alogp,tpsa,hbd
513.0094401479998,-4.707099999999994,277.13,6
