weight,alogp,tpsa,hbd
303.095416504,-3.6431199999999992,163.63,6
