weight,alogp,tpsa,hbd
168.042258736,1.1044199999999997,77.76,3
