weight,alogp,tpsa,hbd
544.500802048,13.83399999999997,0.0,0
