weight,alogp,tpsa,hbd
265.959269716,-1.3418000000000003,170.82,5
