weight,alogp,tpsa,hbd
283.120843404,1.4062999999999999,49.769999999999996,1
