weight,alogp,tpsa,hbd
544.1877590079998,-6.940599999999988,266.54999999999995,10
