weight,alogp,tpsa,hbd
392.19875937599994,6.754800000000007,62.83,2
