weight,alogp,tpsa,hbd
204.12303447609,0.09900000000000037,63.6,1
