weight,alogp,tpsa,hbd
248.116092372,1.5606999999999998,74.35,3
