weight,alogp,tpsa,hbd
300.17254462799997,3.2664000000000017,51.21,0
