weight,alogp,tpsa,hbd
366.102272148,5.505100000000004,54.37,1
