weight,alogp,tpsa,hbd
110.048012812,0.5431999999999999,34.89,0
