weight,alogp,tpsa,hbd
368.0256958659999,-3.0367,208.60999999999996,6
