weight,alogp,tpsa,hbd
146.11755517209,0.5574000000000001,37.3,1
