weight,alogp,tpsa,hbd
346.1991533,2.898500000000001,132.13,4
