weight,alogp,tpsa,hbd
449.31412347599996,3.594100000000001,106.86000000000001,4
