weight,alogp,tpsa,hbd
522.2411266800001,-6.779700000000007,289.08,11
