weight,alogp,tpsa,hbd
532.3036183679999,2.814200000000001,152.35999999999999,5
