weight,alogp,tpsa,hbd
239.152143532,1.9077999999999997,72.72,4
