weight,alogp,tpsa,hbd
238.06886740800002,-3.5338999999999987,155.52,6
