weight,alogp,tpsa,hbd
462.1162115239998,0.10030000000000044,190.27999999999997,7
