weight,alogp,tpsa,hbd
241.072550528,0.5138399999999999,80.64,1
