weight,alogp,tpsa,hbd
470.33960995199993,6.412600000000008,74.6,2
