weight,alogp,tpsa,hbd
659.4397179120001,5.201600000000003,145.54999999999998,5
