weight,alogp,tpsa,hbd
241.1215121,3.678300000000003,41.67,0
