weight,alogp,tpsa,hbd
323.051851038,-2.4459999999999993,177.36,5
