weight,alogp,tpsa,hbd
379.9176694559999,4.704500000000001,74.6,2
