weight,alogp,tpsa,hbd
410.181802582,0.35680000000000067,168.40999999999997,5
