weight,alogp,tpsa,hbd
138.042927432,0.5074999999999998,65.97999999999999,2
