weight,alogp,tpsa,hbd
364.08146053599995,-3.0083999999999973,196.12,6
