weight,alogp,tpsa,hbd
527.2326382439999,-7.270600000000004,272.06,11
