weight,alogp,tpsa,hbd
622.269752024,-6.048699999999993,261.55999999999995,9
