weight,alogp,tpsa,hbd
336.23005950399994,4.568500000000004,74.6,2
