weight,alogp,tpsa,hbd
290.079038168,3.0230000000000015,81.29,2
