weight,alogp,tpsa,hbd
803.4819766480001,4.639000000000006,178.35999999999996,3
