weight,alogp,tpsa,hbd
250.062342548,-1.3222999999999985,129.72,5
