weight,alogp,tpsa,hbd
265.08849772,3.2433000000000005,67.00999999999999,2
