weight,alogp,tpsa,hbd
119.02185764000001,-0.5685999999999998,83.6,2
