weight,alogp,tpsa,hbd
565.3374202940901,5.432200000000007,128.59,2
