weight,alogp,tpsa,hbd
162.01643791200001,-1.5243000000000002,111.9,3
