weight,alogp,tpsa,hbd
332.0917343480899,3.4281000000000015,40.8,0
