weight,alogp,tpsa,hbd
296.3079159,6.364100000000008,20.23,1
