weight,alogp,tpsa,hbd
174.04629856,-0.05250000000000021,58.199999999999996,2
