weight,alogp,tpsa,hbd
270.05282342,2.576800000000001,90.9,3
