weight,alogp,tpsa,hbd
838.1285132979999,-2.0774999999999944,383.85999999999996,10
