weight,alogp,tpsa,hbd
179.079372516,-3.8681999999999994,127.17000000000002,6
