weight,alogp,tpsa,hbd
174.087866244,-1.2302999999999988,107.44,3
