weight,alogp,tpsa,hbd
357.099456328,-0.6728999999999987,150.03,4
