weight,alogp,tpsa,hbd
530.469895844,10.95409999999999,38.83,0
