weight,alogp,tpsa,hbd
351.139447908,1.7959,74.57000000000001,2
