weight,alogp,tpsa,hbd
352.2249741239999,3.6833000000000027,91.66999999999999,2
