weight,alogp,tpsa,hbd
1048.545424328,-1.8817999999999775,335.06000000000006,12
