weight,alogp,tpsa,hbd
248.079706864,0.6167999999999991,102.42000000000002,4
