weight,alogp,tpsa,hbd
122.048012812,0.18050000000000022,55.980000000000004,1
