weight,alogp,tpsa,hbd
358.323565964,7.850900000000008,20.23,1
