weight,alogp,tpsa,hbd
75.068413908,-0.6741000000000001,46.25,2
