weight,alogp,tpsa,hbd
155.98237451,-0.8197000000000001,104.06,3
