weight,alogp,tpsa,hbd
177.045964212,-0.6669999999999991,80.39000000000001,2
