weight,alogp,tpsa,hbd
424.068884472,-0.5359999999999991,173.76,3
