weight,alogp,tpsa,hbd
148.073558864,-0.4071000000000001,77.75999999999999,3
