weight,alogp,tpsa,hbd
132.089877624,-0.8643999999999998,89.34,3
