weight,alogp,tpsa,hbd
339.106649884,-0.8826999999999998,179.38000000000002,5
