weight,alogp,tpsa,hbd
398.35486609199995,7.842900000000009,17.07,0
