weight,alogp,tpsa,hbd
567.286405132,-7.063260000000011,314.35999999999996,14
