weight,alogp,tpsa,hbd
160.030648496,-0.4425999999999999,58.199999999999996,2
