weight,alogp,tpsa,hbd
167.98237451,-1.1822000000000001,111.9,3
