weight,alogp,tpsa,hbd
788.2629659900001,-2.252599999999992,340.24999999999994,11
