weight,alogp,tpsa,hbd
1015.507361788,-4.334999999999996,395.03000000000003,15
