weight,alogp,tpsa,hbd
162.05282342,-2.3315999999999995,86.99000000000001,3
