weight,alogp,tpsa,hbd
599.169763216,-5.282899999999989,297.5299999999999,9
