weight,alogp,tpsa,hbd
338.993002236,-3.9941999999999966,199.91999999999996,6
