weight,alogp,tpsa,hbd
287.860066272,3.644400000000001,0.0,0
