weight,alogp,tpsa,hbd
1205.14277515009,-4.4523999999999875,543.8499999999999,13
