weight,alogp,tpsa,hbd
283.091668516,-2.686699999999999,159.51,5
