weight,alogp,tpsa,hbd
183.053157768,0.09210000000000007,68.53,1
