weight,alogp,tpsa,hbd
853.151988394,-1.706899999999994,383.85999999999996,10
