weight,alogp,tpsa,hbd
233.059602896,-0.6122000000000001,98.66000000000001,4
