weight,alogp,tpsa,hbd
216.172544628,2.964300000000001,57.53,2
