weight,alogp,tpsa,hbd
184.14632988,3.052500000000002,26.3,0
