weight,alogp,tpsa,hbd
465.30903809599994,2.5648999999999997,127.09,5
