weight,alogp,tpsa,hbd
340.0906654719999,-0.2833999999999997,173.59,5
