weight,alogp,tpsa,hbd
183.089543276,0.39289999999999964,75.71000000000001,3
