weight,alogp,tpsa,hbd
330.21949481999997,3.838400000000003,54.370000000000005,1
