weight,alogp,tpsa,hbd
27.010899031999998,0.13978,23.79,0
