weight,alogp,tpsa,hbd
1324.887631158,10.756999999999994,346.85999999999996,11
