weight,alogp,tpsa,hbd
225.12659748,4.168000000000004,27.96,0
