weight,alogp,tpsa,hbd
154.00310995400002,-0.31530000000000014,83.82999999999998,2
