weight,alogp,tpsa,hbd
242.094294308,3.6670000000000016,46.53,1
