weight,alogp,tpsa,hbd
325.10089580799996,-4.899399999999994,197.00999999999996,8
