weight,alogp,tpsa,hbd
486.1162115239998,0.6642999999999988,172.96,4
