weight,alogp,tpsa,hbd
119.02185764000001,-1.5171000000000001,100.62,3
