weight,alogp,tpsa,hbd
395.209658408,4.033100000000003,78.62,1
