weight,alogp,tpsa,hbd
139.03982981000001,-0.6165000000000003,69.56,3
