weight,alogp,tpsa,hbd
161.032422324,-1.3397000000000001,103.69999999999999,3
