weight,alogp,tpsa,hbd
162.05282342,-2.1757999999999997,79.15,3
