weight,alogp,tpsa,hbd
332.028065216,1.2218999999999995,181.04,6
