weight,alogp,tpsa,hbd
271.120843404,1.7778,41.93000000000001,1
