weight,alogp,tpsa,hbd
152.120115132,1.9695000000000005,20.23,1
