weight,alogp,tpsa,hbd
402.349780712,6.599900000000008,32.76,1
