weight,alogp,tpsa,hbd
863.1727238379998,0.021000000000003016,363.63,9
