weight,alogp,tpsa,hbd
260.02971862600003,-3.2601999999999993,164.75,6
