weight,alogp,tpsa,hbd
182.07316494,2.873800000000001,13.14,0
