weight,alogp,tpsa,hbd
163.04940978,-0.7047000000000003,97.55,2
