weight,alogp,tpsa,hbd
116.083729624,0.7363999999999999,37.3,1
