weight,alogp,tpsa,hbd
406.2719243159999,3.6569000000000025,94.83000000000001,3
