weight,alogp,tpsa,hbd
230.019153942,-2.4653000000000005,136.68,5
