weight,alogp,tpsa,hbd
767.1152089619999,-1.6652999999999971,346.5599999999999,10
