weight,alogp,tpsa,hbd
193.037507704,-0.6050000000000002,83.47,2
