weight,alogp,tpsa,hbd
149.051049592,0.15140000000000015,63.32,2
