weight,alogp,tpsa,hbd
310.073575928,0.8767999999999996,116.42999999999999,2
