weight,alogp,tpsa,hbd
352.03498043599996,-0.07849999999999929,121.68000000000002,5
