weight,alogp,tpsa,hbd
414.22670543999993,0.9935000000000003,98.82,2
