weight,alogp,tpsa,hbd
886.492600908,0.29400000000001497,255.90999999999994,9
