weight,alogp,tpsa,hbd
428.3654307759999,7.156100000000009,32.76,1
