weight,alogp,tpsa,hbd
675.0223416237299,-4.151299999999989,315.35999999999996,3
