weight,alogp,tpsa,hbd
123.01427016,1.81418,23.79,0
