weight,alogp,tpsa,hbd
334.12771967599997,-1.6511999999999982,146.89,3
