weight,alogp,tpsa,hbd
309.209264484,4.188600000000003,23.47,1
