weight,alogp,tpsa,hbd
340.19072011209,3.953800000000003,35.53,0
