weight,alogp,tpsa,hbd
247.105587264,-1.8949199999999995,123.17000000000002,4
