weight,alogp,tpsa,hbd
180.15141526,3.227600000000003,20.23,1
