weight,alogp,tpsa,hbd
244.069536104,-2.782799999999999,135.64000000000001,5
