weight,alogp,tpsa,hbd
496.33976602209,5.211600000000004,102.28999999999999,2
