weight,alogp,tpsa,hbd
152.033425368,-1.0605000000000002,94.4,3
