weight,alogp,tpsa,hbd
312.1209029799999,-1.1292,119.61000000000001,5
