weight,alogp,tpsa,hbd
419.96237966999985,-3.4836,260.96999999999997,9
