weight,alogp,tpsa,hbd
435.0691443799999,-0.4241999999999997,166.10999999999999,5
