weight,alogp,tpsa,hbd
300.070598724,-3.682299999999999,173.42999999999998,6
