weight,alogp,tpsa,hbd
390.1063155359999,0.5056999999999994,176.75,6
