weight,alogp,tpsa,hbd
285.10144535200004,2.659160000000001,78.28999999999999,0
