weight,alogp,tpsa,hbd
342.10528357799996,-4.736059999999997,251.24999999999997,11
