weight,alogp,tpsa,hbd
111.0320284,0.49279999999999974,53.35,2
