weight,alogp,tpsa,hbd
388.1369469679999,-1.7764999999999984,151.98,4
