weight,alogp,tpsa,hbd
614.147267542,-5.272199999999992,322.90999999999997,10
