weight,alogp,tpsa,hbd
303.147058152,0.9816999999999998,73.16000000000001,3
