weight,alogp,tpsa,hbd
272.177630008,3.6092000000000035,40.46,2
