weight,alogp,tpsa,hbd
120.057514876,1.8075200000000002,17.07,0
