weight,alogp,tpsa,hbd
362.2093240599999,1.9255999999999998,91.66999999999999,2
