weight,alogp,tpsa,hbd
306.025301942,-1.6893000000000007,140.08,3
