weight,alogp,tpsa,hbd
261.121237328,-1.6489199999999993,123.17000000000002,4
