weight,alogp,tpsa,hbd
379.11146049199994,-4.006699999999994,195.23999999999998,7
