weight,alogp,tpsa,hbd
142.026608672,0.2679999999999999,74.60000000000001,2
