weight,alogp,tpsa,hbd
612.222311824,3.922740000000003,115.24999999999999,1
