weight,alogp,tpsa,hbd
478.283157696,5.007600000000005,52.190000000000005,1
