weight,alogp,tpsa,hbd
171.100776656,-0.6765999999999992,84.22,3
