weight,alogp,tpsa,hbd
183.053157768,0.28612,90.65,3
