weight,alogp,tpsa,hbd
262.116486296,-0.9138999999999979,149.95,5
