weight,alogp,tpsa,hbd
268.14632988,4.828600000000004,40.46,2
