weight,alogp,tpsa,hbd
163.030314148,-0.4945000000000004,66.4,3
