weight,alogp,tpsa,hbd
178.07422756,0.4240000000000001,72.19,2
