weight,alogp,tpsa,hbd
286.05660207,-3.382699999999999,171.57000000000002,6
