weight,alogp,tpsa,hbd
214.11861779209,1.0350799999999998,83.55000000000001,1
