weight,alogp,tpsa,hbd
588.2947849999999,4.475520000000003,160.95,5
