weight,alogp,tpsa,hbd
175.063328528,1.6836200000000001,56.230000000000004,1
