weight,alogp,tpsa,hbd
1005.344874542,3.7137000000000038,363.62999999999994,9
