weight,alogp,tpsa,hbd
348.1936739959999,3.0756000000000014,94.83000000000001,3
