weight,alogp,tpsa,hbd
520.14194404,4.869200000000005,93.81,1
