weight,alogp,tpsa,hbd
104.047344116,-0.15649999999999997,57.53,2
