weight,alogp,tpsa,hbd
383.06433377199994,0.08690000000000042,118.8,2
