weight,alogp,tpsa,hbd
243.19869979999999,4.331900000000004,3.24,0
