weight,alogp,tpsa,hbd
562.162767792,7.099200000000008,132.75,5
