weight,alogp,tpsa,hbd
149.051049592,0.10669999999999957,63.32,3
