weight,alogp,tpsa,hbd
329.05251973399993,-0.8174000000000003,154.84,3
