weight,alogp,tpsa,hbd
45.987721064,0.29840000000000005,0.0,1
