weight,alogp,tpsa,hbd
94.06512567608999,0.5111000000000001,3.88,0
