weight,alogp,tpsa,hbd
168.99019954200003,-0.8543000000000001,93.05999999999999,2
