weight,alogp,tpsa,hbd
356.32904526799996,6.863700000000008,57.53,2
