weight,alogp,tpsa,hbd
630.142182162,-6.299799999999991,343.14,11
