weight,alogp,tpsa,hbd
156.053492116,-0.6023000000000003,86.21,3
