weight,alogp,tpsa,hbd
378.116682452,4.4479000000000015,45.150000000000006,2
