weight,alogp,tpsa,hbd
470.12717013199983,-4.632499999999991,231.12999999999997,7
