weight,alogp,tpsa,hbd
149.024356176,0.5409000000000002,63.32,2
