weight,alogp,tpsa,hbd
299.11284009409,0.23879999999999968,91.28999999999999,1
