weight,alogp,tpsa,hbd
336.23005950399994,4.424400000000004,74.6,2
