weight,alogp,tpsa,hbd
180.063388104,-3.3771999999999984,118.22,5
