weight,alogp,tpsa,hbd
562.38108084,10.739799999999992,34.14,0
