weight,alogp,tpsa,hbd
444.36034539599996,6.0101000000000075,57.53,2
