weight,alogp,tpsa,hbd
168.042258736,0.7249000000000001,77.76,3
