weight,alogp,tpsa,hbd
131.094628656,-1.1673999999999987,40.129999999999995,0
