weight,alogp,tpsa,hbd
148.037173356,-0.8474000000000002,94.83000000000001,3
