weight,alogp,tpsa,hbd
723.3512495879997,6.132800000000008,201.30999999999997,6
