weight,alogp,tpsa,hbd
308.07434671199997,-2.4566999999999988,151.98000000000002,4
