weight,alogp,tpsa,hbd
325.131408088,2.785000000000001,51.16000000000001,1
