weight,alogp,tpsa,hbd
804.302508696,-6.293100000000013,345.03999999999996,10
