weight,alogp,tpsa,hbd
674.293841532,2.0338999999999987,191.55999999999997,3
