weight,alogp,tpsa,hbd
154.135765196,2.6477000000000013,17.07,0
