weight,alogp,tpsa,hbd
113.084063972,0.6766000000000001,29.1,1
