weight,alogp,tpsa,hbd
101.12044947999999,1.5253999999999999,26.02,1
