weight,alogp,tpsa,hbd
539.1355841279999,-3.441899999999993,254.31999999999994,10
