weight,alogp,tpsa,hbd
802.1344906879999,-5.010200000000002,255.38,3
