weight,alogp,tpsa,hbd
479.205635648,3.677800000000002,111.01,1
