weight,alogp,tpsa,hbd
942.5188156560004,-0.0409999999999931,294.97999999999996,11
