weight,alogp,tpsa,hbd
180.063388104,-3.8346000000000005,121.38000000000001,6
