weight,alogp,tpsa,hbd
248.01595568,5.054900000000002,0.0,0
