weight,alogp,tpsa,hbd
289.058637072,2.2377999999999987,127.09000000000002,5
