weight,alogp,tpsa,hbd
1058.566159772,0.19550000000002,333.66999999999996,12
