weight,alogp,tpsa,hbd
513.0063101459998,-3.019599999999998,327.16999999999996,10
