weight,alogp,tpsa,hbd
106.07825032,2.30344,0.0,0
