weight,alogp,tpsa,hbd
103.0381764,-1.2666000000000004,98.20999999999998,3
