weight,alogp,tpsa,hbd
108.057514876,1.70062,20.23,1
