weight,alogp,tpsa,hbd
195.924947756,3.3524000000000003,20.23,1
