weight,alogp,tpsa,hbd
786.5594747720901,13.09259999999998,102.28999999999999,2
