weight,alogp,tpsa,hbd
187.120843404,0.9378000000000002,80.39000000000001,2
