weight,alogp,tpsa,hbd
194.04265266000002,-3.1275000000000004,127.45000000000002,5
