weight,alogp,tpsa,hbd
375.140134876,4.425600000000005,40.540000000000006,1
