weight,alogp,tpsa,hbd
853.3309553119998,3.735700000000004,221.28999999999996,4
