weight,alogp,tpsa,hbd
167.167399672,2.4206000000000003,12.03,1
