weight,alogp,tpsa,hbd
528.1928443879998,-5.912999999999987,246.31999999999994,9
