weight,alogp,tpsa,hbd
302.2245802,5.992700000000006,37.3,1
