weight,alogp,tpsa,hbd
450.3345245719999,4.474900000000003,97.99000000000001,4
