weight,alogp,tpsa,hbd
230.09577417209,0.40029999999999993,65.97999999999999,3
