weight,alogp,tpsa,hbd
357.96845008,1.2464000000000002,37.3,1
