weight,alogp,tpsa,hbd
175.063328528,1.9544199999999996,53.35000000000001,2
