weight,alogp,tpsa,hbd
312.30283052,6.536300000000007,37.3,1
