weight,alogp,tpsa,hbd
854.2857960120003,1.8409000000000042,381.78999999999996,13
