weight,alogp,tpsa,hbd
700.357110484,2.0274000000000028,162.32,3
