weight,alogp,tpsa,hbd
1015.5073617880005,-4.334999999999993,395.0300000000001,15
