weight,alogp,tpsa,hbd
162.05282342,-0.4572999999999999,94.83000000000001,3
