weight,alogp,tpsa,hbd
303.147058152,0.9180999999999995,62.3,1
