weight,alogp,tpsa,hbd
1109.3753392880003,5.572000000000006,354.89000000000004,9
