weight,alogp,tpsa,hbd
170.073652096,-1.2686999999999986,0.0,0
