weight,alogp,tpsa,hbd
173.10519334,0.6217999999999997,66.4,2
