weight,alogp,tpsa,hbd
160.073558864,-0.40709999999999996,77.76,3
