weight,alogp,tpsa,hbd
159.0843611,3.0710000000000015,17.07,0
