weight,alogp,tpsa,hbd
208.084792244,0.25350000000000006,106.41,3
