weight,alogp,tpsa,hbd
226.131742436,1.3893999999999997,78.76,2
