weight,alogp,tpsa,hbd
414.138678284,-4.4806999999999935,191.95999999999998,5
