weight,alogp,tpsa,hbd
228.074621484,-1.8226999999999995,104.55000000000001,3
