weight,alogp,tpsa,hbd
765.2919150980001,-8.556130000000016,436.89000000000004,17
