weight,alogp,tpsa,hbd
163.060648452,-2.6643999999999997,90.15,4
