weight,alogp,tpsa,hbd
221.12766009999999,0.7832999999999997,86.72000000000001,3
