weight,alogp,tpsa,hbd
153.055479874,-0.2743000000000002,60.77,2
