weight,alogp,tpsa,hbd
175.98763632,0.8344999999999998,74.6,2
