weight,alogp,tpsa,hbd
178.04773804,-3.0131999999999985,107.22000000000001,4
