weight,alogp,tpsa,hbd
186.01643791200001,-0.7599,108.74000000000001,2
