weight,alogp,tpsa,hbd
382.189257312,3.187400000000001,63.79,1
