weight,alogp,tpsa,hbd
128.058577496,-0.5381000000000002,58.2,2
