weight,alogp,tpsa,hbd
306.255880328,6.440700000000007,37.3,1
