weight,alogp,tpsa,hbd
291.078995656,1.9137999999999997,136.92,3
