weight,alogp,tpsa,hbd
187.084457896,-0.053499999999999936,83.47,2
