weight,alogp,tpsa,hbd
44.026214748,0.016600000000000004,12.53,0
