weight,alogp,tpsa,hbd
118.06299418,0.23360000000000009,57.53,2
