weight,alogp,tpsa,hbd
329.14272171999994,3.326500000000002,39.72,1
