weight,alogp,tpsa,hbd
496.2607079999999,3.4273000000000016,149.95,5
