weight,alogp,tpsa,hbd
881.146903014,-1.0803999999999943,400.92999999999995,10
