weight,alogp,tpsa,hbd
973.1731177620001,0.10090000000000354,402.32,10
