weight,alogp,tpsa,hbd
879.1312529499999,-1.3043999999999927,400.93,10
