weight,alogp,tpsa,hbd
112.052429496,0.8779999999999999,26.3,0
