weight,alogp,tpsa,hbd
366.07158343799995,-1.5254000000000008,166.14,6
