weight,alogp,tpsa,hbd
606.0625112519999,-4.065499999999992,275.53,7
