weight,alogp,tpsa,hbd
335.912749464,-2.029799999999999,126.64000000000001,4
