weight,alogp,tpsa,hbd
146.06914218,-0.6245999999999992,92.42,3
