weight,alogp,tpsa,hbd
336.894917348,1.8716000000000008,83.55000000000001,3
