weight,alogp,tpsa,hbd
129.066402528,-0.9085000000000005,58.199999999999996,2
