weight,alogp,tpsa,hbd
207.053157768,0.9123000000000001,83.47,2
