weight,alogp,tpsa,hbd
201.993594292,0.6315000000000001,91.66999999999999,2
