weight,alogp,tpsa,hbd
92.062600256,1.99502,0.0,0
