weight,alogp,tpsa,hbd
150.06807956,1.92032,26.3,0
