weight,alogp,tpsa,hbd
314.245709568,4.050100000000003,77.75999999999999,3
