weight,alogp,tpsa,hbd
281.162708216,1.0414999999999999,83.47,2
