weight,alogp,tpsa,hbd
459.06827535199994,-4.179599999999994,238.60999999999999,7
