weight,alogp,tpsa,hbd
152.991820464,-0.023700000000000054,63.32,3
