weight,alogp,tpsa,hbd
837.1206882659999,-1.7462999999999929,380.7,9
