weight,alogp,tpsa,hbd
909.1418176340001,-1.5112999999999928,417.99999999999994,10
