weight,alogp,tpsa,hbd
244.121177752,2.669100000000001,44.120000000000005,0
