weight,alogp,tpsa,hbd
424.16930971599993,-5.1095999999999915,207.26999999999998,8
