weight,alogp,tpsa,hbd
180.063388104,-3.2198,110.38000000000001,5
