weight,alogp,tpsa,hbd
260.02971862600003,-3.102799999999999,156.91,6
