weight,alogp,tpsa,hbd
385.24777523200004,2.0881999999999996,69.64000000000001,0
