weight,alogp,tpsa,hbd
490.1213275659999,-1.729899999999998,255.45999999999995,6
