weight,alogp,tpsa,hbd
506.21519728799984,2.1775999999999995,167.03,4
