weight,alogp,tpsa,hbd
136.100048384,0.6924000000000001,38.05,2
