weight,alogp,tpsa,hbd
480.0692613319999,1.74402,213.04999999999995,8
