weight,alogp,tpsa,hbd
259.04570303800006,-3.7512,173.70000000000002,7
