weight,alogp,tpsa,hbd
43.005813652,-0.29039999999999994,29.1,1
