weight,alogp,tpsa,hbd
472.10056145999977,-0.035880000000000134,176.89,4
