weight,alogp,tpsa,hbd
523.2053608759998,-0.6771999999999998,187.39999999999998,7
