weight,alogp,tpsa,hbd
194.0579088,0.5875999999999997,77.76,3
