weight,alogp,tpsa,hbd
325.179026976,1.5345999999999997,68.36,3
