weight,alogp,tpsa,hbd
236.02806521600002,-1.0621999999999998,123.20000000000002,0
