weight,alogp,tpsa,hbd
77.945071596,-1.1839000000000002,0.0,0
