weight,alogp,tpsa,hbd
46.005479304,-0.29919999999999997,37.3,1
