weight,alogp,tpsa,hbd
360.131280832,-0.3757999999999994,151.14000000000001,3
