weight,alogp,tpsa,hbd
340.07943209199993,0.8936999999999999,139.59,3
