weight,alogp,tpsa,hbd
131.02185764,-1.4845000000000002,97.46000000000001,2
