weight,alogp,tpsa,hbd
408.1703517079999,2.1650000000000005,94.83,3
