weight,alogp,tpsa,hbd
576.417860272,10.85949999999999,63.60000000000001,1
