weight,alogp,tpsa,hbd
223.048072388,-0.09350000000000014,110.88000000000001,4
