weight,alogp,tpsa,hbd
321.09206243999995,-4.521999999999997,219.85999999999999,9
