weight,alogp,tpsa,hbd
300.08451747199996,-1.4365000000000003,136.68,5
