weight,alogp,tpsa,hbd
740.2302302840001,-4.125699999999996,263.21999999999997,6
