weight,alogp,tpsa,hbd
172.030648496,-0.08379999999999999,86.18,2
