weight,alogp,tpsa,hbd
348.111006992,2.0795999999999997,81.42,1
