weight,alogp,tpsa,hbd
290.122634296,-1.7796299999999974,185.83,7
