weight,alogp,tpsa,hbd
270.05599065200005,3.129500000000001,41.46,1
