weight,alogp,tpsa,hbd
152.047344116,1.3003999999999998,57.53,2
