weight,alogp,tpsa,hbd
168.018760018,0.42239999999999994,83.82999999999998,2
