weight,alogp,tpsa,hbd
343.251129296,3.578300000000003,32.7,1
