weight,alogp,tpsa,hbd
209.068807832,0.9974000000000001,75.63,2
