weight,alogp,tpsa,hbd
239.094628656,2.999900000000002,40.54,1
