weight,alogp,tpsa,hbd
240.06369883,-0.5233000000000001,111.24,3
