weight,alogp,tpsa,hbd
125.047678464,-0.0687000000000001,37.38,0
