weight,alogp,tpsa,hbd
292.20384475599997,4.529300000000004,54.37,1
