weight,alogp,tpsa,hbd
780.429606728,2.218100000000002,203.05999999999997,6
