weight,alogp,tpsa,hbd
241.058637072,-0.7269000000000001,127.09,5
