weight,alogp,tpsa,hbd
344.071941024,-7.4535999999999945,168.97,5
