weight,alogp,tpsa,hbd
294.21949481999997,5.220900000000004,49.83,1
