weight,alogp,tpsa,hbd
151.02694302,0.15606999999999993,78.22,2
