weight,alogp,tpsa,hbd
59.013304336000004,0.03859999999999991,37.3,1
