weight,alogp,tpsa,hbd
316.240230264,4.803400000000004,34.14,0
