weight,alogp,tpsa,hbd
266.054755068,2.4372000000000007,26.189999999999998,1
