weight,alogp,tpsa,hbd
336.23005950399994,5.684800000000005,66.76,2
