weight,alogp,tpsa,hbd
368.2562742519999,1.445100000000001,101.15,5
