weight,alogp,tpsa,hbd
190.099379688,2.6530000000000014,26.3,0
