weight,alogp,tpsa,hbd
897.1418176340001,-2.1095999999999933,421.15999999999997,11
