weight,alogp,tpsa,hbd
778.6028977660001,16.600399999999958,66.75999999999999,2
