weight,alogp,tpsa,hbd
271.04404962800004,0.16299999999999987,169.83,3
