weight,alogp,tpsa,hbd
243.178261484,5.411600000000005,17.07,0
