weight,alogp,tpsa,hbd
1296.0469075399988,6.743240000000004,483.74999999999994,12
