weight,alogp,tpsa,hbd
198.05282342,0.08579999999999932,97.99000000000001,4
