weight,alogp,tpsa,hbd
174.05282342,-1.5162,97.99000000000001,4
