weight,alogp,tpsa,hbd
129.042593084,-0.7250000000000001,69.89000000000001,2
