weight,alogp,tpsa,hbd
408.17189299599994,2.3408999999999995,99.88,2
