weight,alogp,tpsa,hbd
324.14739249999997,2.519000000000001,62.400000000000006,1
