weight,alogp,tpsa,hbd
500.1543283479999,-0.09579999999999966,212.07999999999998,6
