weight,alogp,tpsa,hbd
349.109627088,0.3181000000000012,112.73,3
