weight,alogp,tpsa,hbd
212.10956751199998,0.8263000000000001,52.74,3
