weight,alogp,tpsa,hbd
562.3505685599999,3.613100000000002,136.82000000000002,4
