weight,alogp,tpsa,hbd
364.15220310799987,0.22190000000000032,124.29,4
