weight,alogp,tpsa,hbd
198.18444670399998,0.7355700000000003,65.14,3
