weight,alogp,tpsa,hbd
332.05218538599996,-1.445200000000001,160.05,4
