weight,alogp,tpsa,hbd
422.0825420459999,-5.280199999999993,236.05999999999995,9
