weight,alogp,tpsa,hbd
147.0320284,-1.2725000000000004,49.93,1
