weight,alogp,tpsa,hbd
301.131408088,0.7451999999999999,70.0,2
