weight,alogp,tpsa,hbd
286.2368762,-0.0017999999999977478,82.25999999999999,4
