weight,alogp,tpsa,hbd
268.069536104,-0.5168000000000001,136.29,4
