weight,alogp,tpsa,hbd
466.20049069199996,4.354000000000004,69.45,2
