weight,alogp,tpsa,hbd
138.07931294,0.4644999999999999,58.28,3
