weight,alogp,tpsa,hbd
158.0579088,-0.19890000000000008,74.6,2
