weight,alogp,tpsa,hbd
707.1006044539997,-1.0427999999999982,319.1299999999999,8
