weight,alogp,tpsa,hbd
210.06807956,3.4042000000000012,40.46,2
