weight,alogp,tpsa,hbd
629.3199967039998,1.6773000000000036,133.22000000000003,2
