weight,alogp,tpsa,hbd
226.22966558000002,5.276500000000005,17.07,0
