weight,alogp,tpsa,hbd
418.0889648179999,-0.8009000000000002,186.08999999999997,4
