weight,alogp,tpsa,hbd
187.136099544,3.5121800000000025,23.79,0
