weight,alogp,tpsa,hbd
189.993594292,0.34449999999999986,94.83,3
