weight,alogp,tpsa,hbd
286.02595704,-0.3812999999999998,121.80000000000001,3
