weight,alogp,tpsa,hbd
221.05654249399998,-0.6112000000000006,121.46,4
