weight,alogp,tpsa,hbd
158.036779432,1.6218000000000001,34.14,0
