weight,alogp,tpsa,hbd
89.011292956,-1.4437000000000002,80.39,2
