weight,alogp,tpsa,hbd
268.117154992,-1.1798000000000002,112.13,4
