weight,alogp,tpsa,hbd
346.21440943999994,2.8108000000000017,74.6,2
