weight,alogp,tpsa,hbd
531.0655256759998,-2.239799999999998,259.41999999999996,6
