weight,alogp,tpsa,hbd
836.0482651959998,-2.446399999999998,433.96999999999997,10
