weight,alogp,tpsa,hbd
613.3628049839999,2.866900000000001,118.02999999999999,4
