weight,alogp,tpsa,hbd
182.07079559000002,1.9367999999999999,55.76,1
