weight,alogp,tpsa,hbd
584.263484872,4.886420000000004,160.94999999999996,5
