weight,alogp,tpsa,hbd
1232.5825976839997,-2.21869999999999,426.7300000000001,14
