weight,alogp,tpsa,hbd
199.132076784,-0.0737000000000001,61.44,2
