weight,alogp,tpsa,hbd
223.00681543,1.1033199999999999,79.65,2
