weight,alogp,tpsa,hbd
196.995499892,-0.04099999999999987,63.31999999999999,2
