weight,alogp,tpsa,hbd
240.023848864,-0.8083999999999996,126.64000000000001,4
