weight,alogp,tpsa,hbd
227.00257874000002,-1.0200999999999996,157.10999999999999,0
