weight,alogp,tpsa,hbd
2237.3359979039988,15.935999999999973,638.4300000000002,18
