weight,alogp,tpsa,hbd
182.086684064,-0.22749999999999948,89.34,3
