weight,alogp,tpsa,hbd
747.44050576,1.1236000000000053,203.14000000000001,5
