weight,alogp,tpsa,hbd
299.152143532,2.878100000000001,52.93000000000001,2
