weight,alogp,tpsa,hbd
406.18925731199994,3.7380000000000013,75.74000000000001,3
