weight,alogp,tpsa,hbd
339.09878763200004,-0.39539999999999814,115.54,1
