weight,alogp,tpsa,hbd
427.15657727999996,4.106600000000003,71.11,1
