weight,alogp,tpsa,hbd
182.07316494,3.3831000000000016,9.23,0
