weight,alogp,tpsa,hbd
254.039498928,-0.7658999999999996,126.64000000000001,4
