weight,alogp,tpsa,hbd
117.078978592,-1.5574999999999992,40.129999999999995,0
