weight,alogp,tpsa,hbd
226.146998576,2.9018000000000006,19.03,1
