weight,alogp,tpsa,hbd
353.0736491020001,-3.0977999999999986,226.27,8
