weight,alogp,tpsa,hbd
354.0576646900001,-3.3866999999999985,220.21999999999997,8
