weight,alogp,tpsa,hbd
171.00584960600003,-1.0625000000000002,96.22000000000001,3
