weight,alogp,tpsa,hbd
930.5188156560002,-0.424099999999989,287.13999999999993,11
