weight,alogp,tpsa,hbd
347.0630844179999,-1.5404999999999998,185.80999999999997,5
