weight,alogp,tpsa,hbd
220.037173356,1.0517,91.66999999999999,2
