weight,alogp,tpsa,hbd
221.0899372,-3.0775999999999994,119.25,5
