weight,alogp,tpsa,hbd
276.129450992,-3.2060999999999993,192.5,8
