weight,alogp,tpsa,hbd
476.18803377999996,-3.6507999999999914,194.14000000000001,6
