weight,alogp,tpsa,hbd
386.354866092,7.629100000000009,12.53,0
