weight,alogp,tpsa,hbd
421.03778258799997,1.6254000000000004,118.35999999999999,3
