weight,alogp,tpsa,hbd
525.2646070679998,-7.147600000000006,291.47999999999996,11
