weight,alogp,tpsa,hbd
897.157073774,0.37810000000000404,363.62999999999994,9
