weight,alogp,tpsa,hbd
1003.3292244779998,3.922000000000004,363.63,9
