weight,alogp,tpsa,hbd
182.0579088,0.38020000000000015,77.76,3
