weight,alogp,tpsa,hbd
312.30283052,7.112700000000007,37.3,1
