weight,alogp,tpsa,hbd
824.3996439919999,3.5175000000000036,171.17,3
