weight,alogp,tpsa,hbd
296.08936499809005,0.6349999999999998,99.13,1
