weight,alogp,tpsa,hbd
364.04201462599997,-2.8585999999999996,199.98999999999998,6
