weight,alogp,tpsa,hbd
292.178692628,1.6990999999999994,70.59,3
