weight,alogp,tpsa,hbd
92.00289246,0.7312000000000001,20.23,1
