weight,alogp,tpsa,hbd
180.063388104,-2.4638999999999998,118.22,5
