weight,alogp,tpsa,hbd
887.13633833,-0.31589999999999646,383.85999999999996,10
