weight,alogp,tpsa,hbd
114.042927432,-0.8320000000000001,49.410000000000004,1
