weight,alogp,tpsa,hbd
297.136493468,1.7093,38.769999999999996,0
