weight,alogp,tpsa,hbd
308.18886338799996,4.239600000000003,44.89,2
