weight,alogp,tpsa,hbd
137.07093932809,-0.3900000000000001,46.97,1
