weight,alogp,tpsa,hbd
418.3446953319999,5.618400000000007,57.53,2
