weight,alogp,tpsa,hbd
402.086187946,-1.5116999999999987,182.48999999999998,7
