weight,alogp,tpsa,hbd
199.00076422600003,-0.8575000000000002,113.28999999999999,3
