weight,alogp,tpsa,hbd
264.084517472,-3.073399999999998,117.84000000000002,4
