weight,alogp,tpsa,hbd
195.005849606,-0.8627000000000002,85.22,2
