weight,alogp,tpsa,hbd
237.086189212,-1.2000000000000006,133.45999999999998,4
