weight,alogp,tpsa,hbd
303.147058152,1.8677000000000001,55.839999999999996,0
