weight,alogp,tpsa,hbd
310.287180456,6.578500000000007,37.3,1
