weight,alogp,tpsa,hbd
302.2245802,4.269300000000005,37.3,1
