weight,alogp,tpsa,hbd
642.2751481299999,-4.714199999999995,298.94,10
