weight,alogp,tpsa,hbd
570.800222624,3.735900000000001,63.32,2
