weight,alogp,tpsa,hbd
309.26677936000004,4.402200000000003,29.54,0
