weight,alogp,tpsa,hbd
616.3975187519999,5.752900000000007,130.36,3
