weight,alogp,tpsa,hbd
220.02191721600002,-1.679399999999999,149.2,4
