weight,alogp,tpsa,hbd
1319.5495244500898,1.0225000000000053,514.0300000000001,12
