weight,alogp,tpsa,hbd
287.115758024,1.9385000000000003,92.95,5
