weight,alogp,tpsa,hbd
154.026608672,0.7959999999999998,77.76,3
