weight,alogp,tpsa,hbd
310.193280072,5.727820000000004,29.46,1
