weight,alogp,tpsa,hbd
382.1450095519999,3.0938000000000008,93.06,2
