weight,alogp,tpsa,hbd
336.047063668,-0.4713999999999998,120.11999999999998,0
