weight,alogp,tpsa,hbd
165.042593084,0.9531000000000001,66.4,2
