weight,alogp,tpsa,hbd
110.048012812,0.15109999999999985,45.75,1
