weight,alogp,tpsa,hbd
267.050788418,0.17029999999999978,117.31000000000002,2
