weight,alogp,tpsa,hbd
990.3275052040002,-14.098800000000024,506.1300000000002,20
