weight,alogp,tpsa,hbd
1624.9122644039999,8.543100000000011,509.8400000000001,16
