weight,alogp,tpsa,hbd
151.063328528,1.3947,52.82000000000001,2
