weight,alogp,tpsa,hbd
376.07706274199995,-3.541199999999998,195.59999999999997,7
