weight,alogp,tpsa,hbd
324.02721999199997,0.612,106.32999999999998,2
