weight,alogp,tpsa,hbd
430.3446953319999,6.699400000000008,57.53,2
