weight,alogp,tpsa,hbd
993.19280765,-0.6094999999999935,404.7599999999999,11
