weight,alogp,tpsa,hbd
484.20731229599994,-2.133399999999993,141.03,2
