weight,alogp,tpsa,hbd
191.058243148,1.500599999999999,73.32,3
