weight,alogp,tpsa,hbd
621.94616774,2.460700000000001,115.72999999999999,4
