weight,alogp,tpsa,hbd
244.089957876,3.6808000000000014,37.3,1
