weight,alogp,tpsa,hbd
390.171020404,5.373720000000005,56.85,0
