weight,alogp,tpsa,hbd
458.24818983200004,5.3513000000000055,42.32000000000001,1
