weight,alogp,tpsa,hbd
167.97285884800002,-1.4720999999999997,108.73999999999998,2
