weight,alogp,tpsa,hbd
568.428031032,10.403299999999993,40.46,2
