weight,alogp,tpsa,hbd
210.073952788,-3.858899999999999,130.61,6
