weight,alogp,tpsa,hbd
714.3727605480001,2.273400000000003,162.32,3
