weight,alogp,tpsa,hbd
132.042258736,0.32589999999999975,74.6,2
