weight,alogp,tpsa,hbd
193.037507704,1.2772999999999994,93.55000000000001,4
