weight,alogp,tpsa,hbd
335.06143629999997,-1.7631000000000001,158.05,3
