weight,alogp,tpsa,hbd
535.1114604919999,1.5431200000000007,221.91999999999996,8
