weight,alogp,tpsa,hbd
186.0640568,-0.8523999999999998,84.5,2
