weight,alogp,tpsa,hbd
352.2249741239999,3.129100000000001,97.99000000000001,4
