weight,alogp,tpsa,hbd
298.06886740799996,-0.4801999999999999,138.2,3
