weight,alogp,tpsa,hbd
344.13186158799994,-5.759599999999993,200.52999999999997,9
