weight,alogp,tpsa,hbd
1295.0348738440002,16.355799999999977,242.12999999999997,8
