weight,alogp,tpsa,hbd
122.003765052,-0.6382999999999999,57.53,3
