weight,alogp,tpsa,hbd
26.003622579909997,0.09637,23.79,0
