weight,alogp,tpsa,hbd
312.204907376,1.2853999999999997,90.65000000000002,2
