weight,alogp,tpsa,hbd
304.094688232,3.3260000000000023,70.29,1
