weight,alogp,tpsa,hbd
313.216755168,6.203900000000006,26.3,0
