weight,alogp,tpsa,hbd
56.997654272000005,-0.7388000000000001,34.14,0
