weight,alogp,tpsa,hbd
168.964199764,-1.2825999999999997,63.31999999999999,2
