weight,alogp,tpsa,hbd
141.1153641,0.6038999999999999,23.47,1
