weight,alogp,tpsa,hbd
286.193280072,4.087400000000003,34.14,0
