weight,alogp,tpsa,hbd
258.06168745,-3.784799999999998,179.48999999999998,7
