weight,alogp,tpsa,hbd
945.2509741579998,2.1376000000000026,363.63,9
