weight,alogp,tpsa,hbd
131.02185764,-0.43453000000000014,98.44999999999999,3
