weight,alogp,tpsa,hbd
452.495716668,11.311499999999986,20.23,1
