weight,alogp,tpsa,hbd
229.052112212,-0.5941000000000005,90.37,2
