weight,alogp,tpsa,hbd
767.0853483139998,-4.284699999999993,365.62,9
