weight,alogp,tpsa,hbd
516.1995472239998,1.9843999999999995,145.03,2
