weight,alogp,tpsa,hbd
73.08914935199999,0.6011000000000001,26.02,1
