weight,alogp,tpsa,hbd
245.148789468,-1.8321299999999967,154.32,6
