weight,alogp,tpsa,hbd
398.1128807800899,-1.6803999999999981,173.67999999999998,4
