weight,alogp,tpsa,hbd
130.12184644799999,-0.7916299999999983,87.92,4
