weight,alogp,tpsa,hbd
523.0617829799999,-3.7506999999999957,240.35999999999996,7
