weight,alogp,tpsa,hbd
339.147058152,3.860000000000003,49.81,0
