weight,alogp,tpsa,hbd
596.1741203239999,-2.648699999999999,256.28999999999996,10
