weight,alogp,tpsa,hbd
314.06842623999995,2.9054000000000024,113.29,3
