weight,alogp,tpsa,hbd
773.21348475209,-4.671799999999994,349.90000000000003,14
