weight,alogp,tpsa,hbd
317.95366104,5.929000000000003,0.0,0
