weight,alogp,tpsa,hbd
230.019153942,-2.4637000000000002,136.68,5
