weight,alogp,tpsa,hbd
326.05151668999997,-2.515699999999999,165.85999999999999,5
