weight,alogp,tpsa,hbd
312.063388104,2.2765000000000004,74.97,0
