weight,alogp,tpsa,hbd
114.042927432,-0.5733999999999999,72.02000000000001,2
