weight,alogp,tpsa,hbd
164.068473484,-2.3495999999999992,97.99000000000001,4
