weight,alogp,tpsa,hbd
508.1944618439998,-1.1486999999999985,183.20999999999998,6
