weight,alogp,tpsa,hbd
114.042927432,-1.7676000000000003,58.2,2
