weight,alogp,tpsa,hbd
357.23039385199996,1.9999999999999998,60.77,2
