weight,alogp,tpsa,hbd
282.05282342000004,2.7371000000000008,64.99000000000001,1
