weight,alogp,tpsa,hbd
1050.524688884,-3.299499999999985,355.2900000000001,13
