weight,alogp,tpsa,hbd
1027.329224478,4.254200000000004,363.62999999999994,9
