weight,alogp,tpsa,hbd
179.055563072,-2.7327999999999997,99.38000000000001,4
