weight,alogp,tpsa,hbd
296.23514488399996,5.095700000000004,49.83,1
