weight,alogp,tpsa,hbd
278.087591472,-2.4573999999999985,145.55,5
