weight,alogp,tpsa,hbd
520.222781204,4.086800000000004,106.97,1
