weight,alogp,tpsa,hbd
1129.71120106,16.41189999999996,201.30999999999997,6
