weight,alogp,tpsa,hbd
87.10479941599999,0.9912000000000001,26.02,1
