weight,alogp,tpsa,hbd
445.1709814559999,-0.2819999999999992,211.55999999999997,8
