weight,alogp,tpsa,hbd
776.6866998320002,4.5573000000000015,92.78,3
