weight,alogp,tpsa,hbd
568.428031032,10.547399999999993,40.46,2
