weight,alogp,tpsa,hbd
440.16092813191,-0.7375999999999976,159.76999999999998,4
