weight,alogp,tpsa,hbd
108.057514876,1.7006199999999998,20.23,1
