weight,alogp,tpsa,hbd
139.98745989,-0.3578000000000001,83.82999999999998,2
