weight,alogp,tpsa,hbd
246.05282342,1.7399999999999998,97.99000000000001,4
