weight,alogp,tpsa,hbd
274.084123548,2.175100000000001,79.9,2
