weight,alogp,tpsa,hbd
146.0579088,-0.3430000000000004,74.6,2
