weight,alogp,tpsa,hbd
170.07316494,3.0592000000000006,20.23,1
