weight,alogp,tpsa,hbd
305.041286354,-1.4003999999999999,146.13000000000002,3
