weight,alogp,tpsa,hbd
117.03001702,-1.3852999999999998,92.41999999999999,3
