weight,alogp,tpsa,hbd
402.349780712,6.5036000000000085,40.46,2
