weight,alogp,tpsa,hbd
666.3152456720001,1.589200000000003,152.14000000000001,2
