weight,alogp,tpsa,hbd
739.1868760800899,-1.531400000000001,276.81999999999994,10
