weight,alogp,tpsa,hbd
307.083806264,-2.2060999999999953,158.81999999999996,6
