weight,alogp,tpsa,hbd
766.9951993839999,-4.995699999999992,392.6,9
