weight,alogp,tpsa,hbd
180.053492116,-0.10399999999999993,79.29,2
