weight,alogp,tpsa,hbd
195.97728913,0.4646999999999999,121.13,3
