weight,alogp,tpsa,hbd
494.9957454619998,-2.0848000000000004,296.43999999999994,9
