weight,alogp,tpsa,hbd
614.2379618880001,3.8585400000000023,115.24999999999999,1
