weight,alogp,tpsa,hbd
218.094294308,2.779000000000001,46.53,1
