weight,alogp,tpsa,hbd
410.01780258400004,6.637000000000004,17.82,0
