weight,alogp,tpsa,hbd
409.09986385,-2.602199999999998,232.48000000000002,7
