weight,alogp,tpsa,hbd
91.063328528,-1.7016999999999998,66.48,3
