weight,alogp,tpsa,hbd
203.11709541599998,1.3262999999999998,69.62,1
