weight,alogp,tpsa,hbd
1215.4340834699995,2.0394000000000063,444.55000000000007,13
