weight,alogp,tpsa,hbd
75.0320284,0.2829999999999999,43.14,0
