weight,alogp,tpsa,hbd
167.094628656,0.645,52.489999999999995,3
