weight,alogp,tpsa,hbd
325.240564612,5.341420000000006,23.47,1
