weight,alogp,tpsa,hbd
422.233824556,4.152100000000003,106.97,1
