weight,alogp,tpsa,hbd
498.3497807119999,10.110099999999996,37.3,1
