weight,alogp,tpsa,hbd
716.3573852559999,4.526400000000004,84.97000000000001,1
