weight,alogp,tpsa,hbd
302.07903816799995,2.5185000000000004,96.22000000000001,3
