weight,alogp,tpsa,hbd
292.240230264,3.750900000000003,40.46,2
