weight,alogp,tpsa,hbd
300.024633246,-0.7864000000000002,148.82,3
