weight,alogp,tpsa,hbd
332.183503236,2.5084,132.13000000000002,4
