weight,alogp,tpsa,hbd
204.126263132,1.9775999999999996,39.260000000000005,2
