weight,alogp,tpsa,hbd
149.10519334,-1.7347,63.93000000000001,3
