weight,alogp,tpsa,hbd
158.0579088,0.7379999999999999,74.6,2
