weight,alogp,tpsa,hbd
547.0604402959998,-3.2689999999999984,279.6499999999999,7
