weight,alogp,tpsa,hbd
584.4288188799999,5.718500000000006,149.2,4
