weight,alogp,tpsa,hbd
165.078978592,0.6410000000000002,63.31999999999999,2
