weight,alogp,tpsa,hbd
197.068807832,0.3667000000000003,89.79,4
