weight,alogp,tpsa,hbd
296.10083623199995,-0.3215999999999999,132.93,4
