weight,alogp,tpsa,hbd
361.15253745599995,1.3359999999999999,77.46000000000001,1
