weight,alogp,tpsa,hbd
391.17770664799997,0.17760000000000287,158.82,5
