weight,alogp,tpsa,hbd
328.178692628,2.1353999999999997,95.58,4
