weight,alogp,tpsa,hbd
117.078978592,0.05429999999999996,63.32,2
