weight,alogp,tpsa,hbd
165.065059844,-0.7612000000000001,89.59,2
