weight,alogp,tpsa,hbd
134.021523292,-1.0933999999999997,94.83,3
