weight,alogp,tpsa,hbd
394.32356596399995,7.250900000000009,20.23,1
