weight,alogp,tpsa,hbd
74.08439831999999,-0.7060999999999993,52.04,2
