weight,alogp,tpsa,hbd
176.047344116,1.80702,50.44,1
