weight,alogp,tpsa,hbd
242.06677283,-2.755599999999999,159.26000000000002,6
