weight,alogp,tpsa,hbd
183.056528896,-0.8305999999999991,66.43,0
