weight,alogp,tpsa,hbd
284.075684104,-2.975599999999999,153.46,5
