weight,alogp,tpsa,hbd
444.1532657279999,-0.21439999999999926,181.61999999999998,6
