weight,alogp,tpsa,hbd
252.078644244,3.468600000000003,39.44,0
