weight,alogp,tpsa,hbd
230.151809184,3.0566000000000013,74.6,2
