weight,alogp,tpsa,hbd
157.11027872,-0.6347999999999994,40.129999999999995,0
