weight,alogp,tpsa,hbd
151.996571496,0.10319999999999996,40.46,2
