weight,alogp,tpsa,hbd
479.2883026519999,1.2907000000000022,78.85000000000002,1
