weight,alogp,tpsa,hbd
427.050791884,0.09859999999999991,148.26000000000002,3
