weight,alogp,tpsa,hbd
167.02185764,0.478,87.49000000000001,2
