weight,alogp,tpsa,hbd
400.05356402399985,-2.6790999999999974,212.66999999999996,7
