weight,alogp,tpsa,hbd
347.063084418,-1.8630000000000009,186.07,5
