weight,alogp,tpsa,hbd
535.121661914,-1.025799999999999,233.27,6
