weight,alogp,tpsa,hbd
280.203844756,4.1799000000000035,38.83,0
