weight,alogp,tpsa,hbd
416.3290452679999,5.704700000000009,60.69,3
