weight,alogp,tpsa,hbd
149.047678464,0.9491799999999999,64.25,2
