weight,alogp,tpsa,hbd
204.187800768,4.415000000000004,0.0,0
