weight,alogp,tpsa,hbd
134.0579088,-1.5531000000000004,69.92,3
