weight,alogp,tpsa,hbd
117.078978592,0.20000000000000023,63.31999999999999,2
