weight,alogp,tpsa,hbd
265.05682602400003,0.9125999999999999,74.6,4
