weight,alogp,tpsa,hbd
964.3257685960002,-10.417200000000022,478.50000000000006,17
