weight,alogp,tpsa,hbd
209.948663968,1.4010000000000002,74.6,2
