weight,alogp,tpsa,hbd
408.14203234799993,-0.3403000000000005,128.59,2
