weight,alogp,tpsa,hbd
334.0664980579999,-3.726899999999998,186.36999999999998,7
