weight,alogp,tpsa,hbd
388.1885886159999,2.819000000000001,78.90000000000002,0
