weight,alogp,tpsa,hbd
133.048741084,-1.9759000000000002,118.43999999999998,4
