weight,alogp,tpsa,hbd
188.116092372,-0.2952999999999999,92.41999999999999,3
