weight,alogp,tpsa,hbd
248.214015516,3.999900000000004,20.23,1
