weight,alogp,tpsa,hbd
157.073893212,0.7637000000000003,46.61,0
