weight,alogp,tpsa,hbd
197.12766009999999,0.8292999999999998,82.96000000000001,3
