weight,alogp,tpsa,hbd
103.993200368,-0.03170000000000012,37.3,1
