weight,alogp,tpsa,hbd
716.377177232,4.045300000000003,186.11999999999998,4
