weight,alogp,tpsa,hbd
277.11748934,-1.4167999999999992,140.05,6
