weight,alogp,tpsa,hbd
247.008533148,-0.9258,87.29999999999998,3
