weight,alogp,tpsa,hbd
477.05496099199985,-2.9514999999999985,253.34999999999994,7
