weight,alogp,tpsa,hbd
942.518815656,0.7062000000000159,294.97999999999996,11
