weight,alogp,tpsa,hbd
263.071762272,-1.2886000000000004,110.60000000000001,3
