weight,alogp,tpsa,hbd
74.07316494,0.7787999999999999,20.23,1
