weight,alogp,tpsa,hbd
287.115758024,0.7485999999999997,62.16000000000001,2
