weight,alogp,tpsa,hbd
703.256167624,-1.5827999999999918,344.36,12
