weight,alogp,tpsa,hbd
143.094628656,-1.0012999999999999,40.129999999999995,0
