weight,alogp,tpsa,hbd
386.1001675359999,-0.35929999999999995,133.52,4
