weight,alogp,tpsa,hbd
132.042258736,-1.3449,66.75999999999999,2
