weight,alogp,tpsa,hbd
378.16785317199987,0.16619999999999985,113.28999999999999,3
