weight,alogp,tpsa,hbd
169.073893212,0.08022000000000012,73.58,3
