weight,alogp,tpsa,hbd
269.030052974,-0.18089999999999995,134.38000000000002,2
