weight,alogp,tpsa,hbd
299.079372516,2.4479,106.86000000000001,4
