weight,alogp,tpsa,hbd
476.22305597599996,5.088000000000006,43.78,1
