weight,alogp,tpsa,hbd
775.1949460060001,-2.8002999999999894,375.74,12
