weight,alogp,tpsa,hbd
145.052763844,1.9403999999999992,33.120000000000005,1
