weight,alogp,tpsa,hbd
125.024179746,-0.8772000000000002,83.55,3
