weight,alogp,tpsa,hbd
329.05251973399993,-0.49490000000000045,154.57999999999998,3
