weight,alogp,tpsa,hbd
272.068473484,2.1623000000000014,86.99000000000001,3
