weight,alogp,tpsa,hbd
150.104465068,2.6320000000000006,17.07,0
