weight,alogp,tpsa,hbd
178.135765196,3.639000000000002,20.23,1
