weight,alogp,tpsa,hbd
388.1733324759999,-0.7906999999999993,153.75,5
