weight,alogp,tpsa,hbd
168.07840639009,-0.12970000000000015,57.53,2
