weight,alogp,tpsa,hbd
302.18819469199997,3.0582000000000025,54.37,1
