weight,alogp,tpsa,hbd
1193.3414257,-7.221800000000026,578.2799999999999,17
