weight,alogp,tpsa,hbd
326.18819469199997,3.5209000000000024,54.370000000000005,1
