weight,alogp,tpsa,hbd
449.10783791208985,0.3820000000000002,191.59999999999997,8
