weight,alogp,tpsa,hbd
877.115602886,-0.7228999999999961,396.99999999999994,10
