weight,alogp,tpsa,hbd
500.17412032399983,-5.453399999999989,226.44999999999996,8
