weight,alogp,tpsa,hbd
348.14739249999997,2.5018000000000002,53.51,0
