weight,alogp,tpsa,hbd
277.02287301600006,-1.0435300000000003,161.2,6
