weight,alogp,tpsa,hbd
402.1314676639999,0.571799999999999,125.68000000000002,4
