weight,alogp,tpsa,hbd
156.042258736,0.6580999999999998,74.6,2
