weight,alogp,tpsa,hbd
174.01643791200001,-0.4433000000000001,111.9,3
