weight,alogp,tpsa,hbd
557.4312847240899,5.965900000000007,55.839999999999996,0
