weight,alogp,tpsa,hbd
212.083729624,3.268200000000002,40.46,2
