weight,alogp,tpsa,hbd
218.141913196,2.2805999999999997,28.259999999999998,1
