weight,alogp,tpsa,hbd
310.10501506209005,0.9177999999999997,91.29000000000002,1
