weight,alogp,tpsa,hbd
173.998679672,0.8682000000000001,63.6,1
