weight,alogp,tpsa,hbd
306.121571676,0.9883999999999995,95.94,2
