weight,alogp,tpsa,hbd
614.312285532,-8.895300000000018,353.11,13
