weight,alogp,tpsa,hbd
449.278048694,4.324400000000003,131.11,4
