weight,alogp,tpsa,hbd
364.02289152799995,1.4797999999999998,118.77000000000001,2
