weight,alogp,tpsa,hbd
214.15500330009,0.07089999999999996,58.199999999999996,2
