weight,alogp,tpsa,hbd
128.033425368,-1.1350000000000002,105.15,3
