weight,alogp,tpsa,hbd
182.07316494,2.917600000000001,17.07,0
