weight,alogp,tpsa,hbd
578.2628161759999,4.162500000000003,108.55000000000003,1
