weight,alogp,tpsa,hbd
184.07332101008998,-0.19810000000000005,66.75999999999999,2
