weight,alogp,tpsa,hbd
141.1153641,1.0597,20.310000000000002,0
