weight,alogp,tpsa,hbd
223.099714036,3.2162000000000015,29.1,1
