weight,alogp,tpsa,hbd
516.3450892559999,5.666100000000007,104.06,3
