weight,alogp,tpsa,hbd
162.100442308,-2.872599999999999,112.73,5
