weight,alogp,tpsa,hbd
369.12123732799995,1.8757,77.46000000000001,1
