weight,alogp,tpsa,hbd
286.04773803999996,2.282400000000001,111.13000000000001,4
