weight,alogp,tpsa,hbd
494.21519728799984,-0.15109999999999862,159.82,4
