weight,alogp,tpsa,hbd
266.203450832,5.6455000000000055,0.0,0
