weight,alogp,tpsa,hbd
420.36034539599996,5.411800000000007,60.69,3
