weight,alogp,tpsa,hbd
763.1016670739999,-3.3745999999999947,384.37999999999994,10
