weight,alogp,tpsa,hbd
267.096753896,-0.1962800000000004,133.08,2
