weight,alogp,tpsa,hbd
74.990460716,0.7303999999999999,17.07,0
