weight,alogp,tpsa,hbd
313.06750110200005,-3.1447299999999982,181.43,7
