weight,alogp,tpsa,hbd
276.15862588,0.7848700000000004,111.23,5
