weight,alogp,tpsa,hbd
253.081103832,-2.3181000000000007,158.23999999999998,5
