weight,alogp,tpsa,hbd
150.05282342,-2.5822999999999996,90.15,4
