weight,alogp,tpsa,hbd
364.22497412399986,1.8615000000000008,94.83000000000001,3
