weight,alogp,tpsa,hbd
227.090605896,-1.5337999999999996,110.60000000000001,3
