weight,alogp,tpsa,hbd
714.372760548,2.6815000000000033,151.32,2
