weight,alogp,tpsa,hbd
926.6318285439999,18.443899999999974,113.28999999999999,3
