weight,alogp,tpsa,hbd
687.1488784399997,-1.782299999999997,300.0299999999999,9
