weight,alogp,tpsa,hbd
559.0716736759998,-3.282699999999998,291.5199999999999,8
