weight,alogp,tpsa,hbd
116.047344116,0.44019999999999987,54.37,1
