weight,alogp,tpsa,hbd
159.17354767199998,0.05380000000000135,64.07,3
