weight,alogp,tpsa,hbd
200.083729624,3.6685000000000025,30.21,0
