weight,alogp,tpsa,hbd
293.16404560800004,2.9287600000000014,78.29,0
