weight,alogp,tpsa,hbd
348.1572884879999,1.2510999999999999,104.06,3
