weight,alogp,tpsa,hbd
494.32435381199986,1.9575,138.45000000000002,6
