weight,alogp,tpsa,hbd
308.173607248,0.5328000000000004,112.64999999999999,4
