weight,alogp,tpsa,hbd
868.482036224,1.2417000000000133,235.67999999999992,8
