weight,alogp,tpsa,hbd
190.106590308,-1.5279999999999987,133.95999999999998,5
