weight,alogp,tpsa,hbd
892.5353131039999,10.702539999999997,104.25,0
