weight,alogp,tpsa,hbd
148.037173356,-0.7032999999999998,94.83000000000001,3
