weight,alogp,tpsa,hbd
223.048072388,0.2008999999999999,117.69000000000001,3
