weight,alogp,tpsa,hbd
627.9396687999999,-2.6018999999999988,349.09999999999997,9
