weight,alogp,tpsa,hbd
679.243907578,-8.154100000000009,367.83000000000004,13
