weight,alogp,tpsa,hbd
188.032087976,-0.0531999999999998,111.89999999999999,3
