weight,alogp,tpsa,hbd
300.17254462799997,3.5899000000000028,43.370000000000005,0
