weight,alogp,tpsa,hbd
558.3192684319998,3.4993000000000025,138.20000000000002,3
