weight,alogp,tpsa,hbd
304.10189885200003,-3.886999999999997,197.17000000000002,7
