weight,alogp,tpsa,hbd
104.047344116,-0.1580999999999999,57.53,2
