weight,alogp,tpsa,hbd
356.11946349999994,3.159600000000001,68.28999999999999,1
