weight,alogp,tpsa,hbd
88.039853432,-0.7624000000000002,49.33,2
