weight,alogp,tpsa,hbd
434.2104669319999,2.2747000000000006,93.06000000000002,2
