weight,alogp,tpsa,hbd
282.198365452,5.492900000000005,17.07,0
