weight,alogp,tpsa,hbd
422.16218703600015,4.266800000000004,92.50999999999999,2
