weight,alogp,tpsa,hbd
280.240230264,5.718400000000004,37.3,1
