weight,alogp,tpsa,hbd
260.177630008,2.817700000000001,40.46,2
