weight,alogp,tpsa,hbd
81.932171364,-0.9162000000000001,0.0,0
