weight,alogp,tpsa,hbd
104.037448128,0.9532799999999999,36.68,0
