weight,alogp,tpsa,hbd
197.94059782,2.2137000000000002,20.23,1
