weight,alogp,tpsa,hbd
507.9797610499998,-1.9179000000000002,273.0799999999999,7
