weight,alogp,tpsa,hbd
145.969005488,2.993400000000001,0.0,0
