weight,alogp,tpsa,hbd
198.06807956,-0.07069999999999987,40.46,2
