weight,alogp,tpsa,hbd
321.96645313999994,-2.521599999999998,165.89,3
