weight,alogp,tpsa,hbd
111.0320284,0.49279999999999996,53.35000000000001,2
