weight,alogp,tpsa,hbd
157.13274547999998,-0.2060599999999997,97.78,5
