weight,alogp,tpsa,hbd
104.037448128,0.95328,36.68,0
