weight,alogp,tpsa,hbd
162.05282342,-1.5012999999999996,90.15,4
