weight,alogp,tpsa,hbd
714.047565838,-4.460299999999993,341.75,9
