weight,alogp,tpsa,hbd
232.105921612,-0.8404999999999987,129.72,4
