weight,alogp,tpsa,hbd
827.2668567520002,-11.436000000000018,415.98000000000013,16
