weight,alogp,tpsa,hbd
342.11621152399994,-6.010399999999993,200.52999999999997,9
