weight,alogp,tpsa,hbd
199.000764226,-0.8575000000000002,113.29,3
