weight,alogp,tpsa,hbd
141.042593084,-0.3313000000000002,80.39,2
