weight,alogp,tpsa,hbd
394.21440943999994,5.810200000000006,63.6,1
