weight,alogp,tpsa,hbd
255.98890283600002,-2.1459999999999995,150.58999999999997,4
