weight,alogp,tpsa,hbd
421.0747170139999,-4.791599999999993,225.05999999999995,8
