weight,alogp,tpsa,hbd
201.11347283608998,0.7030199999999996,55.68,1
