weight,alogp,tpsa,hbd
256.10994437200003,3.3623000000000016,49.69,2
