weight,alogp,tpsa,hbd
273.06372245200004,2.5454200000000027,100.66999999999999,2
