weight,alogp,tpsa,hbd
151.041547528,-1.3088299999999986,99.20000000000002,4
