weight,alogp,tpsa,hbd
171.064391148,0.09201999999999982,81.19,1
