weight,alogp,tpsa,hbd
204.042258736,1.9491999999999998,77.75999999999999,3
