weight,alogp,tpsa,hbd
397.334464996,5.6550000000000065,23.47,1
