weight,alogp,tpsa,hbd
200.032087976,-1.2562000000000002,115.06,4
