weight,alogp,tpsa,hbd
585.210442692,8.948000000000002,70.42,2
