weight,alogp,tpsa,hbd
486.1519453999999,-6.45199999999999,238.49999999999997,11
