weight,alogp,tpsa,hbd
149.029920224,2.400880000000001,23.79,0
