weight,alogp,tpsa,hbd
177.045964212,-0.06130000000000013,66.4,2
