weight,alogp,tpsa,hbd
158.021523292,-0.32900000000000024,91.66999999999999,2
