weight,alogp,tpsa,hbd
258.01406856200003,-2.8961999999999994,153.75,5
