weight,alogp,tpsa,hbd
280.240230264,5.555700000000005,37.3,1
