weight,alogp,tpsa,hbd
516.130121266,-5.243299999999994,147.02,2
