weight,alogp,tpsa,hbd
349.148514696,-3.8815999999999944,183.6,7
