weight,alogp,tpsa,hbd
148.073558864,-0.5496000000000001,77.76,3
