weight,alogp,tpsa,hbd
388.19982199599997,2.5828000000000007,69.26,1
