weight,alogp,tpsa,hbd
175.024537332,-3.6580999999999992,86.38,2
