weight,alogp,tpsa,hbd
145.073893212,-0.23249999999999993,80.39,2
