weight,alogp,tpsa,hbd
288.208930136,4.167300000000004,34.14,0
