weight,alogp,tpsa,hbd
716.514476686,12.78889999999998,85.22,2
