weight,alogp,tpsa,hbd
648.496504516,9.457900000000002,91.28999999999999,1
