weight,alogp,tpsa,hbd
922.3483962680003,4.515500000000004,364.58,9
