weight,alogp,tpsa,hbd
470.2668389359999,3.352900000000003,96.36,2
