weight,alogp,tpsa,hbd
1048.545424328,-1.9796999999999756,346.06000000000006,13
