weight,alogp,tpsa,hbd
407.303558792,3.2479000000000022,69.99999999999999,2
