weight,alogp,tpsa,hbd
291.095416504,-3.066599999999998,156.55,6
