weight,alogp,tpsa,hbd
256.08156358809003,-1.7162,111.10000000000001,4
