weight,alogp,tpsa,hbd
138.031694052,0.9103000000000003,57.53,2
