weight,alogp,tpsa,hbd
103.063328528,-0.19009999999999982,63.31999999999999,2
