weight,alogp,tpsa,hbd
462.0798260159998,-0.15220000000000017,207.35,7
