weight,alogp,tpsa,hbd
291.21982916800005,3.4720000000000013,41.49,2
