weight,alogp,tpsa,hbd
241.03513835400003,-0.3859000000000001,117.31000000000002,2
