weight,alogp,tpsa,hbd
206.066462104,-2.954799999999999,119.25,5
