weight,alogp,tpsa,hbd
297.225211676,6.748000000000006,17.07,0
