weight,alogp,tpsa,hbd
358.1416384239999,1.2238999999999995,107.22000000000001,4
