weight,alogp,tpsa,hbd
309.9854844639999,-2.5041000000000007,191.04999999999995,6
