weight,alogp,tpsa,hbd
290.137890436,1.2575999999999998,105.51,2
