weight,alogp,tpsa,hbd
648.2493273059998,-7.201000000000008,353.39,12
