weight,alogp,tpsa,hbd
728.0632159019999,-4.151879999999992,341.75,9
