weight,alogp,tpsa,hbd
160.100048384,1.6690999999999994,41.81,2
