weight,alogp,tpsa,hbd
59.073499287999994,0.17779999999999996,3.24,0
