weight,alogp,tpsa,hbd
372.9490753339999,-1.6743000000000006,209.51,6
