weight,alogp,tpsa,hbd
177.063722452,-1.3759999999999994,120.85,4
