weight,alogp,tpsa,hbd
455.0355682319999,-3.9670999999999976,242.12999999999997,8
