weight,alogp,tpsa,hbd
145.015522808,-0.31059999999999993,90.71,2
