weight,alogp,tpsa,hbd
444.15326572799995,-0.3475999999999987,181.61999999999998,6
