weight,alogp,tpsa,hbd
194.105527688,0.9694999999999998,62.22,2
