weight,alogp,tpsa,hbd
541.91309724,0.4160000000000004,261.46999999999997,5
