weight,alogp,tpsa,hbd
288.17254462799997,2.5800000000000023,60.69,3
