weight,alogp,tpsa,hbd
241.07303768399998,0.8181199999999997,71.43,2
