weight,alogp,tpsa,hbd
380.02499614000004,5.801400000000004,27.05,0
