weight,alogp,tpsa,hbd
189.063722452,-0.7776999999999994,117.69,3
