weight,alogp,tpsa,hbd
308.04095200599994,-1.7057000000000007,151.07999999999998,4
