weight,alogp,tpsa,hbd
1183.4877528379998,0.4154999999999994,436.24,9
