weight,alogp,tpsa,hbd
352.1543346040899,3.384800000000003,40.8,0
