weight,alogp,tpsa,hbd
259.04570303800006,-3.137999999999999,162.70000000000002,6
