weight,alogp,tpsa,hbd
105.078978592,-1.4394,52.489999999999995,3
