weight,alogp,tpsa,hbd
354.09508215599993,-1.0197,138.82000000000002,4
