weight,alogp,tpsa,hbd
616.1772930039999,4.738540000000004,109.18,2
