weight,alogp,tpsa,hbd
836.1492487419999,-0.7315999999999967,363.62999999999994,9
