weight,alogp,tpsa,hbd
498.2981390639999,4.744900000000006,100.9,2
