weight,alogp,tpsa,hbd
375.06577325199993,-1.301499999999999,166.10999999999999,5
