weight,alogp,tpsa,hbd
286.032792626,-2.8377999999999997,165.78,6
