weight,alogp,tpsa,hbd
733.4612412039999,1.785600000000005,193.90999999999997,5
