weight,alogp,tpsa,hbd
594.09889676,-3.852599999999994,272.45,7
