weight,alogp,tpsa,hbd
247.978813256,5.2051000000000025,0.0,0
