weight,alogp,tpsa,hbd
338.19942807199993,3.112300000000002,32.78,0
