weight,alogp,tpsa,hbd
244.073558864,2.6794000000000002,80.92,4
