weight,alogp,tpsa,hbd
703.45067652,2.0166000000000026,184.67999999999998,5
