weight,alogp,tpsa,hbd
416.32904526799996,5.704700000000009,60.69,3
