weight,alogp,tpsa,hbd
234.148061196,0.6796699999999998,91.0,4
