weight,alogp,tpsa,hbd
122.07316494,1.48732,20.23,1
