weight,alogp,tpsa,hbd
848.05895528809,-4.748599999999992,414.0,11
