weight,alogp,tpsa,hbd
176.032087976,-2.806599999999999,104.05999999999999,3
