weight,alogp,tpsa,hbd
552.433116412,11.742699999999985,20.23,1
