weight,alogp,tpsa,hbd
305.199093724,3.7896000000000027,58.559999999999995,2
