weight,alogp,tpsa,hbd
891.2040239659998,0.8012000000000026,363.63,9
