weight,alogp,tpsa,hbd
170.0579088,1.0481999999999998,74.6,2
