weight,alogp,tpsa,hbd
427.0198992779998,-2.035899999999999,229.43999999999994,5
