weight,alogp,tpsa,hbd
426.1737211080005,-5.514699999999997,234.83999999999997,8
