weight,alogp,tpsa,hbd
170.130679816,1.6421999999999999,40.46,2
