weight,alogp,tpsa,hbd
179.055563072,-2.732799999999999,99.38000000000001,4
