weight,alogp,tpsa,hbd
225.136493468,1.5192999999999997,72.72,4
