weight,alogp,tpsa,hbd
344.0896028519999,2.8970000000000002,98.36000000000001,2
