weight,alogp,tpsa,hbd
1364.6446431039997,-7.515200000000033,541.9700000000001,20
