weight,alogp,tpsa,hbd
560.422945652,10.97379999999999,43.370000000000005,0
