weight,alogp,tpsa,hbd
227.01948829,-1.1856000000000007,147.15,4
