weight,alogp,tpsa,hbd
135.053157768,-2.2468999999999992,103.78,4
