weight,alogp,tpsa,hbd
347.13688739199995,0.40649999999999964,72.92000000000002,1
