weight,alogp,tpsa,hbd
304.20384475599997,2.8516000000000017,57.53,2
