weight,alogp,tpsa,hbd
165.042593084,1.7974,60.209999999999994,0
