weight,alogp,tpsa,hbd
59.013304336000004,-0.9470000000000001,37.3,1
