weight,alogp,tpsa,hbd
534.2101119079998,0.19569999999999976,165.89,3
