weight,alogp,tpsa,hbd
300.13615912,3.7768000000000024,52.6,0
