weight,alogp,tpsa,hbd
176.032087976,-2.0834999999999995,96.22,3
