weight,alogp,tpsa,hbd
298.95559465200006,1.7004999999999997,70.0,2
