weight,alogp,tpsa,hbd
352.21507813599993,4.364400000000003,41.57000000000001,1
