weight,alogp,tpsa,hbd
175.98763632,0.5092000000000001,63.6,1
