weight,alogp,tpsa,hbd
42.021798063999995,-0.57382,49.81,1
