weight,alogp,tpsa,hbd
760.1176378879998,-3.8973999999999913,342.0699999999999,9
