weight,alogp,tpsa,hbd
154.135765196,2.3596000000000004,20.23,1
