weight,alogp,tpsa,hbd
466.9895974619998,-1.1828000000000007,250.18999999999994,6
