weight,alogp,tpsa,hbd
212.1412445,2.2045000000000003,57.53,2
