weight,alogp,tpsa,hbd
130.026608672,0.10189999999999988,74.6,2
