weight,alogp,tpsa,hbd
196.073558864,1.6421000000000001,77.75999999999999,3
