weight,alogp,tpsa,hbd
383.14276061999993,-5.253399999999992,198.39999999999998,8
