weight,alogp,tpsa,hbd
651.1567459839998,-3.7434999999999925,298.46999999999997,8
