weight,alogp,tpsa,hbd
257.15752604,4.590600000000005,34.14,0
