weight,alogp,tpsa,hbd
787.1727846799997,-1.7502599999999964,363.2799999999999,11
