weight,alogp,tpsa,hbd
291.18344366,2.1800999999999995,49.769999999999996,1
