weight,alogp,tpsa,hbd
368.173607248,2.5687000000000006,83.57999999999998,3
