weight,alogp,tpsa,hbd
134.059246192,-1.2706000000000004,50.5,0
