weight,alogp,tpsa,hbd
260.06847348400004,2.864820000000001,61.81,0
