weight,alogp,tpsa,hbd
272.046692484,-0.8693999999999988,109.92999999999999,2
