weight,alogp,tpsa,hbd
381.9994675199999,1.4640000000000004,174.73,5
