weight,alogp,tpsa,hbd
339.99604914799994,-3.6006,214.43999999999997,8
