weight,alogp,tpsa,hbd
306.169190564,0.6113700000000009,117.30000000000001,4
