weight,alogp,tpsa,hbd
381.26441000999995,4.265200000000005,113.01000000000002,4
