weight,alogp,tpsa,hbd
134.0579088,-0.7972000000000001,77.75999999999999,3
