weight,alogp,tpsa,hbd
295.016683952,4.743620000000003,49.33,2
