weight,alogp,tpsa,hbd
178.095356928,-3.901799999999999,132.96,6
