weight,alogp,tpsa,hbd
176.068473484,-0.21130000000000032,94.83,3
