weight,alogp,tpsa,hbd
182.979849828,-0.4310999999999998,63.31999999999999,2
