weight,alogp,tpsa,hbd
77.987242396,0.4240999999999999,17.07,0
