weight,alogp,tpsa,hbd
340.10056145999994,-4.4199999999999955,167.53,6
