weight,alogp,tpsa,hbd
138.042927432,1.1769999999999998,69.16,1
