weight,alogp,tpsa,hbd
449.277737968,2.6092000000000004,93.14,1
