weight,alogp,tpsa,hbd
164.033425368,-1.0420000000000003,91.5,2
