weight,alogp,tpsa,hbd
179.974484792,0.9672000000000001,40.46,2
