weight,alogp,tpsa,hbd
82.053098192,0.7181200000000001,28.68,1
