weight,alogp,tpsa,hbd
169.998024574,-1.3429000000000002,104.06,3
