weight,alogp,tpsa,hbd
252.11571551199998,0.5973999999999994,88.88999999999999,3
