weight,alogp,tpsa,hbd
188.092282928,-1.112899999999999,66.43,0
