weight,alogp,tpsa,hbd
495.17003798799993,-6.021099999999992,245.59999999999997,9
