weight,alogp,tpsa,hbd
213.003838226,-1.5756999999999999,147.15,4
