weight,alogp,tpsa,hbd
330.03606695800005,2.1217999999999995,71.06,0
