weight,alogp,tpsa,hbd
348.1572884879999,2.7730000000000006,108.74000000000001,2
