weight,alogp,tpsa,hbd
423.0327588719999,-2.1888999999999976,183.17999999999998,5
