weight,alogp,tpsa,hbd
346.21440943999994,2.8092000000000015,74.60000000000001,2
