weight,alogp,tpsa,hbd
324.183778008,3.1732000000000014,45.59000000000001,1
