weight,alogp,tpsa,hbd
272.068473484,2.405100000000001,97.99000000000001,4
