weight,alogp,tpsa,hbd
154.135765196,2.1935000000000002,20.23,1
