weight,alogp,tpsa,hbd
128.058577496,-0.29791999999999996,87.11,2
