weight,alogp,tpsa,hbd
391.17835828000005,4.411120000000003,59.75,0
