weight,alogp,tpsa,hbd
815.095244302,-5.184899999999991,394.21,10
