weight,alogp,tpsa,hbd
336.1473924999999,2.8279000000000005,73.4,2
