weight,alogp,tpsa,hbd
131.058243148,-0.40280000000000027,66.4,2
