weight,alogp,tpsa,hbd
655.4156284039998,0.38120000000000953,203.46999999999994,6
