weight,alogp,tpsa,hbd
200.00858925800003,-1.9836000000000003,124.28999999999999,4
