weight,alogp,tpsa,hbd
295.10558726400006,-0.6534000000000002,115.17000000000002,5
