weight,alogp,tpsa,hbd
143.040484908,0.9863200000000001,33.120000000000005,1
