weight,alogp,tpsa,hbd
319.016683952,4.796300000000002,49.66,1
