weight,alogp,tpsa,hbd
182.09160894,0.06889999999999996,99.73,2
