weight,alogp,tpsa,hbd
391.0291042139999,-2.1649999999999996,206.05999999999995,5
