weight,alogp,tpsa,hbd
428.01343052799984,-1.7124000000000001,226.28999999999996,6
