weight,alogp,tpsa,hbd
1571.6461592239991,-11.688600000000013,725.2000000000003,27
