weight,alogp,tpsa,hbd
89.047678464,-0.5802,63.31999999999999,2
