weight,alogp,tpsa,hbd
160.084792244,-1.0754999999999997,92.41999999999999,3
