weight,alogp,tpsa,hbd
282.095082156,-4.118999999999999,149.07,6
