weight,alogp,tpsa,hbd
350.05151668999997,-1.6057299999999994,182.53,6
