weight,alogp,tpsa,hbd
329.15868545600006,-1.7526999999999964,142.19,4
