weight,alogp,tpsa,hbd
220.082112168,-2.5890000000000004,108.25,4
