weight,alogp,tpsa,hbd
269.030052974,-1.0081999999999995,150.23,4
