weight,alogp,tpsa,hbd
499.92871019199976,-3.3666000000000005,307.49999999999994,10
