weight,alogp,tpsa,hbd
402.349780712,6.647600000000008,37.3,1
