weight,alogp,tpsa,hbd
296.177630008,4.029500000000003,34.14,0
