weight,alogp,tpsa,hbd
654.2689641760002,6.557040000000005,206.55999999999995,6
