weight,alogp,tpsa,hbd
240.063388104,-0.021800000000000153,111.89999999999999,3
