weight,alogp,tpsa,hbd
346.21440943999994,2.666700000000001,74.6,2
