weight,alogp,tpsa,hbd
137.084063972,1.4118999999999997,46.25,2
