weight,alogp,tpsa,hbd
506.9957454619998,-1.3065000000000002,278.86999999999995,7
