weight,alogp,tpsa,hbd
1015.5073617880005,-4.334999999999994,395.03000000000003,15
