weight,alogp,tpsa,hbd
169.085126592,-0.3751999999999999,78.00999999999999,3
