weight,alogp,tpsa,hbd
499.2967591599999,3.3973000000000013,123.93,4
