weight,alogp,tpsa,hbd
483.96852766999984,-2.5009,264.36999999999995,7
