weight,alogp,tpsa,hbd
128.047344116,0.6063000000000001,54.37,1
