weight,alogp,tpsa,hbd
154.135765196,2.6698000000000013,20.23,1
