weight,alogp,tpsa,hbd
340.07943209199993,-1.3227000000000004,149.82,5
