weight,alogp,tpsa,hbd
758.2345103160001,3.942800000000002,146.93,4
