weight,alogp,tpsa,hbd
492.33227533809,5.071900000000005,105.09,3
