weight,alogp,tpsa,hbd
88.016043988,-0.34000000000000014,54.37,1
