weight,alogp,tpsa,hbd
452.2675076319999,5.219900000000004,78.87,2
