weight,alogp,tpsa,hbd
433.94363823972986,-10.507700000000003,281.24,2
