weight,alogp,tpsa,hbd
214.04773804,0.5029999999999998,111.9,3
