weight,alogp,tpsa,hbd
215.080709908,1.5579999999999998,79.63000000000001,2
