weight,alogp,tpsa,hbd
180.063388104,-2.465499999999999,118.22000000000001,5
