weight,alogp,tpsa,hbd
317.05118234199995,-3.9881999999999986,186.01,7
