weight,alogp,tpsa,hbd
221.06612775600001,-2.161999999999999,105.45000000000002,3
