weight,alogp,tpsa,hbd
178.04773804,-2.2556999999999987,115.06000000000002,4
