weight,alogp,tpsa,hbd
320.12846862400005,0.6633,87.46000000000001,2
