weight,alogp,tpsa,hbd
118.07422756,-1.2528999999999988,89.34,3
