weight,alogp,tpsa,hbd
352.0641759519999,-4.058199999999996,203.44,7
