weight,alogp,tpsa,hbd
865.1883739019999,0.24500000000000277,363.63,9
