weight,alogp,tpsa,hbd
364.1481803479999,-3.0754999999999937,174.64999999999998,6
