weight,alogp,tpsa,hbd
263.167399672,3.8264000000000022,12.03,1
