weight,alogp,tpsa,hbd
666.2218583639999,-9.748800000000012,347.83000000000004,14
