weight,alogp,tpsa,hbd
172.019415116,1.24172,54.37,1
