weight,alogp,tpsa,hbd
488.1073309119999,-2.2304999999999966,215.71999999999997,4
