weight,alogp,tpsa,hbd
326.12129690399996,-4.369599999999994,169.29999999999998,7
