weight,alogp,tpsa,hbd
270.02451756,1.2295200000000002,97.97,2
