weight,alogp,tpsa,hbd
744.08272877809,-2.8988999999999967,364.79,9
