weight,alogp,tpsa,hbd
140.083729624,0.6143999999999998,40.46,2
