weight,alogp,tpsa,hbd
800.4922069840002,1.1198000000000046,239.21999999999994,10
