weight,alogp,tpsa,hbd
891.1676384579999,-0.8640999999999959,383.85999999999996,10
