weight,alogp,tpsa,hbd
822.1335986779998,-0.9775999999999958,363.63,9
