weight,alogp,tpsa,hbd
336.13953024799997,4.114400000000003,63.6,1
