weight,alogp,tpsa,hbd
1187.6563611600002,-3.955260000000032,468.89999999999986,16
