weight,alogp,tpsa,hbd
252.095750852,-2.6472999999999987,137.81,4
