weight,alogp,tpsa,hbd
665.3047405639999,0.11970000000000275,230.99,7
