weight,alogp,tpsa,hbd
113.058911844,-1.0172300000000003,56.190000000000005,2
