weight,alogp,tpsa,hbd
120.057514876,1.80752,17.07,0
