weight,alogp,tpsa,hbd
365.104541708,-0.3797999999999997,144.23000000000002,3
