weight,alogp,tpsa,hbd
158.06914218,-1.1700999999999993,106.41,3
