weight,alogp,tpsa,hbd
381.08485182,2.787120000000002,164.47,7
