weight,alogp,tpsa,hbd
360.193673996,1.8457000000000001,91.67000000000002,2
