weight,alogp,tpsa,hbd
173.12044948,2.405500000000001,3.24,0
