weight,alogp,tpsa,hbd
834.1335986779999,-0.8821999999999963,363.62999999999994,9
