weight,alogp,tpsa,hbd
635.0097001639999,-0.4291000000000007,272.72999999999996,6
