weight,alogp,tpsa,hbd
540.46950192,13.385999999999973,0.0,0
