weight,alogp,tpsa,hbd
244.069536104,-2.8518999999999997,124.78,4
