weight,alogp,tpsa,hbd
1396.7953841839997,12.94409999999997,330.51,11
