weight,alogp,tpsa,hbd
414.0733011559999,-0.887899999999999,167.38,3
