weight,alogp,tpsa,hbd
508.0019223759998,0.09530000000000005,236.94999999999993,3
