weight,alogp,tpsa,hbd
682.9944440239999,-3.516699999999997,333.42,9
