weight,alogp,tpsa,hbd
73.0289544,0.42869999999999997,37.3,1
