weight,alogp,tpsa,hbd
584.2832768479998,-1.5149999999999944,206.59999999999997,8
