weight,alogp,tpsa,hbd
719.03385021173,-4.535499999999994,304.56,3
