weight,alogp,tpsa,hbd
472.20971798399984,4.2020000000000035,112.27,1
