weight,alogp,tpsa,hbd
315.084848256,5.188000000000004,3.24,0
