weight,alogp,tpsa,hbd
45.057849223999995,-0.03499999999999981,26.02,1
