weight,alogp,tpsa,hbd
128.00289246,2.0456000000000003,20.23,1
