weight,alogp,tpsa,hbd
488.1631923779999,-5.882659999999993,310.17,13
