weight,alogp,tpsa,hbd
584.2273972039999,4.360240000000003,109.18,2
