weight,alogp,tpsa,hbd
275.152143532,1.8884,49.769999999999996,1
