weight,alogp,tpsa,hbd
211.95502723973,0.09817999999999998,142.73999999999998,0
