weight,alogp,tpsa,hbd
505.22465683999997,2.402800000000001,131.19,3
