weight,alogp,tpsa,hbd
203.066796452,-1.7452999999999994,129.72,4
