weight,alogp,tpsa,hbd
160.052429496,2.251000000000001,40.46,2
