weight,alogp,tpsa,hbd
75.998285748,0.46269999999999994,17.07,1
