weight,alogp,tpsa,hbd
382.0859740159999,-2.785999999999997,208.79999999999998,3
