weight,alogp,tpsa,hbd
153.065059844,-0.7907000000000002,106.92,3
