weight,alogp,tpsa,hbd
384.1267762079999,-4.826399999999992,195.59999999999997,7
