weight,alogp,tpsa,hbd
150.01643791200001,-2.1225999999999994,115.06,4
