weight,alogp,tpsa,hbd
126.042927432,0.036800000000000166,65.97999999999999,2
