weight,alogp,tpsa,hbd
880.438942588,-6.7653000000000185,402.01000000000005,14
