weight,alogp,tpsa,hbd
212.032087976,0.27899999999999997,111.9,3
