weight,alogp,tpsa,hbd
1044.8873621920002,22.467700000000015,52.6,0
