weight,alogp,tpsa,hbd
315.08631462009,3.5149000000000026,90.45000000000002,3
