weight,alogp,tpsa,hbd
350.2093240599999,3.4593000000000016,91.66999999999999,2
