weight,alogp,tpsa,hbd
419.055146904,3.700400000000002,85.08,1
