weight,alogp,tpsa,hbd
901.151988394,-0.25629999999999575,372.85999999999996,9
