weight,alogp,tpsa,hbd
280.193948768,3.8750000000000027,6.48,0
