weight,alogp,tpsa,hbd
294.17321332399996,3.164600000000002,36.36,1
