weight,alogp,tpsa,hbd
237.086189212,-1.2905000000000009,138.01,4
