weight,alogp,tpsa,hbd
281.11240396,-0.9422000000000001,128.54,3
