weight,alogp,tpsa,hbd
387.219829168,5.701700000000007,32.7,1
