weight,alogp,tpsa,hbd
87.0320284,-0.7571000000000001,63.32,2
