weight,alogp,tpsa,hbd
870.006125612,-4.4375999999999935,461.81,12
