weight,alogp,tpsa,hbd
335.0630844179999,-2.318799999999999,203.37999999999997,7
