weight,alogp,tpsa,hbd
386.02675991200005,5.026200000000002,15.6,0
