weight,alogp,tpsa,hbd
301.056267722,-2.9605999999999995,165.77999999999997,6
