weight,alogp,tpsa,hbd
767.3857069140001,2.025500000000004,212.50999999999996,4
