weight,alogp,tpsa,hbd
139.98745989,-0.7513000000000001,94.83000000000001,3
