weight,alogp,tpsa,hbd
208.00078784800002,-0.23140000000000027,100.9,2
