weight,alogp,tpsa,hbd
362.2093240599999,2.0697000000000005,91.66999999999999,2
