weight,alogp,tpsa,hbd
747.4768912679999,2.4397000000000038,182.91,4
