weight,alogp,tpsa,hbd
522.2101119079998,-0.3179999999999983,165.89,3
