weight,alogp,tpsa,hbd
254.126657056,-0.1879000000000003,93.80999999999999,3
