weight,alogp,tpsa,hbd
121.019749464,-0.6718999999999997,63.32,3
