weight,alogp,tpsa,hbd
42.010564684,-0.23260000000000003,12.53,0
