weight,alogp,tpsa,hbd
433.8512047359999,1.5894000000000006,77.76,3
