weight,alogp,tpsa,hbd
271.19361442,3.4581000000000026,29.1,1
