weight,alogp,tpsa,hbd
164.07397610809,-0.33369999999999944,63.32,2
