weight,alogp,tpsa,hbd
246.09237616,2.8058000000000005,24.39,1
