weight,alogp,tpsa,hbd
564.31004114,5.485500000000005,82.52000000000001,3
