weight,alogp,tpsa,hbd
193.073893212,0.10442000000000001,73.32,3
