weight,alogp,tpsa,hbd
44.026214748,-0.17830000000000001,20.23,1
