weight,alogp,tpsa,hbd
304.16477388,0.9579999999999997,118.95000000000002,3
