weight,alogp,tpsa,hbd
146.021523292,-0.7683000000000002,86.99000000000001,3
