weight,alogp,tpsa,hbd
552.433116412,11.816999999999984,9.23,0
