weight,alogp,tpsa,hbd
157.068711036,2.8470000000000013,17.07,0
