weight,alogp,tpsa,hbd
324.10294084400005,3.934000000000003,32.67,0
