weight,alogp,tpsa,hbd
174.07931294,2.1704,48.379999999999995,2
