weight,alogp,tpsa,hbd
132.053492116,-1.7262999999999993,106.41000000000001,3
