weight,alogp,tpsa,hbd
350.039251352,-2.261429999999999,224.51999999999998,8
