weight,alogp,tpsa,hbd
457.207366964,-1.0966999999999965,171.88,5
