weight,alogp,tpsa,hbd
331.141972772,1.3316999999999999,60.390000000000015,1
