weight,alogp,tpsa,hbd
210.08817697,-1.06803,131.46,6
