weight,alogp,tpsa,hbd
358.14163842399995,3.1902000000000017,77.38000000000001,2
