weight,alogp,tpsa,hbd
74.048012812,-1.0037999999999998,55.120000000000005,2
