weight,alogp,tpsa,hbd
1048.5090388200001,-3.4772999999999765,366.2900000000001,14
