weight,alogp,tpsa,hbd
208.052429496,2.7326000000000006,34.14,0
