weight,alogp,tpsa,hbd
206.06914218,0.14269999999999977,78.43,3
