weight,alogp,tpsa,hbd
138.06807956,0.9269999999999996,40.46,2
