weight,alogp,tpsa,hbd
363.05799903799993,-2.569699999999999,206.03999999999996,6
