weight,alogp,tpsa,hbd
338.06275006999994,-2.7072999999999996,203.37999999999997,6
