weight,alogp,tpsa,hbd
444.1056468399999,0.28819999999999957,159.81999999999996,4
