weight,alogp,tpsa,hbd
311.152143532,2.424500000000001,30.930000000000003,0
