weight,alogp,tpsa,hbd
788.2936806200003,-8.82880000000002,363.44,13
