weight,alogp,tpsa,hbd
543.110153762,-4.776899999999993,293.81,9
