weight,alogp,tpsa,hbd
267.067762276,1.67444,98.22,2
