weight,alogp,tpsa,hbd
352.2249741239999,4.020100000000003,75.99000000000001,2
