weight,alogp,tpsa,hbd
317.25874009609,2.8465000000000007,23.47,1
