weight,alogp,tpsa,hbd
104.047344116,-0.15810000000000002,57.53,2
