weight,alogp,tpsa,hbd
219.969399412,2.4568000000000003,46.53,1
