weight,alogp,tpsa,hbd
215.05587379800002,-1.5680999999999996,122.24000000000001,4
