weight,alogp,tpsa,hbd
103.063328528,-0.32110000000000016,49.33,2
