weight,alogp,tpsa,hbd
748.4397774880001,3.7293000000000016,192.44,6
