weight,alogp,tpsa,hbd
366.05766468999997,-2.721199999999999,206.45999999999995,6
