weight,alogp,tpsa,hbd
460.1481803479999,-1.243599999999999,201.85,7
