weight,alogp,tpsa,hbd
287.05501449209,2.9089000000000014,112.45000000000002,5
