weight,alogp,tpsa,hbd
466.1263822839999,3.3919000000000015,134.91000000000003,4
