weight,alogp,tpsa,hbd
173.080041212,-1.0966299999999993,116.27000000000001,4
