weight,alogp,tpsa,hbd
45.021463716,-0.8985000000000001,43.09,1
