weight,alogp,tpsa,hbd
231.141875976,3.6022000000000025,37.3,1
