weight,alogp,tpsa,hbd
260.188863388,2.850740000000001,44.620000000000005,2
