weight,alogp,tpsa,hbd
338.05151668999997,-1.7612999999999994,171.57000000000002,5
