weight,alogp,tpsa,hbd
611.1606613320898,-2.1449000000000007,270.74999999999994,11
