weight,alogp,tpsa,hbd
382.1892573119999,2.0198000000000005,62.24000000000001,1
