weight,alogp,tpsa,hbd
533.0811757399998,-2.4479999999999973,262.5799999999999,7
