weight,alogp,tpsa,hbd
306.21949481999997,3.543100000000003,46.53,1
