weight,alogp,tpsa,hbd
201.078978592,2.3469999999999995,66.48,3
