weight,alogp,tpsa,hbd
513.2335817119999,-0.6162999999999959,163.95999999999998,4
