weight,alogp,tpsa,hbd
146.0579088,0.7159999999999999,74.6,2
