weight,alogp,tpsa,hbd
134.046670128,0.22909999999999975,66.49,2
