weight,alogp,tpsa,hbd
473.11969274408995,-1.5300999999999974,203.65999999999997,5
