weight,alogp,tpsa,hbd
198.12370317209,0.11159999999999975,65.97999999999999,2
