weight,alogp,tpsa,hbd
244.08163851199998,1.04522,52.74,3
