weight,alogp,tpsa,hbd
356.232700272,7.263500000000006,17.07,0
