weight,alogp,tpsa,hbd
314.2245802,5.735800000000005,29.46,1
