weight,alogp,tpsa,hbd
264.183778008,0.8424999999999996,43.78,1
