weight,alogp,tpsa,hbd
205.073893212,1.1558999999999993,73.32,3
